Settings:,,
Use KPA,0,
KP,0.1,
KI,5e-05,
KD,0,
Traj Follow Error Threshold,2.9,
Filter alpha,0,
Sensor offset,0.11,
Pressure Read Delay,15,
Interpolation Calculation Delay,30,
Controller Delay,30,
"Traj times","0.00, 100.00, 2000.00, 2100.00, 4000.00, ",""
"Traj pressures","0.00, 5.80, 5.80, 0.00, 0.00, ",""
time,pressure,error,integral,cycle_start
0,0.06,0,0,0
0.016,0.06,-0.06,-0.21,0
0.032,0.06,1.74,-0.19,0
0.048,0.06,1.74,-0.19,0
0.064,0.06,1.74,-0.13,0
0.08,0.06,1.74,-0.13,0
0.096,0.06,3.54,-0.05,0
0.112,0.06,3.54,-0.05,0
0.128,0.06,5.34,0.08,0
0.144,0.06,5.34,0.08,0
0.16,0.24,5.74,0.25,0
0.176,0.24,5.74,0.25,0
0.192,0.42,5.56,0.42,0
0.208,0.79,5.56,0.42,0
0.224,0.79,5.01,0.57,0
0.24,0.97,5.01,0.57,0
0.256,0.97,4.83,0.72,0
0.272,0.97,4.83,0.72,0
0.288,0.97,4.83,0.87,0
0.304,1.15,4.83,1.01,0
0.32,1.15,4.83,1.01,0
0.336,1.15,4.65,1.15,0
0.352,1.34,4.65,1.15,0
0.368,1.34,4.46,1.29,0
0.384,1.34,4.46,1.29,0
0.4,1.52,4.46,1.42,0
0.416,1.52,4.46,1.42,0
0.432,1.52,4.28,1.56,0
0.448,1.7,4.28,1.56,0
0.464,1.7,4.1,1.68,0
0.48,1.7,4.1,1.68,0
0.496,1.7,4.1,1.8,0
0.512,1.7,4.1,1.8,0
0.528,1.89,4.1,1.93,0
0.544,1.89,3.91,2.05,0
0.56,1.89,3.91,2.05,0
0.576,1.89,3.91,2.16,0
0.592,1.89,3.91,2.16,0
0.608,2.07,3.91,2.28,0
0.624,2.07,3.91,2.28,0
0.64,2.07,3.73,2.4,0
0.656,2.07,3.73,2.4,0
0.672,2.07,3.73,2.51,0
0.688,2.25,3.73,2.51,0
0.704,2.25,3.55,2.62,0
0.72,2.25,3.55,2.62,0
0.736,2.25,3.55,2.72,0
0.752,2.25,3.55,2.72,0
0.768,2.25,3.55,2.83,0
0.784,2.44,3.55,2.94,0
0.8,2.44,3.55,2.94,0
0.816,2.44,3.36,3.04,0
0.832,2.44,3.36,3.04,0
0.848,2.62,3.36,3.14,0
0.864,2.62,3.36,3.14,0
0.88,2.62,3.18,3.24,0
0.896,2.62,3.18,3.24,0
0.912,2.8,3.18,3.34,0
0.928,2.8,3.18,3.34,0
0.944,2.8,3,3.43,0
0.96,2.8,3,3.43,0
0.976,2.8,3,3.52,0
0.992,2.8,3,3.52,0
1.008,2.8,3,3.61,0
1.024,2.8,3,3.61,0
1.04,2.99,3,3.7,0
1.056,2.99,2.81,3.79,0
1.072,2.99,2.81,3.79,0
1.088,2.99,2.81,3.87,0
1.104,2.99,2.81,3.87,0
1.12,2.99,2.81,3.96,0
1.136,2.99,2.81,3.96,0
1.152,3.17,2.81,4.04,0
1.168,3.17,2.81,4.04,0
1.184,3.17,2.63,4.13,0
1.2,3.17,2.63,4.13,0
1.216,3.17,2.63,4.2,0
1.232,3.17,2.63,4.2,0
1.248,3.17,2.63,4.28,0
1.264,3.17,2.63,4.28,0
1.28,3.17,2.63,4.36,0
1.296,3.35,2.63,4.44,0
1.312,3.35,2.63,4.44,0
1.328,3.35,2.45,4.52,0
1.344,3.35,2.45,4.52,0
1.36,3.35,2.45,4.59,0
1.376,3.35,2.45,4.59,0
1.392,3.54,2.45,4.66,0
1.408,3.35,2.45,4.66,0
1.424,3.35,2.45,4.74,0
1.44,3.54,2.45,4.74,0
1.456,3.54,2.26,4.81,0
1.472,3.54,2.26,4.81,0
1.488,3.54,2.26,4.88,0
1.504,3.54,2.26,4.88,0
1.52,3.54,2.26,4.95,0
1.536,3.54,2.26,5.01,0
1.552,3.54,2.26,5.01,0
1.568,3.54,2.26,5.08,0
1.584,3.72,2.26,5.08,0
1.6,3.72,2.08,5.15,0
1.616,3.72,2.08,5.15,0
1.632,3.72,2.08,5.21,0
1.648,3.72,2.08,5.21,0
1.664,3.72,2.08,5.27,0
1.68,3.72,2.08,5.27,0
1.696,3.72,2.08,5.33,0
1.712,3.9,2.08,5.33,0
1.728,3.9,1.9,5.39,0
1.744,3.72,1.9,5.39,0
1.76,3.72,2.08,5.45,0
1.776,3.9,2.08,5.45,0
1.792,3.9,1.9,5.51,0
1.808,3.9,1.9,5.57,0
1.824,3.9,1.9,5.57,0
1.84,3.9,1.9,5.63,0
1.856,3.9,1.9,5.63,0
1.872,3.9,1.9,5.69,0
1.888,3.9,1.9,5.69,0
1.904,3.9,1.9,5.74,0
1.92,3.9,1.9,5.74,0
1.936,3.9,1.9,5.8,0
1.952,3.9,1.9,5.8,0
1.968,3.9,1.9,5.86,0
1.984,3.9,1.9,5.86,0
2,3.9,1.9,5.91,0
2.016,3.9,1.9,5.91,0
2.032,4.09,0.91,5.96,0
2.048,4.09,0.91,5.96,0
2.064,3.9,-1.07,5.95,0
2.08,3.9,-2.69,5.9,0
2.096,3.9,-2.69,5.9,0
2.112,3.9,-2.69,5.82,0
2.128,3.9,-2.69,5.82,0
2.144,3.9,-3.9,5.72,0
2.16,3.9,-3.9,5.72,0
2.176,3.9,-3.9,5.6,0
2.192,3.9,-3.9,5.6,0
2.208,3.9,-3.9,5.48,0
2.224,3.9,-3.9,5.48,0
2.24,3.9,-3.9,5.37,0
2.256,3.72,-3.9,5.37,0
2.272,3.9,-3.72,5.25,0
2.288,3.72,-3.72,5.25,0
2.304,3.72,-3.72,5.14,0
2.32,3.72,-3.72,5.03,0
2.336,3.72,-3.72,5.03,0
2.352,3.72,-3.72,4.92,0
2.368,3.72,-3.72,4.92,0
2.384,3.72,-3.72,4.81,0
2.4,3.72,-3.72,4.81,0
2.416,3.54,-3.72,4.69,0
2.432,3.54,-3.72,4.69,0
2.448,3.54,-3.54,4.58,0
2.464,3.54,-3.54,4.58,0
2.48,3.54,-3.54,4.48,0
2.496,3.54,-3.54,4.48,0
2.512,3.54,-3.54,4.37,0
2.528,3.54,-3.54,4.37,0
2.544,3.54,-3.54,4.26,0
2.56,3.35,-3.54,4.16,0
2.576,3.35,-3.54,4.16,0
2.592,3.35,-3.35,4.05,0
2.608,3.35,-3.35,4.05,0
2.624,3.35,-3.35,3.95,0
2.64,3.35,-3.35,3.95,0
2.656,3.35,-3.35,3.85,0
2.672,3.35,-3.35,3.85,0
2.688,3.35,-3.35,3.75,0
2.704,3.35,-3.35,3.75,0
2.72,3.35,-3.35,3.65,0
2.736,3.35,-3.35,3.65,0
2.752,3.35,-3.35,3.55,0
2.768,3.35,-3.35,3.55,0
2.784,3.17,-3.35,3.45,0
2.8,3.17,-3.35,3.45,0
2.816,3.17,-3.17,3.35,0
2.832,3.17,-3.17,3.25,0
2.848,3.17,-3.17,3.25,0
2.864,3.17,-3.17,3.16,0
2.88,3.17,-3.17,3.16,0
2.896,3.17,-3.17,3.06,0
2.912,3.17,-3.17,3.06,0
2.928,3.17,-3.17,2.97,0
2.944,3.17,-3.17,2.97,0
2.96,3.17,-3.17,2.87,0
2.976,2.99,-3.17,2.87,0
2.992,2.99,-2.99,2.78,0
3.008,2.99,-2.99,2.78,0
3.024,3.17,-2.99,2.69,0
3.04,2.99,-2.99,2.69,0
3.056,2.99,-2.99,2.6,0
3.072,2.99,-2.99,2.6,0
3.088,2.99,-2.99,2.51,0
3.104,2.99,-2.99,2.42,0
3.12,2.99,-2.99,2.42,0
3.136,2.99,-2.99,2.33,0
3.152,2.99,-2.99,2.33,0
3.168,2.99,-2.99,2.24,0
3.184,2.99,-2.99,2.24,0
3.2,2.99,-2.99,2.15,0
3.216,2.8,-2.99,2.15,0
3.232,2.8,-2.8,2.06,0
3.248,2.8,-2.8,2.06,0
3.264,2.8,-2.8,1.98,0
3.28,2.8,-2.8,1.98,0
3.296,2.8,-2.8,1.89,0
3.312,2.8,-2.8,1.89,0
3.328,2.8,-2.8,1.81,0
3.344,2.8,-2.8,1.72,0
3.36,2.8,-2.8,1.72,0
3.376,2.8,-2.8,1.64,0
3.392,2.62,-2.8,1.64,0
3.408,2.62,-2.62,1.56,0
3.424,2.62,-2.62,1.56,0
3.44,2.62,-2.62,1.48,0
3.456,2.62,-2.62,1.48,0
3.472,2.62,-2.62,1.4,0
3.488,2.62,-2.62,1.4,0
3.504,2.62,-2.62,1.32,0
3.52,2.62,-2.62,1.32,0
3.536,2.62,-2.62,1.24,0
3.552,2.62,-2.62,1.24,0
3.568,2.62,-2.62,1.16,0
3.584,2.62,-2.62,1.16,0
3.6,2.62,-2.62,1.08,0
3.616,2.62,-2.62,1,0
3.632,2.62,-2.62,1,0
3.648,2.62,-2.62,0.92,0
3.664,2.44,-2.62,0.92,0
3.68,2.62,-2.44,0.85,0
3.696,2.44,-2.44,0.85,0
3.712,2.44,-2.44,0.78,0
3.728,2.44,-2.44,0.78,0
3.744,2.44,-2.44,0.7,0
3.76,2.44,-2.44,0.7,0
3.776,2.44,-2.44,0.63,0
3.792,2.44,-2.44,0.63,0
3.808,2.44,-2.44,0.56,0
3.824,2.25,-2.44,0.56,0
3.84,2.44,-2.25,0.49,0
3.856,2.25,-2.44,0.42,0
3.872,2.25,-2.44,0.42,0
3.888,2.25,-2.25,0.35,0
3.904,2.25,-2.25,0.35,0
3.92,2.25,-2.25,0.28,0
3.936,2.25,-2.25,0.28,0
3.952,2.25,-2.25,0.21,0
3.968,2.25,-2.25,0.21,0
3.984,2.25,-2.25,0.14,0
4,2.07,-2.25,0.14,0
4.003,2.07,0,0,1
4.025,2.25,0,0,0
4.041,2.25,0,0,0
4.057,2.07,-1.73,-0.03,0
4.073,2.07,-1.73,-0.03,0
4.089,2.07,0.25,-0.05,0
4.105,2.07,0.25,-0.05,0
4.121,2.07,2.05,-0.01,0
4.137,2.07,2.05,-0.01,0
4.153,2.07,3.73,0.07,0
4.169,2.07,3.73,0.07,0
4.185,2.25,3.73,0.18,0
4.201,2.25,3.73,0.18,0
4.217,2.25,3.55,0.29,0
4.233,2.25,3.55,0.4,0
4.249,2.25,3.55,0.4,0
4.265,2.44,3.55,0.51,0
4.281,2.44,3.55,0.51,0
4.297,2.44,3.36,0.61,0
4.313,2.44,3.36,0.61,0
4.329,2.62,3.36,0.71,0
4.345,2.62,3.36,0.71,0
4.361,2.62,3.18,0.81,0
4.377,2.62,3.18,0.81,0
4.393,2.62,3.18,0.9,0
4.409,2.62,3.18,0.9,0
4.425,2.8,3.18,1,0
4.441,2.8,3.18,1,0
4.457,2.8,3,1.09,0
4.473,2.8,3,1.09,0
4.489,2.8,3,1.19,0
4.505,2.8,3,1.28,0
4.521,2.8,3,1.28,0
4.537,2.8,3,1.37,0
4.553,2.8,3,1.37,0
4.569,2.99,3,1.45,0
4.585,2.99,3,1.45,0
4.601,2.99,2.81,1.54,0
4.617,2.99,2.81,1.54,0
4.633,2.99,2.81,1.63,0
4.649,2.99,2.81,1.63,0
4.665,2.99,2.81,1.71,0
4.681,3.17,2.81,1.71,0
4.697,3.17,2.63,1.79,0
4.713,3.17,2.63,1.79,0
4.729,3.17,2.63,1.87,0
4.745,3.17,2.63,1.95,0
4.761,3.17,2.63,1.95,0
4.777,3.35,2.63,2.03,0
4.793,3.35,2.63,2.03,0
4.809,3.17,2.45,2.11,0
4.825,3.17,2.45,2.11,0
4.841,3.35,2.63,2.18,0
4.857,3.35,2.63,2.18,0
4.873,3.35,2.45,2.26,0
4.889,3.35,2.45,2.26,0
4.905,3.35,2.45,2.33,0
4.921,3.35,2.45,2.33,0
4.937,3.35,2.45,2.4,0
4.953,3.35,2.45,2.4,0
4.969,3.35,2.45,2.48,0
4.985,3.35,2.45,2.55,0
5.001,3.35,2.45,2.55,0
5.017,3.35,2.45,2.62,0
5.033,3.54,2.45,2.62,0
5.049,3.35,2.26,2.69,0
5.065,3.54,2.26,2.69,0
5.081,3.54,2.26,2.76,0
5.097,3.54,2.26,2.76,0
5.113,3.54,2.26,2.83,0
5.129,3.54,2.26,2.83,0
5.145,3.54,2.26,2.9,0
5.161,3.54,2.26,2.9,0
5.177,3.54,2.26,2.97,0
5.193,3.72,2.26,2.97,0
5.209,3.54,2.08,3.03,0
5.225,3.72,2.26,3.1,0
5.241,3.72,2.26,3.1,0
5.257,3.72,2.08,3.16,0
5.273,3.72,2.08,3.16,0
5.289,3.72,2.08,3.22,0
5.305,3.72,2.08,3.22,0
5.321,3.72,2.08,3.29,0
5.337,3.72,2.08,3.29,0
5.353,3.72,2.08,3.35,0
5.369,3.72,2.08,3.35,0
5.385,3.72,2.08,3.41,0
5.401,3.72,2.08,3.41,0
5.417,3.72,2.08,3.47,0
5.433,3.72,2.08,3.47,0
5.449,3.72,2.08,3.54,0
5.465,3.9,2.08,3.6,0
5.481,3.72,2.08,3.6,0
5.497,3.9,2.08,3.66,0
5.513,3.9,2.08,3.66,0
5.529,3.9,1.9,3.72,0
5.545,3.9,1.9,3.72,0
5.561,3.9,1.9,3.78,0
5.577,3.9,1.9,3.78,0
5.593,3.9,1.9,3.84,0
5.609,3.9,1.9,3.84,0
5.625,3.9,1.9,3.89,0
5.641,3.9,1.9,3.89,0
5.657,3.9,1.9,3.95,0
5.673,3.9,1.9,3.95,0
5.689,3.9,1.9,4.01,0
5.705,3.9,1.9,4.01,0
5.721,3.9,1.9,4.07,0
5.737,3.9,1.9,4.12,0
5.753,3.9,1.9,4.12,0
5.769,3.9,1.9,4.18,0
5.785,3.9,1.9,4.18,0
5.801,3.9,1.9,4.24,0
5.817,3.9,1.9,4.24,0
5.833,3.9,1.9,4.29,0
5.849,4.09,1.9,4.29,0
5.865,4.09,1.71,4.35,0
5.881,4.09,1.71,4.35,0
5.897,4.09,1.71,4.4,0
5.913,4.09,1.71,4.4,0
5.929,4.09,1.71,4.45,0
5.945,4.09,1.71,4.45,0
5.961,4.09,1.71,4.5,0
5.977,4.09,1.71,4.55,0
5.993,4.09,1.71,4.55,0
6.009,4.09,1.71,4.6,0
6.025,4.09,1.71,4.6,0
6.041,4.09,1.71,4.66,0
6.057,4.09,1.71,4.66,0
6.073,4.09,0.2,4.69,0
6.089,4.09,0.2,4.69,0
6.105,4.09,-1.59,4.66,0
6.121,4.09,-1.59,4.66,0
6.137,4.09,-3.39,4.59,0
6.153,4.09,-3.39,4.59,0
6.169,4.09,-4.09,4.48,0
6.185,4.09,-4.09,4.48,0
6.201,3.9,-4.09,4.35,0
6.217,3.9,-3.9,4.24,0
6.233,3.9,-3.9,4.24,0
6.249,3.9,-3.9,4.12,0
6.265,3.9,-3.9,4.12,0
6.281,3.9,-3.9,4,0
6.297,3.9,-3.9,4,0
6.313,3.9,-3.9,3.88,0
6.329,3.9,-3.9,3.88,0
6.345,3.9,-3.9,3.77,0
6.361,3.9,-3.9,3.77,0
6.377,3.9,-3.9,3.65,0
6.393,3.9,-3.9,3.65,0
6.409,3.72,-3.9,3.53,0
6.425,3.72,-3.9,3.53,0
6.441,3.72,-3.72,3.42,0
6.457,3.72,-3.72,3.42,0
6.473,3.72,-3.72,3.3,0
6.489,3.72,-3.72,3.19,0
6.505,3.72,-3.72,3.19,0
6.521,3.72,-3.72,3.08,0
6.537,3.72,-3.72,3.08,0
6.553,3.54,-3.72,2.97,0
6.569,3.72,-3.72,2.97,0
6.585,3.54,-3.72,2.85,0
6.601,3.54,-3.72,2.85,0
6.617,3.54,-3.54,2.74,0
6.633,3.54,-3.54,2.74,0
6.649,3.54,-3.54,2.64,0
6.665,3.54,-3.54,2.64,0
6.681,3.54,-3.54,2.53,0
6.697,3.54,-3.54,2.53,0
6.713,3.35,-3.54,2.43,0
6.729,3.54,-3.54,2.43,0
6.745,3.54,-3.54,2.32,0
6.761,3.35,-3.54,2.21,0
6.777,3.35,-3.54,2.21,0
6.793,3.54,-3.35,2.11,0
6.809,3.35,-3.35,2.11,0
6.825,3.35,-3.35,2.01,0
6.841,3.35,-3.35,2.01,0
6.857,3.35,-3.35,1.9,0
6.873,3.35,-3.35,1.9,0
6.889,3.35,-3.35,1.8,0
6.905,3.35,-3.35,1.8,0
6.921,3.35,-3.35,1.7,0
6.937,3.17,-3.35,1.7,0
6.953,3.17,-3.17,1.61,0
6.969,3.17,-3.17,1.61,0
6.985,3.17,-3.17,1.51,0
7.001,3.17,-3.17,1.42,0
7.017,3.35,-3.17,1.42,0
7.033,3.17,-3.35,1.32,0
7.049,3.17,-3.35,1.32,0
7.065,3.17,-3.17,1.22,0
7.081,3.17,-3.17,1.22,0
7.097,3.17,-3.17,1.12,0
7.113,3.17,-3.17,1.12,0
7.129,2.99,-3.17,1.03,0
7.145,3.17,-3.17,1.03,0
7.161,2.99,-3.17,0.93,0
7.177,2.99,-3.17,0.93,0
7.193,3.17,-2.99,0.84,0
7.209,2.99,-2.99,0.84,0
7.225,2.99,-2.99,0.75,0
7.241,2.99,-2.99,0.75,0
7.257,2.99,-2.99,0.66,0
7.273,2.99,-2.99,0.57,0
7.289,2.99,-2.99,0.57,0
7.305,2.99,-2.99,0.48,0
7.321,2.99,-2.99,0.48,0
7.337,2.99,-2.99,0.39,0
7.353,2.99,-2.99,0.39,0
7.369,2.8,-2.99,0.3,0
7.385,2.8,-2.99,0.3,0
7.401,2.8,-2.8,0.21,0
7.417,2.8,-2.8,0.21,0
7.433,2.8,-2.8,0.13,0
7.449,2.8,-2.8,0.13,0
7.465,2.8,-2.8,0.04,0
7.481,2.8,-2.8,0.04,0
7.497,2.8,-2.8,-0.04,0
7.513,2.8,-2.8,-0.13,0
7.529,2.8,-2.8,-0.13,0
7.545,2.8,-2.8,-0.21,0
7.561,2.8,-2.8,-0.21,0
7.577,2.8,-2.8,-0.29,0
7.593,2.8,-2.8,-0.29,0
7.609,2.62,-2.8,-0.38,0
7.625,2.62,-2.8,-0.38,0
7.641,2.62,-2.62,-0.46,0
7.657,2.62,-2.62,-0.46,0
7.673,2.62,-2.62,-0.54,0
7.689,2.62,-2.62,-0.54,0
7.705,2.62,-2.62,-0.62,0
7.721,2.62,-2.62,-0.62,0
7.737,2.62,-2.62,-0.7,0
7.753,2.62,-2.62,-0.78,0
7.769,2.62,-2.62,-0.78,0
7.785,2.62,-2.62,-0.86,0
7.801,2.62,-2.62,-0.86,0
7.817,2.62,-2.62,-0.93,0
7.833,2.44,-2.62,-0.93,0
7.849,2.44,-2.44,-1.01,0
7.865,2.62,-2.44,-1.01,0
7.881,2.44,-2.62,-1.09,0
7.897,2.44,-2.62,-1.09,0
7.913,2.44,-2.44,-1.16,0
7.929,2.44,-2.44,-1.16,0
7.945,2.44,-2.44,-1.23,0
7.961,2.44,-2.44,-1.23,0
7.977,2.44,-2.44,-1.31,0
7.993,2.44,-2.44,-1.38,0
8.009,2.44,-2.44,-1.38,0
8.025,2.44,-2.44,-1.45,0
8.037,2.44,0,0,1
8.058,2.25,0,0,0
8.074,2.25,0,0,0
8.09,2.25,-1.67,-0.03,0
8.106,2.25,-1.67,-0.03,0
8.122,2.25,0.12,-0.05,0
8.138,2.25,0.12,-0.05,0
8.154,2.25,1.92,-0.02,0
8.17,2.25,1.92,-0.02,0
8.186,2.25,3.55,0.06,0
8.202,2.25,3.55,0.06,0
8.218,2.25,3.55,0.17,0
8.234,2.44,3.55,0.17,0
8.25,2.44,3.36,0.27,0
8.266,2.44,3.36,0.38,0
8.282,2.44,3.36,0.38,0
8.298,2.62,3.36,0.48,0
8.314,2.62,3.36,0.48,0
8.33,2.62,3.18,0.57,0
8.346,2.62,3.18,0.57,0
8.362,2.62,3.18,0.67,0
8.378,2.62,3.18,0.67,0
8.394,2.62,3.18,0.76,0
8.41,2.8,3.18,0.76,0
8.426,2.62,3,0.86,0
8.442,2.8,3,0.86,0
8.458,2.8,3,0.95,0
8.474,2.8,3,0.95,0
8.49,2.8,3,1.04,0
8.506,2.8,3,1.04,0
8.522,2.8,3,1.13,0
8.538,2.99,3,1.22,0
8.554,2.99,3,1.22,0
8.57,2.99,2.81,1.31,0
8.586,2.99,2.81,1.31,0
8.602,2.99,2.81,1.39,0
8.618,2.99,2.81,1.39,0
8.634,2.99,2.81,1.48,0
8.65,2.99,2.81,1.48,0
8.666,3.17,2.81,1.56,0
8.682,3.17,2.81,1.56,0
8.698,3.17,2.63,1.64,0
8.714,3.17,2.63,1.64,0
8.73,3.17,2.63,1.72,0
8.746,3.17,2.63,1.72,0
8.762,3.17,2.63,1.8,0
8.778,3.17,2.63,1.88,0
8.794,3.35,2.63,1.88,0
8.81,3.17,2.45,1.95,0
8.826,3.17,2.45,1.95,0
8.842,3.17,2.63,2.03,0
8.858,3.35,2.63,2.03,0
8.874,3.35,2.45,2.11,0
8.89,3.35,2.45,2.11,0
8.906,3.35,2.45,2.18,0
8.922,3.35,2.45,2.18,0
8.938,3.35,2.45,2.25,0
8.954,3.35,2.45,2.25,0
8.97,3.35,2.45,2.33,0
8.986,3.35,2.45,2.33,0
9.002,3.54,2.45,2.4,0
9.018,3.35,2.26,2.47,0
9.034,3.54,2.26,2.47,0
9.05,3.54,2.26,2.54,0
9.066,3.54,2.26,2.54,0
9.082,3.54,2.26,2.61,0
9.098,3.54,2.26,2.61,0
9.114,3.54,2.26,2.67,0
9.13,3.54,2.26,2.67,0
9.146,3.54,2.26,2.74,0
9.162,3.54,2.26,2.74,0
9.178,3.54,2.26,2.81,0
9.194,3.54,2.26,2.81,0
9.21,3.72,2.26,2.88,0
9.226,3.54,2.26,2.88,0
9.242,3.54,2.26,2.95,0
9.258,3.54,2.26,3.01,0
9.274,3.72,2.26,3.01,0
9.29,3.72,2.08,3.08,0
9.306,3.72,2.08,3.08,0
9.322,3.72,2.08,3.14,0
9.338,3.72,2.08,3.14,0
9.354,3.72,2.08,3.2,0
9.37,3.72,2.08,3.2,0
9.386,3.72,2.08,3.27,0
9.402,3.72,2.08,3.27,0
9.418,3.72,2.08,3.33,0
9.434,3.72,2.08,3.33,0
9.45,3.72,2.08,3.39,0
9.466,3.72,2.08,3.39,0
9.482,3.72,2.08,3.45,0
9.498,3.72,2.08,3.52,0
9.514,3.72,2.08,3.52,0
9.53,3.9,2.08,3.58,0
9.546,3.9,2.08,3.58,0
9.562,3.9,1.9,3.64,0
9.578,3.9,1.9,3.64,0
9.594,3.9,1.9,3.69,0
9.61,3.9,1.9,3.69,0
9.626,3.9,1.9,3.75,0
9.642,3.9,1.9,3.75,0
9.658,3.9,1.9,3.81,0
9.674,3.9,1.9,3.81,0
9.69,3.9,1.9,3.87,0
9.706,3.9,1.9,3.87,0
9.722,3.9,1.9,3.92,0
9.738,3.9,1.9,3.98,0
9.754,3.9,1.9,3.98,0
9.77,3.9,1.9,4.04,0
9.786,3.9,1.9,4.04,0
9.802,3.9,1.9,4.09,0
9.818,4.09,1.9,4.09,0
9.834,3.9,1.71,4.15,0
9.85,4.09,1.71,4.15,0
9.866,3.9,1.71,4.2,0
9.882,3.9,1.71,4.2,0
9.898,3.9,1.9,4.25,0
9.914,3.9,1.9,4.25,0
9.93,4.09,1.9,4.31,0
9.946,4.09,1.9,4.31,0
9.962,4.09,1.71,4.36,0
9.978,4.09,1.71,4.41,0
9.994,4.09,1.71,4.41,0
10.01,4.09,1.71,4.47,0
10.026,3.9,1.71,4.47,0
10.042,4.09,1.9,4.52,0
10.058,4.09,1.9,4.52,0
10.074,4.09,1.71,4.57,0
10.09,4.09,1.71,4.57,0
10.106,4.09,0.15,4.6,0
10.122,4.09,0.15,4.6,0
10.138,4.09,-1.65,4.58,0
10.154,4.09,-1.65,4.58,0
10.17,4.09,-3.45,4.5,0
10.186,4.09,-3.45,4.5,0
10.202,3.9,-4.09,4.39,0
10.218,3.9,-3.9,4.27,0
10.234,3.9,-3.9,4.27,0
10.25,3.9,-3.9,4.15,0
10.266,3.9,-3.9,4.15,0
10.282,3.9,-3.9,4.03,0
10.298,3.9,-3.9,4.03,0
10.314,3.9,-3.9,3.92,0
10.33,3.9,-3.9,3.92,0
10.346,3.9,-3.9,3.8,0
10.362,3.9,-3.9,3.8,0
10.378,3.9,-3.9,3.68,0
10.394,3.72,-3.9,3.68,0
10.41,3.72,-3.72,3.57,0
10.426,3.72,-3.72,3.57,0
10.442,3.72,-3.72,3.45,0
10.458,3.72,-3.72,3.45,0
10.474,3.72,-3.72,3.34,0
10.49,3.72,-3.72,3.23,0
10.506,3.72,-3.72,3.23,0
10.522,3.72,-3.72,3.12,0
10.538,3.72,-3.72,3.12,0
10.554,3.54,-3.72,3,0
10.57,3.54,-3.72,3,0
10.586,3.54,-3.54,2.9,0
10.602,3.54,-3.54,2.9,0
10.618,3.54,-3.54,2.79,0
10.634,3.54,-3.54,2.79,0
10.65,3.54,-3.54,2.68,0
10.666,3.54,-3.54,2.68,0
10.682,3.54,-3.54,2.58,0
10.698,3.54,-3.54,2.58,0
10.714,3.54,-3.54,2.47,0
10.73,3.54,-3.54,2.37,0
10.746,3.35,-3.54,2.37,0
10.762,3.35,-3.35,2.26,0
10.778,3.35,-3.35,2.26,0
10.794,3.35,-3.35,2.16,0
10.81,3.35,-3.35,2.16,0
10.826,3.35,-3.35,2.06,0
10.842,3.35,-3.35,2.06,0
10.858,3.35,-3.35,1.96,0
10.874,3.17,-3.35,1.96,0
10.89,3.35,-3.17,1.86,0
10.906,3.35,-3.17,1.86,0
10.922,3.17,-3.35,1.76,0
10.938,3.17,-3.35,1.76,0
10.954,3.35,-3.17,1.66,0
10.97,3.17,-3.17,1.66,0
10.986,3.17,-3.17,1.56,0
11.002,3.17,-3.17,1.47,0
11.018,3.17,-3.17,1.47,0
11.034,3.17,-3.17,1.37,0
11.05,3.17,-3.17,1.37,0
11.066,3.17,-3.17,1.28,0
11.082,3.17,-3.17,1.28,0
11.098,2.99,-3.17,1.18,0
11.114,3.17,-3.17,1.18,0
11.13,3.17,-3.17,1.09,0
11.146,2.99,-3.17,1.09,0
11.162,2.99,-2.99,1,0
11.178,2.99,-2.99,1,0
11.194,2.99,-2.99,0.91,0
11.21,2.99,-2.99,0.91,0
11.226,2.99,-2.99,0.82,0
11.242,2.99,-2.99,0.73,0
11.258,2.99,-2.99,0.73,0
11.274,2.99,-2.99,0.64,0
11.29,2.99,-2.99,0.64,0
11.306,2.99,-2.99,0.55,0
11.322,2.99,-2.99,0.55,0
11.338,2.99,-2.99,0.46,0
11.354,2.99,-2.99,0.46,0
11.37,2.8,-2.99,0.37,0
11.386,2.8,-2.99,0.37,0
11.402,2.8,-2.8,0.28,0
11.418,2.8,-2.8,0.28,0
11.434,2.8,-2.8,0.2,0
11.45,2.8,-2.8,0.2,0
11.466,2.8,-2.8,0.11,0
11.482,2.8,-2.8,0.11,0
11.498,2.8,-2.8,0.02,0
11.514,2.8,-2.8,-0.06,0
11.53,2.8,-2.8,-0.06,0
11.546,2.8,-2.8,-0.14,0
11.562,2.8,-2.8,-0.14,0
11.578,2.8,-2.8,-0.23,0
11.594,2.62,-2.8,-0.23,0
11.61,2.8,-2.62,-0.31,0
11.626,2.62,-2.62,-0.31,0
11.642,2.62,-2.62,-0.39,0
11.658,2.62,-2.62,-0.39,0
11.674,2.62,-2.62,-0.47,0
11.69,2.62,-2.62,-0.47,0
11.706,2.62,-2.62,-0.55,0
11.722,2.62,-2.62,-0.55,0
11.738,2.62,-2.62,-0.62,0
11.754,2.62,-2.62,-0.7,0
11.77,2.62,-2.62,-0.7,0
11.786,2.62,-2.62,-0.78,0
11.802,2.62,-2.62,-0.78,0
11.818,2.44,-2.62,-0.86,0
11.834,2.44,-2.62,-0.86,0
11.85,2.44,-2.44,-0.94,0
11.866,2.44,-2.44,-0.94,0
11.882,2.44,-2.44,-1.01,0
11.898,2.44,-2.44,-1.01,0
11.914,2.44,-2.44,-1.08,0
11.93,2.44,-2.44,-1.08,0
11.946,2.44,-2.44,-1.16,0
11.962,2.44,-2.44,-1.16,0
11.978,2.44,-2.44,-1.23,0
11.994,2.44,-2.44,-1.23,0
12.01,2.44,-2.44,-1.31,0
12.026,2.44,-2.44,-1.38,0
12.042,2.25,-2.44,-1.38,0
12.058,2.25,-2.25,-1.45,0
12.071,2.25,0,0,1
12.093,2.25,0,0,0
12.109,2.25,0,0,0
12.125,2.25,-1.73,-0.03,0
12.141,2.25,-1.73,-0.03,0
12.157,2.25,0.07,-0.05,0
12.173,2.25,0.07,-0.05,0
12.189,2.25,1.86,-0.02,0
12.205,2.25,1.86,-0.02,0
12.221,2.25,3.55,0.06,0
12.237,2.25,3.55,0.06,0
12.253,2.25,3.55,0.17,0
12.269,2.25,3.55,0.17,0
12.285,2.44,3.55,0.27,0
12.301,2.44,3.36,0.38,0
12.317,2.44,3.36,0.38,0
12.333,2.44,3.36,0.48,0
12.349,2.44,3.36,0.48,0
12.365,2.62,3.36,0.58,0
12.381,2.62,3.36,0.58,0
12.397,2.62,3.18,0.68,0
12.413,2.62,3.18,0.68,0
12.429,2.62,3.18,0.77,0
12.445,2.62,3.18,0.77,0
12.461,2.62,3.18,0.87,0
12.477,2.62,3.18,0.87,0
12.493,2.8,3.18,0.96,0
12.509,2.8,3.18,0.96,0
12.525,2.8,3,1.05,0
12.541,2.8,3,1.14,0
12.557,2.8,3,1.14,0
12.573,2.8,3,1.23,0
12.589,2.8,3,1.23,0
12.605,2.99,3,1.32,0
12.621,2.99,3,1.32,0
12.637,2.99,2.81,1.41,0
12.653,2.99,2.81,1.41,0
12.669,2.99,2.81,1.5,0
12.685,2.99,2.81,1.5,0
12.701,2.99,2.81,1.58,0
12.717,2.99,2.81,1.58,0
12.733,2.99,2.81,1.66,0
12.749,3.17,2.81,1.66,0
12.765,3.17,2.63,1.75,0
12.781,3.17,2.63,1.82,0
12.797,3.17,2.63,1.82,0
12.813,3.17,2.63,1.9,0
12.829,3.17,2.63,1.9,0
12.845,3.17,2.63,1.98,0
12.861,3.17,2.63,1.98,0
12.877,3.17,2.63,2.06,0
12.893,3.17,2.63,2.06,0
12.909,3.17,2.63,2.14,0
12.925,3.17,2.63,2.14,0
12.941,3.35,2.63,2.22,0
12.957,3.35,2.63,2.22,0
12.973,3.35,2.45,2.29,0
12.989,3.35,2.45,2.29,0
13.005,3.35,2.45,2.37,0
13.021,3.35,2.45,2.37,0
13.037,3.35,2.45,2.44,0
13.053,3.35,2.45,2.52,0
13.069,3.35,2.45,2.52,0
13.085,3.35,2.45,2.59,0
13.101,3.54,2.45,2.59,0
13.117,3.35,2.26,2.66,0
13.133,3.54,2.26,2.66,0
13.149,3.54,2.26,2.73,0
13.165,3.54,2.26,2.73,0
13.181,3.54,2.26,2.8,0
13.197,3.54,2.26,2.8,0
13.213,3.54,2.26,2.87,0
13.229,3.54,2.26,2.87,0
13.245,3.54,2.26,2.93,0
13.261,3.54,2.26,2.93,0
13.277,3.54,2.26,3,0
13.293,3.54,2.26,3.07,0
13.309,3.54,2.26,3.07,0
13.325,3.54,2.26,3.14,0
13.341,3.72,2.26,3.14,0
13.357,3.54,2.08,3.2,0
13.373,3.54,2.08,3.2,0
13.389,3.72,2.26,3.27,0
13.405,3.72,2.26,3.27,0
13.421,3.72,2.08,3.33,0
13.437,3.72,2.08,3.33,0
13.453,3.72,2.08,3.39,0
13.469,3.72,2.08,3.39,0
13.485,3.72,2.08,3.46,0
13.501,3.72,2.08,3.46,0
13.517,3.72,2.08,3.52,0
13.533,3.72,2.08,3.52,0
13.549,3.72,2.08,3.59,0
13.565,3.72,2.08,3.65,0
13.581,3.72,2.08,3.65,0
13.597,3.9,2.08,3.71,0
13.613,3.72,2.08,3.71,0
13.629,3.72,2.08,3.77,0
13.645,3.72,2.08,3.77,0
13.661,3.72,2.08,3.84,0
13.677,3.9,2.08,3.84,0
13.693,3.9,1.9,3.89,0
13.709,3.9,1.9,3.89,0
13.725,3.9,1.9,3.95,0
13.741,3.9,1.9,3.95,0
13.757,3.9,1.9,4.01,0
13.773,3.9,1.9,4.01,0
13.789,3.9,1.9,4.07,0
13.805,3.9,1.9,4.12,0
13.821,3.9,1.9,4.12,0
13.837,3.9,1.9,4.18,0
13.853,3.9,1.9,4.18,0
13.869,3.9,1.9,4.24,0
13.885,3.9,1.9,4.24,0
13.901,3.9,1.9,4.29,0
13.917,3.9,1.9,4.29,0
13.933,3.9,1.9,4.35,0
13.949,3.9,1.9,4.35,0
13.965,3.9,1.9,4.41,0
13.981,3.9,1.9,4.41,0
13.997,3.9,1.9,4.46,0
14.013,4.09,1.9,4.46,0
14.029,3.9,1.71,4.52,0
14.045,3.9,1.71,4.52,0
14.061,3.9,1.9,4.58,0
14.077,3.9,1.9,4.63,0
14.093,4.09,1.9,4.63,0
14.109,4.09,1.71,4.69,0
14.125,4.09,1.71,4.69,0
14.141,4.09,0.2,4.72,0
14.157,3.9,0.2,4.72,0
14.173,4.09,-1.41,4.7,0
14.189,3.9,-1.41,4.7,0
14.205,3.9,-3.21,4.63,0
14.221,3.9,-3.21,4.63,0
14.237,3.9,-3.9,4.52,0
14.253,3.9,-3.9,4.52,0
14.269,3.9,-3.9,4.4,0
14.285,3.9,-3.9,4.4,0
14.301,3.9,-3.9,4.29,0
14.317,3.9,-3.9,4.17,0
14.333,3.9,-3.9,4.17,0
14.349,3.9,-3.9,4.05,0
14.365,3.72,-3.9,4.05,0
14.381,3.9,-3.72,3.94,0
14.397,3.72,-3.72,3.94,0
14.413,3.72,-3.72,3.83,0
14.429,3.72,-3.72,3.83,0
14.445,3.72,-3.72,3.72,0
14.461,3.72,-3.72,3.72,0
14.477,3.72,-3.72,3.6,0
14.493,3.72,-3.72,3.6,0
14.509,3.72,-3.72,3.49,0
14.525,3.72,-3.72,3.49,0
14.541,3.54,-3.72,3.38,0
14.557,3.54,-3.54,3.27,0
14.573,3.54,-3.54,3.27,0
14.589,3.54,-3.54,3.16,0
14.605,3.54,-3.54,3.16,0
14.621,3.54,-3.54,3.06,0
14.637,3.54,-3.54,3.06,0
14.653,3.54,-3.54,2.95,0
14.669,3.54,-3.54,2.95,0
14.685,3.54,-3.54,2.84,0
14.701,3.35,-3.54,2.84,0
14.717,3.54,-3.35,2.74,0
14.733,3.35,-3.35,2.74,0
14.749,3.35,-3.35,2.64,0
14.765,3.35,-3.35,2.64,0
14.781,3.35,-3.35,2.54,0
14.797,3.35,-3.35,2.44,0
14.813,3.35,-3.35,2.44,0
14.829,3.35,-3.35,2.34,0
14.845,3.35,-3.35,2.34,0
14.861,3.35,-3.35,2.24,0
14.877,3.35,-3.35,2.24,0
14.893,3.35,-3.35,2.14,0
14.909,3.17,-3.35,2.14,0
14.925,3.35,-3.17,2.04,0
14.941,3.17,-3.17,2.04,0
14.957,3.17,-3.17,1.94,0
14.973,3.17,-3.17,1.94,0
14.989,3.17,-3.17,1.85,0
15.005,3.17,-3.17,1.85,0
15.021,3.17,-3.17,1.75,0
15.037,3.17,-3.17,1.75,0
15.053,3.17,-3.17,1.65,0
15.069,3.17,-3.17,1.65,0
15.085,3.17,-3.17,1.55,0
15.101,3.17,-3.17,1.46,0
15.117,2.99,-3.17,1.46,0
15.133,2.99,-2.99,1.37,0
15.149,2.99,-2.99,1.37,0
15.165,2.99,-2.99,1.28,0
15.181,2.99,-2.99,1.28,0
15.197,2.99,-2.99,1.19,0
15.213,2.99,-2.99,1.19,0
15.229,2.99,-2.99,1.1,0
15.245,2.99,-2.99,1.1,0
15.261,2.99,-2.99,1.01,0
15.277,2.99,-2.99,1.01,0
15.293,2.99,-2.99,0.92,0
15.309,2.99,-2.99,0.92,0
15.325,2.99,-2.99,0.83,0
15.341,2.8,-2.99,0.74,0
15.357,2.8,-2.99,0.74,0
15.373,2.8,-2.8,0.65,0
15.389,2.8,-2.8,0.65,0
15.405,2.8,-2.8,0.57,0
15.421,2.8,-2.8,0.57,0
15.437,2.8,-2.8,0.48,0
15.453,2.8,-2.8,0.48,0
15.469,2.8,-2.8,0.4,0
15.485,2.8,-2.8,0.4,0
15.501,2.8,-2.8,0.31,0
15.517,2.8,-2.8,0.31,0
15.533,2.8,-2.8,0.23,0
15.549,2.8,-2.8,0.23,0
15.565,2.8,-2.8,0.15,0
15.581,2.62,-2.8,0.15,0
15.597,2.62,-2.62,0.06,0
15.613,2.62,-2.62,-0.02,0
15.629,2.62,-2.62,-0.02,0
15.645,2.62,-2.62,-0.1,0
15.661,2.62,-2.62,-0.1,0
15.677,2.62,-2.62,-0.18,0
15.693,2.62,-2.62,-0.18,0
15.709,2.62,-2.62,-0.25,0
15.725,2.62,-2.62,-0.25,0
15.741,2.62,-2.62,-0.33,0
15.757,2.62,-2.62,-0.33,0
15.773,2.62,-2.62,-0.41,0
15.789,2.62,-2.62,-0.41,0
15.805,2.62,-2.62,-0.49,0
15.821,2.44,-2.62,-0.49,0
15.837,2.44,-2.44,-0.57,0
15.853,2.44,-2.44,-0.64,0
15.869,2.44,-2.44,-0.64,0
15.885,2.44,-2.44,-0.71,0
15.901,2.44,-2.44,-0.71,0
15.917,2.44,-2.44,-0.79,0
15.933,2.44,-2.44,-0.79,0
15.949,2.44,-2.44,-0.86,0
15.965,2.44,-2.44,-0.86,0
15.981,2.44,-2.44,-0.93,0
15.997,2.25,-2.44,-0.93,0
16.013,2.44,-2.25,-1,0
16.029,2.25,-2.25,-1,0
16.045,2.44,-2.25,-1.07,0
16.061,2.25,-2.25,-1.07,0
16.077,2.25,-2.25,-1.14,0
16.093,2.25,-2.25,-1.14,0
16.105,2.25,0,0,1
16.126,2.25,0,0,0
16.142,2.25,0,0,0
16.158,2.25,-1.67,-0.03,0
16.174,2.25,-1.67,-0.03,0
16.19,2.25,0.12,-0.05,0
16.206,2.25,0.12,-0.05,0
16.222,2.25,1.92,-0.02,0
16.238,2.25,1.92,-0.02,0
16.254,2.25,3.55,0.06,0
16.27,2.25,3.55,0.06,0
16.286,2.25,3.55,0.17,0
16.302,2.25,3.55,0.17,0
16.318,2.44,3.55,0.28,0
16.334,2.44,3.36,0.38,0
16.35,2.44,3.36,0.38,0
16.366,2.44,3.36,0.48,0
16.382,2.44,3.36,0.48,0
16.398,2.44,3.36,0.58,0
16.414,2.62,3.36,0.58,0
16.43,2.62,3.18,0.68,0
16.446,2.62,3.18,0.68,0
16.462,2.62,3.18,0.78,0
16.478,2.62,3.18,0.78,0
16.494,2.62,3.18,0.87,0
16.51,2.62,3.18,0.87,0
16.526,2.8,3.18,0.97,0
16.542,2.8,3.18,0.97,0
16.558,2.8,3,1.06,0
16.574,2.8,3,1.06,0
16.59,2.8,3,1.15,0
16.606,2.8,3,1.24,0
16.622,2.8,3,1.24,0
16.638,2.8,3,1.33,0
16.654,2.8,3,1.33,0
16.67,2.99,3,1.42,0
16.686,2.99,3,1.42,0
16.702,2.99,2.81,1.51,0
16.718,2.99,2.81,1.51,0
16.734,2.99,2.81,1.59,0
16.75,2.99,2.81,1.59,0
16.766,2.99,2.81,1.68,0
16.782,2.99,2.81,1.68,0
16.798,2.99,2.81,1.76,0
16.814,3.17,2.81,1.76,0
16.83,3.17,2.63,1.84,0
16.846,3.17,2.63,1.92,0
16.862,3.17,2.63,1.92,0
16.878,3.17,2.63,2,0
16.894,3.17,2.63,2,0
16.91,3.17,2.63,2.08,0
16.926,3.17,2.63,2.08,0
16.942,3.17,2.63,2.16,0
16.958,3.17,2.63,2.16,0
16.974,3.17,2.63,2.24,0
16.99,3.17,2.63,2.24,0
17.006,3.17,2.63,2.32,0
17.022,3.17,2.63,2.32,0
17.038,3.35,2.63,2.4,0
17.054,3.35,2.63,2.4,0
17.07,3.35,2.45,2.47,0
17.086,3.35,2.45,2.55,0
17.102,3.35,2.45,2.55,0
17.118,3.35,2.45,2.62,0
17.134,3.35,2.45,2.62,0
17.15,3.35,2.45,2.69,0
17.166,3.35,2.45,2.69,0
17.182,3.54,2.45,2.77,0
17.198,3.35,2.45,2.77,0
17.214,3.35,2.45,2.84,0
17.23,3.54,2.45,2.84,0
17.246,3.54,2.26,2.91,0
17.262,3.54,2.26,2.91,0
17.278,3.54,2.26,2.98,0
17.294,3.54,2.26,2.98,0
17.31,3.54,2.26,3.05,0
17.326,3.54,2.26,3.11,0
17.342,3.54,2.26,3.11,0
17.358,3.54,2.26,3.18,0
17.374,3.54,2.26,3.18,0
17.39,3.54,2.26,3.25,0
17.406,3.54,2.26,3.25,0
17.422,3.54,2.26,3.32,0
17.438,3.54,2.26,3.32,0
17.454,3.54,2.26,3.39,0
17.47,3.72,2.26,3.39,0
17.486,3.72,2.08,3.45,0
17.502,3.72,2.08,3.45,0
17.518,3.72,2.08,3.51,0
17.534,3.72,2.08,3.51,0
17.55,3.72,2.08,3.58,0
17.566,3.72,2.08,3.58,0
17.582,3.72,2.08,3.64,0
17.598,3.72,2.08,3.7,0
17.614,3.72,2.08,3.7,0
17.63,3.72,2.08,3.77,0
17.646,3.72,2.08,3.77,0
17.662,3.72,2.08,3.83,0
17.678,3.72,2.08,3.83,0
17.694,3.72,2.08,3.89,0
17.71,3.72,2.08,3.89,0
17.726,3.72,2.08,3.95,0
17.742,3.72,2.08,3.95,0
17.758,3.72,2.08,4.02,0
17.774,3.72,2.08,4.02,0
17.79,3.72,2.08,4.08,0
17.806,3.72,2.08,4.08,0
17.822,3.9,2.08,4.14,0
17.838,3.9,1.9,4.2,0
17.854,3.9,1.9,4.2,0
17.87,3.9,1.9,4.26,0
17.886,3.9,1.9,4.26,0
17.902,3.9,1.9,4.31,0
17.918,3.9,1.9,4.31,0
17.934,3.9,1.9,4.37,0
17.95,3.9,1.9,4.37,0
17.966,3.9,1.9,4.43,0
17.982,3.9,1.9,4.43,0
17.998,3.9,1.9,4.49,0
18.014,3.9,1.9,4.49,0
18.03,3.9,1.9,4.54,0
18.046,3.9,1.9,4.54,0
18.062,3.9,1.9,4.6,0
18.078,3.9,1.9,4.66,0
18.094,3.9,1.9,4.66,0
18.11,3.9,1.9,4.71,0
18.126,3.9,1.9,4.71,0
18.142,3.9,1.9,4.77,0
18.158,3.9,1.9,4.77,0
18.174,3.9,0.33,4.8,0
18.19,3.9,0.33,4.8,0
18.206,3.9,-1.47,4.79,0
18.222,3.9,-1.47,4.79,0
18.238,3.9,-3.27,4.72,0
18.254,3.9,-3.27,4.72,0
18.27,3.9,-3.9,4.61,0
18.286,3.9,-3.9,4.61,0
18.302,3.9,-3.9,4.49,0
18.318,3.9,-3.9,4.37,0
18.334,3.72,-3.9,4.37,0
18.35,3.72,-3.72,4.26,0
18.366,3.72,-3.72,4.26,0
18.382,3.72,-3.72,4.15,0
18.398,3.72,-3.72,4.15,0
18.414,3.72,-3.72,4.04,0
18.43,3.72,-3.72,4.04,0
18.446,3.72,-3.72,3.92,0
18.462,3.72,-3.72,3.92,0
18.478,3.72,-3.72,3.81,0
18.494,3.72,-3.72,3.81,0
18.51,3.54,-3.72,3.7,0
18.526,3.72,-3.72,3.7,0
18.542,3.54,-3.72,3.59,0
18.558,3.54,-3.72,3.59,0
18.574,3.54,-3.54,3.48,0
18.59,3.54,-3.54,3.37,0
18.606,3.54,-3.54,3.37,0
18.622,3.54,-3.54,3.27,0
18.638,3.54,-3.54,3.27,0
18.654,3.54,-3.54,3.16,0
18.67,3.54,-3.54,3.16,0
18.686,3.54,-3.54,3.05,0
18.702,3.35,-3.54,3.05,0
18.718,3.35,-3.35,2.95,0
18.734,3.35,-3.35,2.95,0
18.75,3.35,-3.35,2.85,0
18.766,3.35,-3.35,2.85,0
18.782,3.35,-3.35,2.75,0
18.798,3.35,-3.35,2.75,0
18.814,3.35,-3.35,2.65,0
18.83,3.35,-3.35,2.55,0
18.846,3.35,-3.35,2.55,0
18.862,3.35,-3.35,2.45,0
18.878,3.35,-3.35,2.45,0
18.894,3.17,-3.35,2.35,0
18.91,3.17,-3.35,2.35,0
18.926,3.17,-3.17,2.25,0
18.942,3.17,-3.17,2.25,0
18.958,3.17,-3.17,2.15,0
18.974,3.17,-3.17,2.15,0
18.99,3.17,-3.17,2.06,0
19.006,3.17,-3.17,2.06,0
19.022,3.17,-3.17,1.96,0
19.038,3.17,-3.17,1.96,0
19.054,2.99,-3.17,1.87,0
19.07,3.17,-2.99,1.78,0
19.086,3.17,-2.99,1.78,0
19.102,2.99,-3.17,1.68,0
19.118,3.17,-3.17,1.68,0
19.134,2.99,-3.17,1.59,0
19.15,2.99,-3.17,1.59,0
19.166,2.99,-2.99,1.5,0
19.182,2.99,-2.99,1.5,0
19.198,2.99,-2.99,1.41,0
19.214,2.99,-2.99,1.41,0
19.23,2.99,-2.99,1.32,0
19.246,2.99,-2.99,1.32,0
19.262,2.99,-2.99,1.23,0
19.278,2.99,-2.99,1.23,0
19.294,2.99,-2.99,1.14,0
19.31,2.99,-2.99,1.05,0
19.326,2.8,-2.99,1.05,0
19.342,2.8,-2.8,0.96,0
19.358,2.8,-2.8,0.96,0
19.374,2.8,-2.8,0.88,0
19.39,2.8,-2.8,0.88,0
19.406,2.8,-2.8,0.79,0
19.422,2.8,-2.8,0.79,0
19.438,2.8,-2.8,0.71,0
19.454,2.8,-2.8,0.71,0
19.47,2.8,-2.8,0.62,0
19.486,2.8,-2.8,0.62,0
19.502,2.8,-2.8,0.54,0
19.518,2.8,-2.8,0.54,0
19.534,2.8,-2.8,0.46,0
19.55,2.62,-2.8,0.37,0
19.566,2.62,-2.8,0.37,0
19.582,2.8,-2.62,0.29,0
19.598,2.62,-2.62,0.29,0
19.614,2.62,-2.62,0.21,0
19.63,2.62,-2.62,0.21,0
19.646,2.62,-2.62,0.13,0
19.662,2.62,-2.62,0.13,0
19.678,2.62,-2.62,0.05,0
19.694,2.62,-2.62,0.05,0
19.71,2.62,-2.62,-0.02,0
19.726,2.62,-2.62,-0.02,0
19.742,2.62,-2.62,-0.1,0
19.758,2.62,-2.62,-0.1,0
19.774,2.44,-2.62,-0.18,0
19.79,2.44,-2.44,-0.26,0
19.806,2.44,-2.44,-0.26,0
19.822,2.44,-2.44,-0.33,0
19.838,2.44,-2.44,-0.33,0
19.854,2.44,-2.44,-0.4,0
19.87,2.44,-2.44,-0.4,0
19.886,2.44,-2.44,-0.48,0
19.902,2.44,-2.44,-0.48,0
19.918,2.44,-2.44,-0.55,0
19.934,2.44,-2.44,-0.55,0
19.95,2.25,-2.44,-0.62,0
19.966,2.44,-2.44,-0.62,0
19.982,2.44,-2.44,-0.7,0
19.998,2.25,-2.44,-0.7,0
20.014,2.25,-2.25,-0.77,0
20.03,2.25,-2.25,-0.83,0
20.046,2.25,-2.25,-0.83,0
20.062,2.25,-2.25,-0.9,0
20.078,2.25,-2.25,-0.9,0
20.094,2.25,-2.25,-0.97,0
20.11,2.25,-2.25,-0.97,0
20.126,2.25,-2.25,-1.04,0
20.139,2.25,0,0,1
20.161,2.25,0,0,0
20.177,2.25,0,0,0
20.193,2.25,-1.73,-0.03,0
20.209,2.25,-1.73,-0.03,0
20.225,2.25,0.07,-0.05,0
20.241,2.07,0.07,-0.05,0
20.257,2.25,2.05,-0.02,0
20.273,2.07,2.05,-0.02,0
20.289,2.07,3.73,0.07,0
20.305,2.25,3.73,0.07,0
20.321,2.25,3.55,0.18,0
20.337,2.25,3.55,0.18,0
20.353,2.25,3.55,0.28,0
20.369,2.25,3.55,0.39,0
20.385,2.44,3.55,0.39,0
20.401,2.44,3.36,0.49,0
20.417,2.44,3.36,0.49,0
20.433,2.44,3.36,0.59,0
20.449,2.44,3.36,0.59,0
20.465,2.62,3.36,0.69,0
20.481,2.62,3.36,0.69,0
20.497,2.44,3.18,0.79,0
20.513,2.62,3.18,0.79,0
20.529,2.62,3.18,0.89,0
20.545,2.62,3.18,0.89,0
20.561,2.62,3.18,0.98,0
20.577,2.62,3.18,0.98,0
20.593,2.8,3.18,1.08,0
20.609,2.8,3.18,1.08,0
20.625,2.8,3,1.17,0
20.641,2.8,3,1.26,0
20.657,2.8,3,1.26,0
20.673,2.8,3,1.35,0
20.689,2.8,3,1.35,0
20.705,2.8,3,1.45,0
20.721,2.8,3,1.45,0
20.737,2.99,3,1.54,0
20.753,2.99,3,1.54,0
20.769,2.99,2.81,1.62,0
20.785,2.99,2.81,1.62,0
20.801,2.99,2.81,1.71,0
20.817,2.99,2.81,1.71,0
20.833,2.99,2.81,1.79,0
20.849,2.99,2.81,1.79,0
20.865,2.99,2.81,1.88,0
20.881,2.99,2.81,1.96,0
20.897,3.17,2.81,1.96,0
20.913,3.17,2.63,2.04,0
20.929,3.17,2.63,2.04,0
20.945,3.17,2.63,2.12,0
20.961,3.17,2.63,2.12,0
20.977,3.17,2.63,2.2,0
20.993,3.17,2.63,2.2,0
21.009,3.17,2.63,2.28,0
21.025,3.17,2.63,2.28,0
21.041,3.17,2.63,2.36,0
21.057,3.17,2.63,2.36,0
21.073,3.17,2.63,2.44,0
21.089,3.17,2.63,2.44,0
21.105,3.35,2.63,2.52,0
21.121,3.35,2.45,2.59,0
21.137,3.35,2.45,2.59,0
21.153,3.35,2.45,2.67,0
21.169,3.35,2.45,2.67,0
21.185,3.35,2.45,2.74,0
21.201,3.35,2.45,2.74,0
21.217,3.35,2.45,2.81,0
21.233,3.35,2.45,2.81,0
21.249,3.35,2.45,2.89,0
21.265,3.35,2.45,2.89,0
21.281,3.35,2.45,2.96,0
21.297,3.35,2.45,2.96,0
21.313,3.35,2.45,3.03,0
21.329,3.54,2.45,3.03,0
21.345,3.54,2.26,3.1,0
21.361,3.54,2.26,3.1,0
21.377,3.54,2.26,3.17,0
21.393,3.54,2.26,3.24,0
21.409,3.54,2.26,3.24,0
21.425,3.54,2.26,3.31,0
21.441,3.54,2.26,3.31,0
21.457,3.54,2.26,3.38,0
21.473,3.54,2.26,3.38,0
21.489,3.54,2.26,3.45,0
21.505,3.54,2.26,3.45,0
21.521,3.54,2.26,3.51,0
21.537,3.54,2.26,3.51,0
21.553,3.54,2.26,3.58,0
21.569,3.54,2.26,3.58,0
21.585,3.72,2.26,3.65,0
21.601,3.72,2.26,3.65,0
21.617,3.72,2.08,3.71,0
21.633,3.72,2.08,3.78,0
21.649,3.72,2.08,3.78,0
21.665,3.72,2.08,3.84,0
21.681,3.72,2.08,3.84,0
21.697,3.72,2.08,3.9,0
21.713,3.72,2.08,3.9,0
21.729,3.72,2.08,3.96,0
21.745,3.72,2.08,3.96,0
21.761,3.72,2.08,4.03,0
21.777,3.72,2.08,4.03,0
21.793,3.72,2.08,4.09,0
21.809,3.72,2.08,4.09,0
21.825,3.72,2.08,4.15,0
21.841,3.72,2.08,4.15,0
21.857,3.72,2.08,4.21,0
21.873,3.72,2.08,4.28,0
21.889,3.72,2.08,4.28,0
21.905,3.72,2.08,4.34,0
21.921,3.9,2.08,4.34,0
21.937,3.72,1.9,4.4,0
21.953,3.9,1.9,4.4,0
21.969,3.9,1.9,4.45,0
21.985,3.9,1.9,4.45,0
22.001,3.9,1.9,4.51,0
22.017,3.9,1.9,4.51,0
22.033,3.9,1.9,4.57,0
22.049,3.9,1.9,4.57,0
22.065,3.9,1.9,4.62,0
22.081,3.9,1.9,4.62,0
22.097,3.9,1.9,4.68,0
22.113,3.9,1.9,4.74,0
22.129,3.9,1.9,4.74,0
22.145,3.9,1.9,4.8,0
22.161,3.9,1.9,4.8,0
22.177,3.9,1.9,4.85,0
22.193,3.9,1.9,4.85,0
22.209,3.9,0.39,4.89,0
22.225,3.9,0.39,4.89,0
22.241,3.9,-1.41,4.87,0
22.257,3.9,-1.41,4.87,0
22.273,3.9,-3.21,4.8,0
22.289,3.9,-3.21,4.8,0
22.305,3.72,-3.9,4.7,0
22.321,3.72,-3.9,4.7,0
22.337,3.72,-3.72,4.58,0
22.353,3.72,-3.72,4.58,0
22.369,3.72,-3.72,4.46,0
22.385,3.72,-3.72,4.35,0
22.401,3.72,-3.72,4.35,0
22.417,3.72,-3.72,4.24,0
22.433,3.72,-3.72,4.24,0
22.449,3.72,-3.72,4.13,0
22.465,3.72,-3.72,4.13,0
22.481,3.72,-3.72,4.02,0
22.497,3.54,-3.72,4.02,0
22.513,3.54,-3.54,3.91,0
22.529,3.54,-3.54,3.91,0
22.545,3.54,-3.54,3.8,0
22.561,3.54,-3.54,3.8,0
22.577,3.54,-3.54,3.69,0
22.593,3.54,-3.54,3.69,0
22.609,3.54,-3.54,3.59,0
22.625,3.54,-3.54,3.48,0
22.641,3.54,-3.54,3.48,0
22.657,3.54,-3.54,3.38,0
22.673,3.35,-3.54,3.38,0
22.689,3.35,-3.35,3.27,0
22.705,3.35,-3.35,3.27,0
22.721,3.54,-3.35,3.17,0
22.737,3.35,-3.35,3.17,0
22.753,3.35,-3.35,3.07,0
22.769,3.35,-3.35,3.07,0
22.785,3.35,-3.35,2.97,0
22.801,3.35,-3.35,2.97,0
22.817,3.35,-3.35,2.87,0
22.833,3.35,-3.35,2.87,0
22.849,3.35,-3.35,2.77,0
22.865,3.35,-3.35,2.77,0
22.881,3.35,-3.35,2.66,0
22.897,3.17,-3.35,2.56,0
22.913,3.17,-3.35,2.56,0
22.929,3.17,-3.17,2.46,0
22.945,3.17,-3.17,2.46,0
22.961,3.17,-3.17,2.37,0
22.977,3.17,-3.17,2.37,0
22.993,3.17,-3.17,2.27,0
23.009,3.17,-3.17,2.27,0
23.025,3.17,-3.17,2.18,0
23.041,3.17,-3.17,2.18,0
23.057,3.17,-3.17,2.08,0
23.073,2.99,-3.17,2.08,0
23.089,2.99,-2.99,1.99,0
23.105,2.99,-2.99,1.99,0
23.121,2.99,-2.99,1.9,0
23.137,2.99,-2.99,1.81,0
23.153,2.99,-2.99,1.81,0
23.169,2.99,-2.99,1.72,0
23.185,2.99,-2.99,1.72,0
23.201,2.99,-2.99,1.63,0
23.217,2.99,-2.99,1.63,0
23.233,2.99,-2.99,1.54,0
23.249,2.99,-2.99,1.54,0
23.265,2.99,-2.99,1.45,0
23.281,2.99,-2.99,1.45,0
23.297,2.8,-2.99,1.36,0
23.313,2.8,-2.99,1.36,0
23.329,2.8,-2.8,1.28,0
23.345,2.8,-2.8,1.28,0
23.361,2.8,-2.8,1.19,0
23.377,2.8,-2.8,1.19,0
23.393,2.8,-2.8,1.1,0
23.409,2.8,-2.8,1.02,0
23.425,2.8,-2.8,1.02,0
23.441,2.8,-2.8,0.93,0
23.457,2.8,-2.8,0.93,0
23.473,2.8,-2.8,0.85,0
23.489,2.8,-2.8,0.85,0
23.505,2.8,-2.8,0.77,0
23.521,2.8,-2.8,0.77,0
23.537,2.62,-2.8,0.68,0
23.553,2.62,-2.8,0.68,0
23.569,2.62,-2.62,0.6,0
23.585,2.62,-2.62,0.6,0
23.601,2.62,-2.62,0.52,0
23.617,2.62,-2.62,0.52,0
23.633,2.62,-2.62,0.44,0
23.649,2.62,-2.62,0.36,0
23.665,2.44,-2.62,0.36,0
23.681,2.62,-2.44,0.29,0
23.697,2.62,-2.44,0.29,0
23.713,2.62,-2.62,0.21,0
23.729,2.62,-2.62,0.21,0
23.745,2.44,-2.62,0.13,0
23.761,2.44,-2.62,0.13,0
23.777,2.44,-2.44,0.06,0
23.793,2.44,-2.44,0.06,0
23.809,2.44,-2.44,-0.01,0
23.825,2.44,-2.44,-0.01,0
23.841,2.44,-2.44,-0.09,0
23.857,2.44,-2.44,-0.09,0
23.873,2.44,-2.44,-0.16,0
23.889,2.44,-2.44,-0.16,0
23.905,2.44,-2.44,-0.24,0
23.921,2.44,-2.44,-0.31,0
23.937,2.25,-2.44,-0.31,0
23.953,2.25,-2.25,-0.38,0
23.969,2.44,-2.25,-0.38,0
23.985,2.44,-2.44,-0.45,0
24.001,2.44,-2.44,-0.45,0
24.017,2.25,-2.44,-0.53,0
24.033,2.25,-2.44,-0.53,0
24.049,2.25,-2.25,-0.6,0
24.065,2.25,-2.25,-0.6,0
24.081,2.25,-2.25,-0.66,0
24.097,2.25,-2.25,-0.66,0
24.113,2.25,-2.25,-0.73,0
24.129,2.25,-2.25,-0.73,0
24.145,2.25,-2.25,-0.8,0
24.161,2.25,-2.25,-0.87,0
24.173,2.25,0,0,1
24.194,2.07,0,0,0
24.21,2.07,0,0,0
24.226,2.07,-1.49,-0.02,0
24.243,2.07,-1.49,-0.02,0
24.259,2.07,0.31,-0.04,0
24.275,2.07,0.31,-0.04,0
24.291,2.07,2.1,-0,0
24.307,2.07,2.1,-0,0
24.323,2.07,3.73,0.08,0
24.339,2.07,3.73,0.08,0
24.355,2.25,3.73,0.2,0
24.371,2.25,3.73,0.2,0
24.387,2.25,3.55,0.3,0
24.403,2.25,3.55,0.41,0
24.419,2.25,3.55,0.41,0
24.435,2.44,3.55,0.52,0
24.451,2.44,3.55,0.52,0
24.467,2.25,3.36,0.62,0
24.483,2.44,3.36,0.62,0
24.499,2.44,3.36,0.72,0
24.515,2.44,3.36,0.72,0
24.531,2.44,3.36,0.82,0
24.547,2.62,3.36,0.82,0
24.563,2.62,3.18,0.92,0
24.579,2.62,3.18,0.92,0
24.595,2.62,3.18,1.02,0
24.611,2.62,3.18,1.02,0
24.627,2.62,3.18,1.11,0
24.643,2.62,3.18,1.21,0
24.659,2.62,3.18,1.21,0
24.675,2.8,3.18,1.3,0
24.691,2.8,3.18,1.3,0
24.707,2.8,3,1.39,0
24.723,2.8,3,1.39,0
24.739,2.8,3,1.48,0
24.755,2.8,3,1.48,0
24.771,2.8,3,1.57,0
24.787,2.99,3,1.57,0
24.803,2.99,2.81,1.66,0
24.819,2.99,2.81,1.66,0
24.835,2.99,2.81,1.75,0
24.851,2.99,2.81,1.75,0
24.867,2.99,2.81,1.83,0
24.883,2.99,2.81,1.92,0
24.899,2.99,2.81,1.92,0
24.915,2.99,2.81,2,0
24.931,2.99,2.81,2,0
24.947,2.99,2.81,2.09,0
24.963,2.99,2.81,2.09,0
24.979,2.99,2.81,2.17,0
24.995,3.17,2.81,2.17,0
25.011,2.99,2.63,2.25,0
25.027,3.17,2.63,2.25,0
25.043,3.17,2.63,2.33,0
25.059,3.17,2.63,2.33,0
25.075,3.17,2.63,2.41,0
25.091,3.17,2.63,2.41,0
25.107,3.17,2.63,2.49,0
25.123,3.17,2.63,2.57,0
25.139,3.17,2.63,2.57,0
25.155,3.17,2.63,2.65,0
25.171,3.17,2.63,2.65,0
25.187,3.35,2.63,2.73,0
25.203,3.35,2.63,2.73,0
25.219,3.35,2.45,2.8,0
25.235,3.35,2.45,2.8,0
25.251,3.35,2.45,2.88,0
25.267,3.35,2.45,2.88,0
25.283,3.35,2.45,2.95,0
25.299,3.35,2.45,2.95,0
25.315,3.35,2.45,3.02,0
25.331,3.35,2.45,3.02,0
25.347,3.35,2.45,3.1,0
25.363,3.35,2.45,3.1,0
25.379,3.35,2.45,3.17,0
25.395,3.35,2.45,3.17,0
25.411,3.54,2.45,3.25,0
25.427,3.54,2.26,3.32,0
25.443,3.54,2.26,3.32,0
25.459,3.54,2.26,3.39,0
25.475,3.54,2.26,3.39,0
25.491,3.54,2.26,3.46,0
25.507,3.54,2.26,3.46,0
25.523,3.54,2.26,3.52,0
25.539,3.54,2.26,3.52,0
25.555,3.54,2.26,3.59,0
25.571,3.54,2.26,3.59,0
25.587,3.54,2.26,3.66,0
25.603,3.54,2.26,3.66,0
25.619,3.54,2.26,3.73,0
25.635,3.54,2.26,3.73,0
25.651,3.54,2.26,3.8,0
25.667,3.54,2.26,3.86,0
25.683,3.54,2.26,3.86,0
25.699,3.72,2.26,3.93,0
25.715,3.72,2.26,3.93,0
25.731,3.72,2.08,4,0
25.747,3.72,2.08,4,0
25.763,3.72,2.08,4.06,0
25.779,3.72,2.08,4.06,0
25.795,3.72,2.08,4.12,0
25.811,3.72,2.08,4.12,0
25.827,3.72,2.08,4.18,0
25.843,3.72,2.08,4.18,0
25.859,3.72,2.08,4.25,0
25.875,3.72,2.08,4.25,0
25.891,3.72,2.08,4.31,0
25.907,3.72,2.08,4.37,0
25.923,3.72,2.08,4.37,0
25.939,3.72,2.08,4.43,0
25.955,3.72,2.08,4.43,0
25.971,3.72,2.08,4.5,0
25.987,3.72,2.08,4.5,0
26.003,3.72,2.08,4.56,0
26.019,3.9,2.08,4.56,0
26.035,3.72,1.9,4.62,0
26.051,3.9,1.9,4.62,0
26.067,3.9,1.9,4.68,0
26.083,3.9,1.9,4.68,0
26.099,3.9,1.9,4.73,0
26.115,3.9,1.9,4.73,0
26.131,3.9,1.9,4.79,0
26.147,3.9,1.9,4.79,0
26.163,3.9,1.9,4.85,0
26.179,3.9,1.9,4.91,0
26.195,3.9,1.9,4.91,0
26.211,3.9,1.9,4.96,0
26.227,3.9,1.9,4.96,0
26.243,3.9,0.33,5,0
26.259,3.9,0.33,5,0
26.275,3.9,-1.47,4.98,0
26.291,3.9,-1.47,4.98,0
26.307,3.72,-3.27,4.91,0
26.323,3.9,-3.27,4.91,0
26.339,3.72,-3.9,4.8,0
26.355,3.72,-3.9,4.8,0
26.371,3.72,-3.72,4.69,0
26.387,3.72,-3.72,4.69,0
26.403,3.72,-3.72,4.57,0
26.419,3.72,-3.72,4.57,0
26.435,3.72,-3.72,4.46,0
26.451,3.72,-3.72,4.34,0
26.467,3.72,-3.72,4.34,0
26.483,3.72,-3.72,4.23,0
26.499,3.72,-3.72,4.23,0
26.515,3.72,-3.72,4.12,0
26.531,3.54,-3.72,4.12,0
26.547,3.54,-3.54,4.01,0
26.563,3.54,-3.54,4.01,0
26.579,3.54,-3.54,3.91,0
26.595,3.54,-3.54,3.91,0
26.611,3.54,-3.54,3.8,0
26.627,3.54,-3.54,3.8,0
26.643,3.54,-3.54,3.69,0
26.659,3.54,-3.54,3.69,0
26.675,3.54,-3.54,3.59,0
26.691,3.35,-3.54,3.48,0
26.707,3.35,-3.54,3.48,0
26.723,3.54,-3.35,3.38,0
26.739,3.35,-3.35,3.38,0
26.755,3.35,-3.35,3.28,0
26.771,3.35,-3.35,3.28,0
26.787,3.35,-3.35,3.18,0
26.803,3.35,-3.35,3.18,0
26.819,3.35,-3.35,3.08,0
26.835,3.35,-3.35,3.08,0
26.851,3.35,-3.35,2.97,0
26.867,3.35,-3.35,2.97,0
26.883,3.17,-3.35,2.87,0
26.899,3.17,-3.35,2.87,0
26.915,3.17,-3.17,2.78,0
26.931,3.17,-3.17,2.68,0
26.947,3.17,-3.17,2.68,0
26.963,3.17,-3.17,2.58,0
26.979,3.17,-3.17,2.58,0
26.995,3.17,-3.17,2.49,0
27.011,3.17,-3.17,2.49,0
27.027,3.17,-3.17,2.39,0
27.043,3.17,-3.17,2.39,0
27.059,3.17,-3.17,2.3,0
27.075,3.17,-3.17,2.3,0
27.091,3.17,-3.17,2.2,0
27.107,2.99,-3.17,2.2,0
27.123,2.99,-2.99,2.11,0
27.139,2.99,-2.99,2.11,0
27.155,2.99,-2.99,2.02,0
27.171,2.99,-2.99,1.93,0
27.187,2.99,-2.99,1.93,0
27.203,2.99,-2.99,1.84,0
27.219,2.99,-2.99,1.84,0
27.235,2.99,-2.99,1.75,0
27.251,2.99,-2.99,1.75,0
27.267,2.99,-2.99,1.66,0
27.283,2.99,-2.99,1.66,0
27.299,2.99,-2.99,1.57,0
27.315,2.8,-2.99,1.57,0
27.331,2.8,-2.8,1.49,0
27.347,2.99,-2.8,1.49,0
27.363,2.8,-2.99,1.4,0
27.379,2.8,-2.99,1.4,0
27.395,2.8,-2.8,1.31,0
27.411,2.8,-2.8,1.23,0
27.427,2.8,-2.8,1.23,0
27.443,2.8,-2.8,1.14,0
27.459,2.8,-2.8,1.14,0
27.475,2.8,-2.8,1.06,0
27.491,2.8,-2.8,1.06,0
27.507,2.8,-2.8,0.98,0
27.523,2.62,-2.8,0.98,0
27.539,2.62,-2.62,0.89,0
27.555,2.62,-2.62,0.89,0
27.571,2.62,-2.62,0.82,0
27.587,2.62,-2.62,0.82,0
27.603,2.62,-2.62,0.74,0
27.619,2.62,-2.62,0.74,0
27.635,2.62,-2.62,0.66,0
27.651,2.62,-2.62,0.58,0
27.667,2.62,-2.62,0.58,0
27.683,2.62,-2.62,0.5,0
27.699,2.62,-2.62,0.5,0
27.715,2.62,-2.62,0.42,0
27.731,2.62,-2.62,0.42,0
27.747,2.62,-2.62,0.34,0
27.763,2.62,-2.62,0.34,0
27.779,2.44,-2.62,0.26,0
27.795,2.44,-2.62,0.26,0
27.811,2.44,-2.44,0.19,0
27.827,2.44,-2.44,0.19,0
27.843,2.44,-2.44,0.12,0
27.859,2.44,-2.44,0.12,0
27.875,2.44,-2.44,0.04,0
27.891,2.44,-2.44,-0.03,0
27.907,2.44,-2.44,-0.03,0
27.923,2.44,-2.44,-0.1,0
27.939,2.44,-2.44,-0.1,0
27.955,2.44,-2.44,-0.18,0
27.971,2.25,-2.44,-0.18,0
27.987,2.25,-2.25,-0.25,0
28.003,2.25,-2.25,-0.25,0
28.019,2.25,-2.25,-0.31,0
28.035,2.25,-2.25,-0.31,0
28.051,2.25,-2.25,-0.38,0
28.067,2.25,-2.25,-0.38,0
28.083,2.25,-2.25,-0.45,0
28.099,2.25,-2.25,-0.45,0
28.115,2.25,-2.25,-0.52,0
28.131,2.25,-2.25,-0.59,0
28.147,2.25,-2.25,-0.59,0
28.163,2.25,-2.25,-0.65,0
28.179,2.25,-2.25,-0.65,0
28.195,2.25,-2.25,-0.72,0
28.207,2.25,0,0,1
28.229,2.25,0,0,0
28.245,2.25,0,0,0
28.261,2.07,-1.73,-0.03,0
28.277,2.07,-1.73,-0.03,0
28.293,2.07,0.25,-0.05,0
28.309,2.07,0.25,-0.05,0
28.325,2.07,2.05,-0.01,0
28.341,2.07,2.05,-0.01,0
28.357,2.07,3.73,0.07,0
28.373,2.07,3.73,0.07,0
28.389,2.07,3.73,0.18,0
28.405,2.25,3.73,0.18,0
28.421,2.25,3.55,0.29,0
28.437,2.25,3.55,0.4,0
28.453,2.25,3.55,0.4,0
28.469,2.25,3.55,0.51,0
28.485,2.44,3.55,0.51,0
28.501,2.44,3.36,0.61,0
28.517,2.44,3.36,0.61,0
28.533,2.44,3.36,0.71,0
28.549,2.44,3.36,0.71,0
28.565,2.44,3.36,0.81,0
28.581,2.44,3.36,0.81,0
28.597,2.62,3.36,0.91,0
28.613,2.62,3.36,0.91,0
28.629,2.62,3.18,1.01,0
28.645,2.62,3.18,1.01,0
28.661,2.8,3.18,1.11,0
28.677,2.62,3.18,1.11,0
28.693,2.62,3.18,1.2,0
28.709,2.8,3.18,1.3,0
28.725,2.8,3.18,1.3,0
28.741,2.8,3,1.39,0
28.757,2.8,3,1.39,0
28.773,2.8,3,1.48,0
28.789,2.8,3,1.48,0
28.805,2.8,3,1.57,0
28.821,2.8,3,1.57,0
28.837,2.8,3,1.66,0
28.853,2.99,3,1.66,0
28.869,2.99,2.81,1.75,0
28.885,2.99,2.81,1.75,0
28.901,2.99,2.81,1.83,0
28.917,2.99,2.81,1.83,0
28.933,2.99,2.81,1.92,0
28.949,2.99,2.81,2,0
28.965,2.99,2.81,2,0
28.981,2.99,2.81,2.09,0
28.997,3.17,2.81,2.09,0
29.013,2.99,2.63,2.17,0
29.029,2.99,2.63,2.17,0
29.045,3.17,2.81,2.25,0
29.061,2.99,2.81,2.25,0
29.077,3.17,2.81,2.34,0
29.093,3.17,2.81,2.34,0
29.109,3.17,2.63,2.42,0
29.125,3.17,2.63,2.42,0
29.141,3.17,2.63,2.5,0
29.157,3.17,2.63,2.5,0
29.173,3.17,2.63,2.58,0
29.189,3.17,2.63,2.58,0
29.205,3.17,2.63,2.66,0
29.221,3.35,2.63,2.74,0
29.237,3.17,2.63,2.74,0
29.253,3.17,2.63,2.82,0
29.269,3.35,2.63,2.82,0
29.285,3.35,2.45,2.89,0
29.301,3.35,2.45,2.89,0
29.317,3.35,2.45,2.97,0
29.333,3.35,2.45,2.97,0
29.349,3.35,2.45,3.04,0
29.365,3.35,2.45,3.04,0
29.381,3.35,2.45,3.11,0
29.397,3.35,2.45,3.11,0
29.413,3.35,2.45,3.19,0
29.429,3.35,2.45,3.19,0
29.445,3.35,2.45,3.26,0
29.461,3.35,2.45,3.33,0
29.477,3.54,2.45,3.33,0
29.493,3.54,2.26,3.41,0
29.509,3.54,2.26,3.41,0
29.525,3.54,2.26,3.47,0
29.541,3.54,2.26,3.47,0
29.557,3.54,2.26,3.54,0
29.573,3.54,2.26,3.54,0
29.589,3.54,2.26,3.61,0
29.605,3.54,2.26,3.61,0
29.621,3.54,2.26,3.68,0
29.637,3.54,2.26,3.68,0
29.653,3.54,2.26,3.74,0
29.669,3.54,2.26,3.74,0
29.685,3.54,2.26,3.81,0
29.701,3.54,2.26,3.81,0
29.717,3.54,2.26,3.88,0
29.733,3.54,2.26,3.95,0
29.749,3.54,2.26,3.95,0
29.765,3.72,2.26,4.02,0
29.781,3.72,2.26,4.02,0
29.797,3.72,2.08,4.08,0
29.813,3.72,2.08,4.08,0
29.829,3.72,2.08,4.15,0
29.845,3.72,2.08,4.15,0
29.861,3.72,2.08,4.21,0
29.877,3.72,2.08,4.21,0
29.893,3.72,2.08,4.27,0
29.909,3.72,2.08,4.27,0
29.925,3.72,2.08,4.33,0
29.941,3.72,2.08,4.33,0
29.957,3.72,2.08,4.4,0
29.973,3.72,2.08,4.46,0
29.989,3.72,2.08,4.46,0
30.005,3.72,2.08,4.52,0
30.021,3.72,2.08,4.52,0
30.037,3.72,2.08,4.58,0
30.053,3.9,2.08,4.58,0
30.069,3.72,1.9,4.64,0
30.085,3.72,1.9,4.64,0
30.101,3.72,2.08,4.7,0
30.117,3.9,2.08,4.7,0
30.133,3.9,1.9,4.76,0
30.149,3.9,1.9,4.76,0
30.165,3.9,1.9,4.82,0
30.181,3.9,1.9,4.82,0
30.197,3.9,1.9,4.88,0
30.213,3.9,1.9,4.88,0
30.229,3.9,1.9,4.94,0
30.245,3.9,1.9,4.99,0
30.261,3.9,1.9,4.99,0
30.277,3.9,0.39,5.03,0
30.293,3.9,0.39,5.03,0
30.309,3.9,-1.41,5.01,0
30.325,3.9,-1.41,5.01,0
30.341,3.9,-3.21,4.94,0
30.357,3.72,-3.21,4.94,0
30.373,3.72,-3.72,4.84,0
30.389,3.72,-3.72,4.84,0
30.405,3.72,-3.72,4.73,0
30.421,3.72,-3.72,4.73,0
30.437,3.72,-3.72,4.62,0
30.453,3.72,-3.72,4.62,0
30.469,3.72,-3.72,4.5,0
30.485,3.72,-3.72,4.39,0
30.501,3.72,-3.72,4.39,0
30.517,3.72,-3.72,4.28,0
30.533,3.54,-3.72,4.28,0
30.549,3.54,-3.54,4.17,0
30.565,3.72,-3.54,4.17,0
30.581,3.54,-3.72,4.06,0
30.597,3.54,-3.72,4.06,0
30.613,3.54,-3.54,3.95,0
30.629,3.54,-3.54,3.95,0
30.645,3.54,-3.54,3.84,0
30.661,3.54,-3.54,3.84,0
30.677,3.54,-3.54,3.74,0
30.693,3.54,-3.54,3.74,0
30.709,3.35,-3.54,3.63,0
30.725,3.35,-3.35,3.53,0
30.741,3.35,-3.35,3.53,0
30.757,3.35,-3.35,3.43,0
30.773,3.35,-3.35,3.43,0
30.789,3.35,-3.35,3.33,0
30.805,3.35,-3.35,3.33,0
30.821,3.35,-3.35,3.23,0
30.837,3.35,-3.35,3.23,0
30.853,3.35,-3.35,3.13,0
30.869,3.35,-3.35,3.13,0
30.885,3.35,-3.35,3.03,0
30.901,3.17,-3.35,3.03,0
30.917,3.17,-3.17,2.93,0
30.933,3.17,-3.17,2.93,0
30.949,3.17,-3.17,2.83,0
30.965,3.17,-3.17,2.74,0
30.981,3.17,-3.17,2.74,0
30.997,3.17,-3.17,2.64,0
31.013,3.17,-3.17,2.64,0
31.029,3.17,-3.17,2.55,0
31.045,3.17,-3.17,2.55,0
31.061,2.99,-3.17,2.45,0
31.077,3.17,-3.17,2.45,0
31.093,2.99,-3.17,2.36,0
31.109,2.99,-3.17,2.36,0
31.125,2.99,-2.99,2.26,0
31.141,2.99,-2.99,2.26,0
31.157,2.99,-2.99,2.17,0
31.173,2.99,-2.99,2.17,0
31.189,2.99,-2.99,2.09,0
31.205,2.99,-2.99,2,0
31.221,2.99,-2.99,2,0
31.237,2.99,-2.99,1.91,0
31.253,2.99,-2.99,1.91,0
31.269,2.99,-2.99,1.82,0
31.285,2.99,-2.99,1.82,0
31.301,2.99,-2.99,1.73,0
31.317,2.99,-2.99,1.73,0
31.333,2.8,-2.99,1.64,0
31.349,2.8,-2.99,1.64,0
31.365,2.8,-2.8,1.55,0
31.381,2.8,-2.8,1.55,0
31.397,2.8,-2.8,1.47,0
31.413,2.8,-2.8,1.47,0
31.429,2.8,-2.8,1.38,0
31.445,2.8,-2.8,1.3,0
31.461,2.8,-2.8,1.3,0
31.477,2.8,-2.8,1.21,0
31.493,2.8,-2.8,1.21,0
31.509,2.8,-2.8,1.13,0
31.525,2.8,-2.8,1.13,0
31.541,2.8,-2.8,1.05,0
31.557,2.62,-2.8,1.05,0
31.573,2.62,-2.62,0.96,0
31.589,2.8,-2.62,0.96,0
31.605,2.62,-2.8,0.88,0
31.621,2.62,-2.8,0.88,0
31.637,2.62,-2.62,0.8,0
31.653,2.62,-2.62,0.8,0
31.669,2.62,-2.62,0.72,0
31.685,2.62,-2.62,0.64,0
31.701,2.62,-2.62,0.64,0
31.717,2.62,-2.62,0.57,0
31.733,2.44,-2.62,0.57,0
31.749,2.62,-2.44,0.49,0
31.765,2.62,-2.44,0.49,0
31.781,2.62,-2.62,0.41,0
31.797,2.44,-2.62,0.41,0
31.813,2.44,-2.44,0.34,0
31.829,2.44,-2.44,0.34,0
31.845,2.44,-2.44,0.26,0
31.861,2.44,-2.44,0.26,0
31.877,2.44,-2.44,0.19,0
31.893,2.44,-2.44,0.19,0
31.909,2.44,-2.44,0.12,0
31.925,2.44,-2.44,0.12,0
31.941,2.44,-2.44,0.04,0
31.957,2.44,-2.44,-0.03,0
31.973,2.44,-2.44,-0.03,0
31.989,2.44,-2.44,-0.1,0
32.005,2.25,-2.44,-0.1,0
32.021,2.25,-2.25,-0.17,0
32.037,2.25,-2.25,-0.17,0
32.053,2.25,-2.25,-0.24,0
32.069,2.25,-2.25,-0.24,0
32.085,2.25,-2.25,-0.31,0
32.101,2.25,-2.25,-0.31,0
32.117,2.25,-2.25,-0.38,0
32.133,2.25,-2.25,-0.38,0
32.149,2.25,-2.25,-0.44,0
32.165,2.25,-2.25,-0.44,0
32.181,2.25,-2.25,-0.51,0
32.197,2.25,-2.25,-0.58,0
32.213,2.25,-2.25,-0.58,0
32.229,2.25,-2.25,-0.65,0
32.241,2.25,0,0,1
32.262,2.07,0,0,0
32.278,2.07,0,0,0
32.294,2.07,-1.49,-0.02,0
32.31,2.07,-1.49,-0.02,0
32.326,2.07,0.31,-0.04,0
32.342,2.07,0.31,-0.04,0
32.358,2.07,2.1,-0,0
32.374,2.07,2.1,-0,0
32.39,2.07,3.73,0.08,0
32.406,2.07,3.73,0.08,0
32.422,2.07,3.73,0.2,0
32.438,2.25,3.73,0.2,0
32.454,2.25,3.55,0.3,0
32.47,2.25,3.55,0.3,0
32.486,2.25,3.55,0.41,0
32.502,2.25,3.55,0.52,0
32.518,2.44,3.55,0.52,0
32.534,2.44,3.36,0.62,0
32.55,2.44,3.36,0.62,0
32.566,2.44,3.36,0.73,0
32.582,2.44,3.36,0.73,0
32.598,2.44,3.36,0.83,0
32.614,2.44,3.36,0.83,0
32.63,2.44,3.36,0.93,0
32.646,2.62,3.36,0.93,0
32.662,2.62,3.18,1.03,0
32.678,2.62,3.18,1.03,0
32.694,2.62,3.18,1.12,0
32.71,2.62,3.18,1.12,0
32.726,2.62,3.18,1.22,0
32.742,2.62,3.18,1.31,0
32.758,2.8,3.18,1.31,0
32.774,2.8,3,1.4,0
32.79,2.8,3,1.4,0
32.806,2.8,3,1.49,0
32.822,2.8,3,1.49,0
32.838,2.8,3,1.58,0
32.854,2.8,3,1.58,0
32.87,2.8,3,1.67,0
32.886,2.99,3,1.67,0
32.902,2.99,2.81,1.76,0
32.918,2.99,2.81,1.76,0
32.934,2.99,2.81,1.84,0
32.95,2.99,2.81,1.84,0
32.966,2.99,2.81,1.93,0
32.982,2.99,2.81,2.01,0
32.998,2.99,2.81,2.01,0
33.014,2.99,2.81,2.1,0
33.03,2.99,2.81,2.1,0
33.046,2.99,2.81,2.18,0
33.062,2.99,2.81,2.18,0
33.078,3.17,2.81,2.27,0
33.094,3.17,2.81,2.27,0
33.11,3.17,2.63,2.35,0
33.126,3.17,2.63,2.35,0
33.142,3.17,2.63,2.43,0
33.158,3.17,2.63,2.43,0
33.174,3.17,2.63,2.51,0
33.19,3.17,2.63,2.51,0
33.206,3.17,2.63,2.59,0
33.222,3.17,2.63,2.66,0
33.238,3.17,2.63,2.66,0
33.254,3.17,2.63,2.74,0
33.27,3.17,2.63,2.74,0
33.286,3.17,2.63,2.82,0
33.302,3.35,2.63,2.82,0
33.318,3.35,2.45,2.9,0
33.334,3.35,2.45,2.9,0
33.35,3.35,2.45,2.97,0
33.366,3.35,2.45,2.97,0
33.382,3.35,2.45,3.04,0
33.398,3.35,2.45,3.04,0
33.414,3.35,2.45,3.12,0
33.43,3.35,2.45,3.12,0
33.446,3.35,2.45,3.19,0
33.462,3.35,2.45,3.26,0
33.478,3.35,2.45,3.26,0
33.494,3.54,2.45,3.34,0
33.51,3.35,2.45,3.34,0
33.526,3.35,2.45,3.41,0
33.542,3.54,2.45,3.41,0
33.558,3.54,2.26,3.48,0
33.574,3.54,2.26,3.48,0
33.59,3.54,2.26,3.55,0
33.606,3.54,2.26,3.55,0
33.622,3.54,2.26,3.62,0
33.638,3.54,2.26,3.62,0
33.654,3.54,2.26,3.69,0
33.67,3.54,2.26,3.69,0
33.686,3.54,2.26,3.76,0
33.702,3.54,2.26,3.82,0
33.718,3.54,2.26,3.82,0
33.734,3.54,2.26,3.89,0
33.75,3.54,2.26,3.89,0
33.766,3.54,2.26,3.96,0
33.782,3.54,2.26,3.96,0
33.798,3.54,2.26,4.03,0
33.814,3.54,2.26,4.03,0
33.83,3.72,2.26,4.1,0
33.846,3.72,2.26,4.1,0
33.862,3.72,2.08,4.16,0
33.878,3.72,2.08,4.16,0
33.894,3.72,2.08,4.22,0
33.91,3.72,2.08,4.22,0
33.926,3.72,2.08,4.29,0
33.942,3.72,2.08,4.29,0
33.958,3.72,2.08,4.35,0
33.974,3.72,2.08,4.41,0
33.99,3.72,2.08,4.41,0
34.006,3.72,2.08,4.47,0
34.022,3.72,2.08,4.47,0
34.038,3.72,2.08,4.54,0
34.054,3.72,2.08,4.54,0
34.07,3.72,2.08,4.6,0
34.086,3.72,2.08,4.6,0
34.102,3.72,2.08,4.66,0
34.118,3.72,2.08,4.66,0
34.134,3.72,2.08,4.72,0
34.15,3.72,2.08,4.72,0
34.166,3.72,2.08,4.79,0
34.182,3.72,2.08,4.79,0
34.198,3.72,2.08,4.85,0
34.214,3.9,2.08,4.85,0
34.23,3.9,1.9,4.91,0
34.246,3.9,1.9,4.97,0
34.262,3.9,1.9,4.97,0
34.278,3.9,1.9,5.03,0
34.294,3.9,1.9,5.03,0
34.31,3.9,0.33,5.06,0
34.326,3.9,0.33,5.06,0
34.342,3.9,-1.47,5.04,0
34.358,3.72,-1.47,5.04,0
34.374,3.72,-3.08,4.97,0
34.39,3.72,-3.08,4.97,0
34.406,3.72,-3.72,4.87,0
34.422,3.72,-3.72,4.87,0
34.438,3.72,-3.72,4.76,0
34.454,3.72,-3.72,4.76,0
34.47,3.72,-3.72,4.65,0
34.486,3.72,-3.72,4.54,0
34.502,3.72,-3.72,4.54,0
34.518,3.72,-3.72,4.43,0
34.534,3.72,-3.72,4.43,0
34.55,3.54,-3.72,4.31,0
34.566,3.54,-3.72,4.31,0
34.582,3.54,-3.54,4.21,0
34.598,3.54,-3.54,4.21,0
34.614,3.54,-3.54,4.1,0
34.63,3.54,-3.54,4.1,0
34.646,3.54,-3.54,3.99,0
34.662,3.54,-3.54,3.99,0
34.678,3.54,-3.54,3.89,0
34.694,3.54,-3.54,3.89,0
34.71,3.54,-3.54,3.78,0
34.726,3.35,-3.54,3.78,0
34.742,3.35,-3.35,3.67,0
34.758,3.35,-3.35,3.57,0
34.774,3.35,-3.35,3.57,0
34.79,3.35,-3.35,3.47,0
34.806,3.35,-3.35,3.47,0
34.822,3.35,-3.35,3.37,0
34.838,3.35,-3.35,3.37,0
34.854,3.35,-3.35,3.27,0
34.87,3.35,-3.35,3.27,0
34.886,3.35,-3.35,3.17,0
34.902,3.35,-3.35,3.17,0
34.918,3.17,-3.35,3.07,0
34.934,3.17,-3.35,3.07,0
34.95,3.17,-3.17,2.97,0
34.966,3.17,-3.17,2.97,0
34.982,3.17,-3.17,2.87,0
34.998,3.17,-3.17,2.78,0
35.014,3.17,-3.17,2.78,0
35.03,3.17,-3.17,2.68,0
35.046,3.17,-3.17,2.68,0
35.062,3.17,-3.17,2.59,0
35.078,3.17,-3.17,2.59,0
35.094,2.99,-3.17,2.49,0
35.11,2.99,-3.17,2.49,0
35.126,2.99,-2.99,2.4,0
35.142,2.99,-2.99,2.4,0
35.158,2.99,-2.99,2.31,0
35.174,2.99,-2.99,2.31,0
35.19,2.99,-2.99,2.22,0
35.206,2.99,-2.99,2.22,0
35.222,2.99,-2.99,2.13,0
35.238,2.99,-2.99,2.13,0
35.254,2.99,-2.99,2.04,0
35.27,2.99,-2.99,1.95,0
35.286,2.99,-2.99,1.95,0
35.302,2.99,-2.99,1.86,0
35.318,2.99,-2.99,1.86,0
35.334,2.8,-2.99,1.77,0
35.35,2.8,-2.99,1.77,0
35.366,2.8,-2.8,1.68,0
35.382,2.8,-2.8,1.68,0
35.398,2.8,-2.8,1.6,0
35.414,2.8,-2.8,1.6,0
35.43,2.8,-2.8,1.51,0
35.446,2.8,-2.8,1.51,0
35.462,2.8,-2.8,1.43,0
35.478,2.8,-2.8,1.43,0
35.494,2.8,-2.8,1.34,0
35.51,2.8,-2.8,1.26,0
35.526,2.8,-2.8,1.26,0
35.542,2.8,-2.8,1.18,0
35.558,2.62,-2.8,1.18,0
35.574,2.62,-2.62,1.09,0
35.59,2.62,-2.62,1.09,0
35.606,2.62,-2.62,1.02,0
35.622,2.62,-2.62,1.02,0
35.638,2.62,-2.62,0.94,0
35.654,2.62,-2.62,0.94,0
35.67,2.62,-2.62,0.86,0
35.686,2.62,-2.62,0.86,0
35.702,2.62,-2.62,0.78,0
35.718,2.62,-2.62,0.78,0
35.734,2.62,-2.62,0.7,0
35.75,2.44,-2.62,0.7,0
35.766,2.62,-2.44,0.62,0
35.782,2.62,-2.62,0.54,0
35.798,2.44,-2.62,0.54,0
35.814,2.44,-2.44,0.47,0
35.83,2.44,-2.44,0.47,0
35.846,2.44,-2.44,0.4,0
35.862,2.44,-2.44,0.4,0
35.878,2.44,-2.44,0.32,0
35.894,2.44,-2.44,0.32,0
35.91,2.44,-2.44,0.25,0
35.926,2.44,-2.44,0.25,0
35.942,2.44,-2.44,0.18,0
35.958,2.25,-2.44,0.18,0
35.974,2.44,-2.25,0.11,0
35.99,2.44,-2.25,0.11,0
36.006,2.25,-2.44,0.04,0
36.022,2.25,-2.25,-0.04,0
36.038,2.25,-2.25,-0.04,0
36.054,2.25,-2.25,-0.1,0
36.07,2.25,-2.25,-0.1,0
36.086,2.25,-2.25,-0.17,0
36.102,2.25,-2.25,-0.17,0
36.118,2.25,-2.25,-0.24,0
36.134,2.25,-2.25,-0.24,0
36.15,2.25,-2.25,-0.31,0
36.166,2.25,-2.25,-0.31,0
36.182,2.25,-2.25,-0.37,0
36.198,2.25,-2.25,-0.37,0
36.214,2.25,-2.25,-0.44,0
36.23,2.25,-2.25,-0.44,0
36.246,2.25,-2.25,-0.51,0
36.262,2.07,-2.25,-0.58,0
36.275,2.07,0,0,1
36.296,2.07,0,0,0
36.312,2.25,0,0,0
36.328,2.07,-1.67,-0.03,0
36.344,2.07,-1.67,-0.03,0
36.36,2.07,0.31,-0.05,0
36.376,2.07,0.31,-0.05,0
36.392,2.07,2.1,-0.01,0
36.408,2.25,2.1,-0.01,0
36.424,2.07,3.55,0.08,0
36.44,2.07,3.55,0.08,0
36.456,2.07,3.73,0.19,0
36.472,2.25,3.73,0.19,0
36.488,2.25,3.55,0.3,0
36.504,2.25,3.55,0.3,0
36.52,2.25,3.55,0.4,0
36.536,2.25,3.55,0.51,0
36.552,2.25,3.55,0.51,0
36.568,2.44,3.55,0.62,0
36.584,2.44,3.55,0.62,0
36.6,2.44,3.36,0.72,0
36.616,2.44,3.36,0.72,0
36.632,2.44,3.36,0.82,0
36.648,2.44,3.36,0.82,0
36.664,2.62,3.36,0.92,0
36.68,2.62,3.36,0.92,0
36.696,2.62,3.18,1.02,0
36.712,2.62,3.18,1.02,0
36.728,2.62,3.18,1.12,0
36.744,2.62,3.18,1.12,0
36.76,2.62,3.18,1.21,0
36.776,2.8,3.18,1.31,0
36.792,2.62,3.18,1.31,0
36.808,2.8,3.18,1.4,0
36.824,2.8,3.18,1.4,0
36.84,2.8,3,1.49,0
36.856,2.8,3,1.49,0
36.872,2.8,3,1.58,0
36.888,2.8,3,1.58,0
36.904,2.8,3,1.67,0
36.92,2.8,3,1.67,0
36.936,2.99,3,1.76,0
36.952,2.99,3,1.76,0
36.968,2.99,2.81,1.85,0
36.984,2.99,2.81,1.85,0
37,2.99,2.81,1.93,0
37.016,2.99,2.81,2.02,0
37.032,2.99,2.81,2.02,0
37.048,2.99,2.81,2.1,0
37.064,2.99,2.81,2.1,0
37.08,2.99,2.81,2.19,0
37.096,2.99,2.81,2.19,0
37.112,2.99,2.81,2.27,0
37.128,2.99,2.81,2.27,0
37.144,3.17,2.81,2.36,0
37.16,3.17,2.81,2.36,0
37.176,3.17,2.63,2.44,0
37.192,3.17,2.63,2.44,0
37.208,3.17,2.63,2.52,0
37.224,3.17,2.63,2.52,0
37.24,3.17,2.63,2.6,0
37.256,3.17,2.63,2.68,0
37.272,3.17,2.63,2.68,0
37.288,3.17,2.63,2.76,0
37.304,3.17,2.63,2.76,0
37.32,3.17,2.63,2.84,0
37.336,3.35,2.63,2.84,0
37.352,3.35,2.45,2.91,0
37.368,3.35,2.45,2.91,0
37.384,3.35,2.45,2.98,0
37.4,3.35,2.45,2.98,0
37.416,3.35,2.45,3.06,0
37.432,3.35,2.45,3.06,0
37.448,3.35,2.45,3.13,0
37.464,3.35,2.45,3.13,0
37.48,3.35,2.45,3.21,0
37.496,3.35,2.45,3.28,0
37.512,3.35,2.45,3.28,0
37.528,3.35,2.45,3.35,0
37.544,3.35,2.45,3.35,0
37.56,3.54,2.45,3.43,0
37.576,3.35,2.45,3.43,0
37.592,3.35,2.45,3.5,0
37.608,3.35,2.45,3.5,0
37.624,3.54,2.45,3.57,0
37.64,3.54,2.45,3.57,0
37.656,3.54,2.26,3.64,0
37.672,3.54,2.26,3.64,0
37.688,3.54,2.26,3.71,0
37.704,3.54,2.26,3.71,0
37.72,3.54,2.26,3.78,0
37.736,3.54,2.26,3.85,0
37.752,3.54,2.26,3.85,0
37.768,3.54,2.26,3.91,0
37.784,3.54,2.26,3.91,0
37.8,3.72,2.26,3.98,0
37.816,3.54,2.26,3.98,0
37.832,3.54,2.26,4.05,0
37.848,3.54,2.26,4.05,0
37.864,3.54,2.26,4.12,0
37.88,3.54,2.26,4.12,0
37.896,3.54,2.26,4.19,0
37.912,3.72,2.26,4.19,0
37.928,3.72,2.08,4.25,0
37.944,3.72,2.08,4.25,0
37.96,3.72,2.08,4.31,0
37.976,3.72,2.08,4.38,0
37.992,3.72,2.08,4.38,0
38.008,3.72,2.08,4.44,0
38.024,3.72,2.08,4.44,0
38.04,3.72,2.08,4.5,0
38.056,3.72,2.08,4.5,0
38.072,3.72,2.08,4.56,0
38.088,3.72,2.08,4.56,0
38.104,3.72,2.08,4.63,0
38.12,3.72,2.08,4.63,0
38.136,3.72,2.08,4.69,0
38.152,3.72,2.08,4.69,0
38.168,3.72,2.08,4.75,0
38.184,3.72,2.08,4.75,0
38.2,3.72,2.08,4.81,0
38.216,3.72,2.08,4.81,0
38.232,3.72,2.08,4.88,0
38.248,3.72,2.08,4.94,0
38.264,3.72,2.08,4.94,0
38.28,3.72,2.08,5,0
38.296,3.72,2.08,5,0
38.312,3.72,2.08,5.06,0
38.328,3.72,2.08,5.06,0
38.344,3.9,0.51,5.1,0
38.36,3.9,0.51,5.1,0
38.376,3.9,-1.47,5.09,0
38.392,3.72,-1.47,5.09,0
38.408,3.9,-3.08,5.02,0
38.424,3.72,-3.08,5.02,0
38.44,3.72,-3.72,4.92,0
38.456,3.72,-3.72,4.92,0
38.472,3.72,-3.72,4.81,0
38.488,3.72,-3.72,4.69,0
38.504,3.72,-3.72,4.69,0
38.52,3.72,-3.72,4.58,0
38.536,3.72,-3.72,4.58,0
38.552,3.54,-3.72,4.47,0
38.568,3.54,-3.72,4.47,0
38.584,3.54,-3.54,4.36,0
38.6,3.54,-3.54,4.36,0
38.616,3.54,-3.54,4.26,0
38.632,3.54,-3.54,4.26,0
38.648,3.54,-3.54,4.15,0
38.664,3.54,-3.54,4.15,0
38.68,3.54,-3.54,4.04,0
38.696,3.54,-3.54,4.04,0
38.712,3.54,-3.54,3.94,0
38.728,3.54,-3.54,3.83,0
38.744,3.35,-3.54,3.83,0
38.76,3.35,-3.35,3.73,0
38.776,3.35,-3.35,3.73,0
38.792,3.35,-3.35,3.63,0
38.808,3.35,-3.35,3.63,0
38.824,3.35,-3.35,3.53,0
38.84,3.35,-3.35,3.53,0
38.856,3.35,-3.35,3.43,0
38.872,3.35,-3.35,3.43,0
38.888,3.35,-3.35,3.33,0
38.904,3.17,-3.35,3.33,0
38.92,3.17,-3.17,3.23,0
38.936,3.17,-3.17,3.23,0
38.952,3.17,-3.17,3.13,0
38.968,3.17,-3.17,3.04,0
38.984,3.17,-3.17,3.04,0
39,3.17,-3.17,2.94,0
39.016,3.17,-3.17,2.94,0
39.032,3.17,-3.17,2.85,0
39.048,3.17,-3.17,2.85,0
39.064,3.17,-3.17,2.75,0
39.08,2.99,-3.17,2.75,0
39.096,3.17,-2.99,2.66,0
39.112,2.99,-2.99,2.66,0
39.128,2.99,-2.99,2.57,0
39.144,2.99,-2.99,2.57,0
39.16,2.99,-2.99,2.48,0
39.176,2.99,-2.99,2.48,0
39.192,2.99,-2.99,2.39,0
39.208,2.99,-2.99,2.3,0
39.224,2.99,-2.99,2.3,0
39.24,2.99,-2.99,2.21,0
39.256,2.99,-2.99,2.21,0
39.272,2.99,-2.99,2.12,0
39.288,2.99,-2.99,2.12,0
39.304,2.99,-2.99,2.03,0
39.32,2.8,-2.99,2.03,0
39.336,2.8,-2.8,1.95,0
39.352,2.8,-2.8,1.95,0
39.368,2.8,-2.8,1.86,0
39.384,2.8,-2.8,1.86,0
39.4,2.8,-2.8,1.78,0
39.416,2.8,-2.8,1.78,0
39.432,2.8,-2.8,1.69,0
39.448,2.8,-2.8,1.61,0
39.464,2.8,-2.8,1.61,0
39.48,2.8,-2.8,1.53,0
39.496,2.8,-2.8,1.53,0
39.512,2.8,-2.8,1.44,0
39.528,2.8,-2.8,1.44,0
39.544,2.62,-2.8,1.36,0
39.56,2.8,-2.8,1.36,0
39.576,2.8,-2.8,1.27,0
39.592,2.62,-2.8,1.27,0
39.608,2.62,-2.62,1.19,0
39.624,2.62,-2.62,1.19,0
39.64,2.62,-2.62,1.11,0
39.656,2.62,-2.62,1.11,0
39.672,2.62,-2.62,1.03,0
39.688,2.62,-2.62,1.03,0
39.704,2.62,-2.62,0.95,0
39.72,2.62,-2.62,0.87,0
39.736,2.62,-2.62,0.87,0
39.752,2.62,-2.62,0.79,0
39.768,2.62,-2.62,0.79,0
39.784,2.62,-2.62,0.71,0
39.8,2.44,-2.62,0.71,0
39.816,2.44,-2.44,0.64,0
39.832,2.44,-2.44,0.64,0
39.848,2.44,-2.44,0.57,0
39.864,2.44,-2.44,0.57,0
39.88,2.44,-2.44,0.49,0
39.896,2.44,-2.44,0.49,0
39.912,2.44,-2.44,0.42,0
39.928,2.44,-2.44,0.42,0
39.944,2.44,-2.44,0.35,0
39.96,2.44,-2.44,0.27,0
39.976,2.44,-2.44,0.27,0
39.992,2.44,-2.44,0.2,0
40.008,2.44,-2.44,0.2,0
40.024,2.44,-2.44,0.13,0
40.04,2.25,-2.44,0.13,0
40.056,2.25,-2.25,0.06,0
40.072,2.25,-2.25,0.06,0
40.088,2.25,-2.25,-0.01,0
40.104,2.25,-2.25,-0.01,0
40.12,2.25,-2.25,-0.08,0
40.136,2.25,-2.25,-0.08,0
40.152,2.25,-2.25,-0.15,0
40.168,2.25,-2.25,-0.15,0
40.184,2.25,-2.25,-0.21,0
40.2,2.25,-2.25,-0.28,0
40.216,2.25,-2.25,-0.28,0
40.232,2.25,-2.25,-0.35,0
40.248,2.25,-2.25,-0.35,0
40.264,2.07,-2.25,-0.42,0
40.28,2.07,-2.25,-0.42,0
40.296,2.07,-2.07,-0.48,0
40.308,2.07,0,0,1
40.331,2.25,0,0,0
40.347,2.07,0,0,0
40.363,2.07,-1.61,-0.02,0
40.379,2.07,-1.61,-0.02,0
40.395,2.07,0.25,-0.04,0
40.411,2.07,0.25,-0.04,0
40.427,2.07,2.05,-0.01,0
40.443,2.07,2.05,-0.01,0
40.459,2.07,3.73,0.08,0
40.475,2.07,3.73,0.08,0
40.491,2.07,3.73,0.19,0
40.507,2.07,3.73,0.19,0
40.523,2.25,3.73,0.3,0
40.539,2.25,3.73,0.3,0
40.555,2.25,3.55,0.41,0
40.571,2.25,3.55,0.52,0
40.587,2.25,3.55,0.52,0
40.603,2.44,3.55,0.63,0
40.619,2.44,3.55,0.63,0
40.635,2.44,3.36,0.73,0
40.651,2.44,3.36,0.73,0
40.667,2.44,3.36,0.83,0
40.683,2.44,3.36,0.83,0
40.699,2.44,3.36,0.93,0
40.715,2.62,3.36,0.93,0
40.731,2.62,3.18,1.03,0
40.747,2.62,3.18,1.03,0
40.763,2.62,3.18,1.12,0
40.779,2.62,3.18,1.12,0
40.795,2.62,3.18,1.22,0
40.811,2.62,3.18,1.32,0
40.827,2.62,3.18,1.32,0
40.843,2.62,3.18,1.41,0
40.859,2.8,3.18,1.41,0
40.875,2.8,3,1.5,0
40.891,2.8,3,1.5,0
40.907,2.8,3,1.59,0
40.923,2.8,3,1.59,0
40.939,2.8,3,1.68,0
40.955,2.8,3,1.68,0
40.971,2.8,3,1.77,0
40.987,2.8,3,1.77,0
41.003,2.99,3,1.86,0
41.019,2.99,3,1.86,0
41.035,2.99,2.81,1.95,0
41.051,2.99,2.81,1.95,0
41.067,2.99,2.81,2.04,0
41.083,2.99,2.81,2.12,0
41.099,2.99,2.81,2.12,0
41.115,2.99,2.81,2.21,0
41.131,2.99,2.81,2.21,0
41.147,2.99,2.81,2.29,0
41.163,2.99,2.81,2.29,0
41.179,2.99,2.81,2.38,0
41.195,2.99,2.81,2.38,0
41.211,3.17,2.81,2.46,0
41.227,3.17,2.81,2.46,0
41.243,3.17,2.63,2.54,0
41.259,3.17,2.63,2.54,0
41.275,3.17,2.63,2.62,0
41.291,3.17,2.63,2.62,0
41.307,3.17,2.63,2.7,0
41.323,3.17,2.63,2.7,0
41.339,3.17,2.63,2.78,0
41.355,3.17,2.63,2.86,0
41.371,3.17,2.63,2.86,0
41.387,3.17,2.63,2.94,0
41.403,3.35,2.63,2.94,0
41.419,3.17,2.45,3.02,0
41.435,3.35,2.45,3.02,0
41.451,3.35,2.45,3.09,0
41.467,3.35,2.45,3.09,0
41.483,3.35,2.45,3.16,0
41.499,3.35,2.45,3.16,0
41.515,3.35,2.45,3.24,0
41.531,3.35,2.45,3.24,0
41.547,3.35,2.45,3.31,0
41.563,3.35,2.45,3.31,0
41.579,3.35,2.45,3.39,0
41.595,3.35,2.45,3.39,0
41.611,3.35,2.45,3.46,0
41.627,3.35,2.45,3.54,0
41.643,3.35,2.45,3.54,0
41.659,3.35,2.45,3.61,0
41.675,3.35,2.45,3.61,0
41.691,3.35,2.45,3.68,0
41.707,3.54,2.45,3.68,0
41.723,3.54,2.26,3.75,0
41.739,3.54,2.26,3.75,0
41.755,3.54,2.26,3.82,0
41.771,3.54,2.26,3.82,0
41.787,3.54,2.26,3.89,0
41.803,3.54,2.26,3.89,0
41.819,3.54,2.26,3.96,0
41.835,3.54,2.26,3.96,0
41.851,3.54,2.26,4.02,0
41.867,3.54,2.26,4.09,0
41.883,3.54,2.26,4.09,0
41.899,3.54,2.26,4.16,0
41.915,3.54,2.26,4.16,0
41.931,3.54,2.26,4.23,0
41.947,3.54,2.26,4.23,0
41.963,3.54,2.26,4.3,0
41.979,3.54,2.26,4.3,0
41.995,3.54,2.26,4.36,0
42.011,3.54,2.26,4.36,0
42.027,3.72,2.26,4.43,0
42.043,3.72,2.26,4.43,0
42.059,3.72,2.08,4.5,0
42.075,3.72,2.08,4.5,0
42.091,3.72,2.08,4.56,0
42.107,3.72,2.08,4.56,0
42.123,3.72,2.08,4.63,0
42.139,3.72,2.08,4.69,0
42.155,3.72,2.08,4.69,0
42.171,3.72,2.08,4.75,0
42.187,3.72,2.08,4.75,0
42.203,3.72,2.08,4.81,0
42.219,3.72,2.08,4.81,0
42.235,3.72,2.08,4.87,0
42.251,3.72,2.08,4.87,0
42.267,3.72,2.08,4.94,0
42.283,3.72,2.08,4.94,0
42.299,3.72,2.08,5,0
42.315,3.72,2.08,5,0
42.331,3.72,2.08,5.06,0
42.347,3.72,2.08,5.06,0
42.363,3.72,2.08,5.12,0
42.379,3.72,0.63,5.16,0
42.395,3.9,0.63,5.16,0
42.411,3.9,-1.35,5.15,0
42.427,3.9,-1.35,5.15,0
42.443,3.72,-3.21,5.09,0
42.459,3.72,-3.21,5.09,0
42.475,3.72,-3.72,4.98,0
42.491,3.72,-3.72,4.98,0
42.507,3.72,-3.72,4.87,0
42.523,3.72,-3.72,4.87,0
42.539,3.72,-3.72,4.76,0
42.555,3.72,-3.72,4.76,0
42.571,3.54,-3.72,4.65,0
42.587,3.54,-3.72,4.65,0
42.603,3.54,-3.54,4.53,0
42.619,3.54,-3.54,4.43,0
42.635,3.54,-3.54,4.43,0
42.651,3.54,-3.54,4.32,0
42.667,3.54,-3.54,4.32,0
42.683,3.54,-3.54,4.22,0
42.699,3.54,-3.54,4.22,0
42.715,3.54,-3.54,4.11,0
42.731,3.35,-3.54,4.11,0
42.747,3.35,-3.35,4.01,0
42.763,3.35,-3.35,4.01,0
42.779,3.35,-3.35,3.91,0
42.795,3.35,-3.35,3.91,0
42.811,3.35,-3.35,3.81,0
42.827,3.35,-3.35,3.81,0
42.843,3.35,-3.35,3.7,0
42.859,3.35,-3.35,3.6,0
42.875,3.35,-3.35,3.6,0
42.891,3.35,-3.35,3.5,0
42.907,3.35,-3.35,3.5,0
42.923,3.17,-3.35,3.4,0
42.939,3.17,-3.35,3.4,0
42.955,3.17,-3.17,3.3,0
42.971,3.17,-3.17,3.3,0
42.987,3.17,-3.17,3.21,0
43.003,3.17,-3.17,3.21,0
43.019,3.17,-3.17,3.11,0
43.035,3.17,-3.17,3.11,0
43.051,3.17,-3.17,3.02,0
43.067,3.17,-3.17,3.02,0
43.083,3.17,-3.17,2.92,0
43.099,2.99,-3.17,2.83,0
43.115,3.17,-3.17,2.83,0
43.131,2.99,-3.17,2.73,0
43.147,2.99,-3.17,2.73,0
43.163,2.99,-2.99,2.64,0
43.179,2.99,-2.99,2.64,0
43.195,2.99,-2.99,2.55,0
43.211,2.99,-2.99,2.55,0
43.227,2.99,-2.99,2.46,0
43.243,2.99,-2.99,2.46,0
43.259,2.99,-2.99,2.37,0
43.275,2.99,-2.99,2.37,0
43.291,2.99,-2.99,2.28,0
43.307,2.99,-2.99,2.28,0
43.323,2.99,-2.99,2.19,0
43.339,2.99,-2.99,2.1,0
43.355,2.99,-2.99,2.1,0
43.371,2.8,-2.99,2.01,0
43.387,2.8,-2.99,2.01,0
43.403,2.8,-2.8,1.92,0
43.419,2.8,-2.8,1.92,0
43.435,2.8,-2.8,1.84,0
43.451,2.8,-2.8,1.84,0
43.467,2.8,-2.8,1.76,0
43.483,2.8,-2.8,1.76,0
43.499,2.8,-2.8,1.67,0
43.515,2.8,-2.8,1.67,0
43.531,2.8,-2.8,1.59,0
43.547,2.8,-2.8,1.59,0
43.563,2.8,-2.8,1.5,0
43.579,2.8,-2.8,1.5,0
43.595,2.8,-2.8,1.42,0
43.611,2.62,-2.8,1.34,0
43.627,2.62,-2.8,1.34,0
43.643,2.62,-2.62,1.25,0
43.659,2.62,-2.62,1.25,0
43.675,2.62,-2.62,1.18,0
43.691,2.62,-2.62,1.18,0
43.707,2.62,-2.62,1.1,0
43.723,2.62,-2.62,1.1,0
43.739,2.44,-2.62,1.02,0
43.755,2.62,-2.62,1.02,0
43.771,2.62,-2.62,0.94,0
43.787,2.44,-2.62,0.94,0
43.803,2.62,-2.44,0.86,0
43.819,2.44,-2.44,0.86,0
43.835,2.44,-2.44,0.79,0
43.851,2.44,-2.44,0.72,0
43.867,2.44,-2.44,0.72,0
43.883,2.44,-2.44,0.64,0
43.899,2.44,-2.44,0.64,0
43.915,2.44,-2.44,0.57,0
43.931,2.44,-2.44,0.57,0
43.947,2.44,-2.44,0.5,0
43.963,2.44,-2.44,0.5,0
43.979,2.44,-2.44,0.43,0
43.995,2.44,-2.44,0.43,0
44.011,2.44,-2.44,0.35,0
44.027,2.44,-2.44,0.35,0
44.043,2.25,-2.44,0.28,0
44.059,2.44,-2.44,0.28,0
44.075,2.44,-2.44,0.21,0
44.091,2.44,-2.44,0.13,0
44.107,2.25,-2.44,0.13,0
44.123,2.25,-2.25,0.06,0
44.139,2.25,-2.25,0.06,0
44.155,2.25,-2.25,-0.01,0
44.171,2.25,-2.25,-0.01,0
44.187,2.25,-2.25,-0.07,0
44.203,2.25,-2.25,-0.07,0
44.219,2.25,-2.25,-0.14,0
44.235,2.25,-2.25,-0.14,0
44.251,2.25,-2.25,-0.21,0
44.267,2.25,-2.25,-0.21,0
44.283,2.25,-2.25,-0.28,0
44.299,2.25,-2.25,-0.28,0
44.315,2.25,-2.25,-0.35,0
44.331,2.25,-2.25,-0.35,0
44.342,2.25,0,0,1
44.364,2.25,0,0,0
44.381,2.25,0,0,0
44.397,2.07,-1.73,-0.03,0
44.413,2.07,-1.73,-0.03,0
44.429,2.07,0.25,-0.05,0
44.445,2.07,0.25,-0.05,0
44.461,2.07,2.05,-0.01,0
44.477,2.07,2.05,-0.01,0
44.493,2.07,3.73,0.07,0
44.509,2.07,3.73,0.07,0
44.525,2.07,3.73,0.18,0
44.541,2.25,3.73,0.18,0
44.557,2.25,3.55,0.29,0
44.573,2.25,3.55,0.29,0
44.589,2.25,3.55,0.4,0
44.605,2.44,3.55,0.51,0
44.621,2.44,3.55,0.51,0
44.637,2.44,3.36,0.61,0
44.653,2.44,3.36,0.61,0
44.669,2.44,3.36,0.71,0
44.685,2.44,3.36,0.71,0
44.701,2.62,3.36,0.81,0
44.717,2.62,3.36,0.81,0
44.733,2.62,3.18,0.91,0
44.749,2.62,3.18,0.91,0
44.765,2.62,3.18,1,0
44.781,2.62,3.18,1,0
44.797,2.62,3.18,1.1,0
44.813,2.62,3.18,1.1,0
44.829,2.62,3.18,1.2,0
44.845,2.8,3.18,1.29,0
44.861,2.8,3.18,1.29,0
44.877,2.8,3,1.38,0
44.893,2.8,3,1.38,0
44.909,2.8,3,1.47,0
44.925,2.8,3,1.47,0
44.941,2.8,3,1.56,0
44.957,2.8,3,1.56,0
44.973,2.99,3,1.65,0
44.989,2.99,3,1.65,0
45.005,2.99,2.81,1.74,0
45.021,2.99,2.81,1.74,0
45.037,2.99,2.81,1.82,0
45.053,2.99,2.81,1.82,0
45.069,2.99,2.81,1.91,0
45.085,2.99,2.81,1.99,0
45.101,2.99,2.81,1.99,0
45.117,2.99,2.81,2.08,0
45.133,2.99,2.81,2.08,0
45.149,3.17,2.81,2.16,0
45.165,3.17,2.81,2.16,0
45.181,2.99,2.63,2.24,0
45.197,3.17,2.63,2.24,0
45.213,3.17,2.63,2.32,0
45.229,3.17,2.63,2.32,0
45.245,3.17,2.63,2.4,0
45.261,3.17,2.63,2.4,0
45.277,3.17,2.63,2.48,0
45.293,3.17,2.63,2.48,0
45.309,3.17,2.63,2.56,0
45.325,3.17,2.63,2.56,0
45.341,3.17,2.63,2.64,0
45.357,3.35,2.63,2.72,0
45.373,3.35,2.63,2.72,0
45.389,3.35,2.45,2.8,0
45.405,3.35,2.45,2.8,0
45.421,3.35,2.45,2.87,0
45.437,3.35,2.45,2.87,0
45.453,3.35,2.45,2.94,0
45.469,3.35,2.45,2.94,0
45.485,3.35,2.45,3.02,0
45.501,3.35,2.45,3.02,0
45.517,3.35,2.45,3.09,0
45.533,3.35,2.45,3.09,0
45.549,3.35,2.45,3.17,0
45.565,3.35,2.45,3.17,0
45.581,3.35,2.45,3.24,0
45.597,3.35,2.45,3.31,0
45.613,3.35,2.45,3.31,0
45.629,3.35,2.45,3.39,0
45.645,3.54,2.45,3.39,0
45.661,3.54,2.26,3.46,0
45.677,3.54,2.26,3.46,0
45.693,3.54,2.26,3.52,0
45.709,3.54,2.26,3.52,0
45.725,3.54,2.26,3.59,0
45.741,3.54,2.26,3.59,0
45.757,3.54,2.26,3.66,0
45.773,3.54,2.26,3.66,0
45.789,3.54,2.26,3.73,0
45.805,3.54,2.26,3.73,0
45.821,3.54,2.26,3.8,0
45.837,3.54,2.26,3.87,0
45.853,3.72,2.26,3.87,0
45.869,3.54,2.08,3.93,0
45.885,3.54,2.08,3.93,0
45.901,3.54,2.26,4,0
45.917,3.54,2.26,4,0
45.933,3.54,2.26,4.06,0
45.949,3.72,2.26,4.06,0
45.965,3.72,2.08,4.13,0
45.981,3.72,2.08,4.13,0
45.997,3.72,2.08,4.19,0
46.013,3.72,2.08,4.19,0
46.029,3.72,2.08,4.25,0
46.045,3.72,2.08,4.25,0
46.061,3.72,2.08,4.32,0
46.077,3.72,2.08,4.32,0
46.093,3.72,2.08,4.38,0
46.109,3.72,2.08,4.44,0
46.125,3.72,2.08,4.44,0
46.141,3.72,2.08,4.51,0
46.157,3.72,2.08,4.51,0
46.173,3.72,2.08,4.57,0
46.189,3.72,2.08,4.57,0
46.205,3.72,2.08,4.63,0
46.221,3.72,2.08,4.63,0
46.237,3.72,2.08,4.69,0
46.253,3.72,2.08,4.69,0
46.269,3.72,2.08,4.76,0
46.285,3.9,2.08,4.76,0
46.301,3.72,1.9,4.82,0
46.317,3.72,1.9,4.82,0
46.333,3.9,2.08,4.88,0
46.349,3.9,2.08,4.88,0
46.365,3.9,1.9,4.94,0
46.381,3.9,1.9,4.99,0
46.397,3.72,1.9,4.99,0
46.413,3.72,0.57,5.03,0
46.429,3.72,0.57,5.03,0
46.445,3.72,-1.23,5.02,0
46.461,3.72,-1.23,5.02,0
46.477,3.72,-3.02,4.96,0
46.493,3.72,-3.02,4.96,0
46.509,3.72,-3.72,4.86,0
46.525,3.72,-3.72,4.86,0
46.541,3.72,-3.72,4.74,0
46.557,3.72,-3.72,4.74,0
46.573,3.72,-3.72,4.63,0
46.589,3.72,-3.72,4.63,0
46.605,3.72,-3.72,4.52,0
46.621,3.54,-3.72,4.41,0
46.637,3.54,-3.72,4.41,0
46.653,3.54,-3.54,4.3,0
46.669,3.54,-3.54,4.3,0
46.685,3.54,-3.54,4.2,0
46.701,3.54,-3.54,4.2,0
46.717,3.54,-3.54,4.09,0
46.733,3.54,-3.54,4.09,0
46.749,3.54,-3.54,3.98,0
46.765,3.54,-3.54,3.98,0
46.781,3.35,-3.54,3.87,0
46.797,3.35,-3.54,3.87,0
46.813,3.35,-3.35,3.77,0
46.829,3.35,-3.35,3.77,0
46.845,3.35,-3.35,3.67,0
46.861,3.35,-3.35,3.67,0
46.877,3.35,-3.35,3.57,0
46.893,3.35,-3.35,3.46,0
46.909,3.35,-3.35,3.46,0
46.925,3.35,-3.35,3.36,0
46.941,3.35,-3.35,3.36,0
46.957,3.35,-3.35,3.26,0
46.973,3.17,-3.35,3.26,0
46.989,3.17,-3.17,3.17,0
47.005,3.17,-3.17,3.17,0
47.021,3.17,-3.17,3.07,0
47.037,3.17,-3.17,3.07,0
47.053,3.17,-3.17,2.98,0
47.069,3.17,-3.17,2.98,0
47.085,3.17,-3.17,2.88,0
47.101,3.17,-3.17,2.88,0
47.117,3.17,-3.17,2.78,0
47.133,3.17,-3.17,2.69,0
47.149,3.17,-3.17,2.69,0
47.165,3.17,-3.17,2.59,0
47.181,2.99,-3.17,2.59,0
47.197,3.17,-2.99,2.5,0
47.213,2.99,-2.99,2.5,0
47.229,2.99,-2.99,2.41,0
47.245,2.99,-2.99,2.41,0
47.261,2.99,-2.99,2.32,0
47.277,2.99,-2.99,2.32,0
47.293,2.99,-2.99,2.23,0
47.309,2.99,-2.99,2.23,0
47.325,2.99,-2.99,2.14,0
47.341,2.99,-2.99,2.14,0
47.357,2.99,-2.99,2.05,0
47.373,2.99,-2.99,1.96,0
47.389,2.8,-2.99,1.96,0
47.405,2.8,-2.8,1.87,0
47.421,2.8,-2.8,1.87,0
47.437,2.8,-2.8,1.79,0
47.453,2.8,-2.8,1.79,0
47.469,2.8,-2.8,1.71,0
47.485,2.8,-2.8,1.71,0
47.501,2.8,-2.8,1.62,0
47.517,2.8,-2.8,1.62,0
47.533,2.8,-2.8,1.54,0
47.549,2.8,-2.8,1.54,0
47.565,2.8,-2.8,1.45,0
47.581,2.8,-2.8,1.45,0
47.597,2.8,-2.8,1.37,0
47.613,2.8,-2.8,1.29,0
47.629,2.8,-2.8,1.29,0
47.645,2.62,-2.8,1.2,0
47.661,2.62,-2.8,1.2,0
47.677,2.62,-2.62,1.12,0
47.693,2.62,-2.62,1.12,0
47.709,2.62,-2.62,1.04,0
47.725,2.62,-2.62,1.04,0
47.741,2.62,-2.62,0.96,0
47.757,2.62,-2.62,0.96,0
47.773,2.62,-2.62,0.88,0
47.789,2.62,-2.62,0.88,0
47.805,2.62,-2.62,0.81,0
47.821,2.62,-2.62,0.81,0
47.837,2.62,-2.62,0.73,0
47.853,2.62,-2.62,0.73,0
47.869,2.44,-2.62,0.65,0
47.885,2.44,-2.44,0.57,0
47.901,2.44,-2.44,0.57,0
47.917,2.44,-2.44,0.5,0
47.933,2.44,-2.44,0.5,0
47.949,2.44,-2.44,0.42,0
47.965,2.44,-2.44,0.42,0
47.981,2.44,-2.44,0.35,0
47.997,2.44,-2.44,0.35,0
48.013,2.44,-2.44,0.28,0
48.029,2.25,-2.44,0.28,0
48.045,2.25,-2.25,0.21,0
48.061,2.25,-2.25,0.21,0
48.077,2.25,-2.25,0.14,0
48.093,2.25,-2.25,0.14,0
48.109,2.25,-2.25,0.07,0
48.125,2.25,-2.25,0,0
48.141,2.25,-2.25,0,0
48.157,2.25,-2.25,-0.06,0
48.173,2.25,-2.25,-0.06,0
48.189,2.25,-2.25,-0.13,0
48.205,2.25,-2.25,-0.13,0
48.221,2.25,-2.25,-0.2,0
48.237,2.25,-2.25,-0.2,0
48.253,2.25,-2.25,-0.27,0
48.269,2.25,-2.25,-0.27,0
48.285,2.25,-2.25,-0.33,0
48.301,2.07,-2.25,-0.33,0
48.317,2.07,-2.07,-0.4,0
48.333,2.07,-2.07,-0.4,0
48.349,2.07,-2.07,-0.46,0
48.365,2.07,-2.07,-0.52,0
48.376,2.07,0,0,1
48.399,2.07,0,0,0
48.415,2.07,0,0,0
48.431,2.07,-1.61,-0.02,0
48.447,2.07,-1.61,-0.02,0
48.463,2.07,0.19,-0.05,0
48.479,2.07,0.19,-0.05,0
48.495,2.07,1.99,-0.01,0
48.511,2.07,1.99,-0.01,0
48.527,2.07,3.73,0.07,0
48.543,2.07,3.73,0.07,0
48.559,2.07,3.73,0.18,0
48.575,2.07,3.73,0.18,0
48.591,2.07,3.73,0.3,0
48.607,2.25,3.73,0.3,0
48.623,2.25,3.55,0.41,0
48.639,2.25,3.55,0.51,0
48.655,2.25,3.55,0.51,0
48.671,2.25,3.55,0.62,0
48.687,2.25,3.55,0.62,0
48.703,2.25,3.55,0.73,0
48.719,2.44,3.55,0.73,0
48.735,2.44,3.36,0.83,0
48.751,2.44,3.36,0.83,0
48.767,2.44,3.36,0.93,0
48.783,2.44,3.36,0.93,0
48.799,2.62,3.36,1.03,0
48.815,2.44,3.36,1.03,0
48.831,2.62,3.36,1.13,0
48.847,2.62,3.36,1.13,0
48.863,2.62,3.18,1.23,0
48.879,2.62,3.18,1.33,0
48.895,2.62,3.18,1.33,0
48.911,2.8,3.18,1.42,0
48.927,2.8,3.18,1.42,0
48.943,2.8,3,1.52,0
48.959,2.8,3,1.52,0
48.975,2.8,3,1.61,0
48.991,2.8,3,1.61,0
49.007,2.8,3,1.7,0
49.023,2.8,3,1.7,0
49.039,2.8,3,1.79,0
49.055,2.8,3,1.79,0
49.071,2.8,3,1.88,0
49.087,2.99,3,1.88,0
49.103,2.99,2.81,1.96,0
49.119,2.99,2.81,2.05,0
49.135,2.99,2.81,2.05,0
49.151,2.99,2.81,2.13,0
49.167,2.99,2.81,2.13,0
49.183,2.99,2.81,2.22,0
49.199,2.99,2.81,2.22,0
49.215,2.99,2.81,2.3,0
49.231,2.99,2.81,2.3,0
49.247,2.99,2.81,2.38,0
49.263,2.99,2.81,2.38,0
49.279,3.17,2.81,2.47,0
49.295,3.17,2.81,2.47,0
49.311,3.17,2.63,2.55,0
49.327,3.17,2.63,2.55,0
49.343,3.17,2.63,2.63,0
49.359,3.17,2.63,2.71,0
49.375,3.17,2.63,2.71,0
49.391,3.17,2.63,2.79,0
49.407,3.17,2.63,2.79,0
49.423,3.17,2.63,2.87,0
49.439,3.17,2.63,2.87,0
49.455,3.17,2.63,2.94,0
49.471,3.35,2.63,2.94,0
49.487,3.17,2.45,3.02,0
49.503,3.35,2.45,3.02,0
49.519,3.35,2.45,3.09,0
49.535,3.35,2.45,3.09,0
49.551,3.35,2.45,3.17,0
49.567,3.35,2.45,3.17,0
49.583,3.35,2.45,3.24,0
49.599,3.35,2.45,3.31,0
49.615,3.35,2.45,3.31,0
49.631,3.35,2.45,3.39,0
49.647,3.35,2.45,3.39,0
49.663,3.35,2.45,3.46,0
49.679,3.35,2.45,3.46,0
49.695,3.35,2.45,3.53,0
49.711,3.35,2.45,3.53,0
49.727,3.35,2.45,3.61,0
49.743,3.35,2.45,3.61,0
49.759,3.54,2.45,3.68,0
49.775,3.54,2.45,3.68,0
49.791,3.35,2.26,3.75,0
49.807,3.54,2.26,3.75,0
49.823,3.54,2.26,3.82,0
49.839,3.54,2.26,3.82,0
49.855,3.54,2.26,3.89,0
49.871,3.54,2.26,3.96,0
49.887,3.54,2.26,3.96,0
49.903,3.54,2.26,4.03,0
49.919,3.54,2.26,4.03,0
49.935,3.54,2.26,4.09,0
49.951,3.54,2.26,4.09,0
49.967,3.54,2.26,4.16,0
49.983,3.54,2.26,4.16,0
49.999,3.54,2.26,4.23,0
50.015,3.54,2.26,4.23,0
50.031,3.54,2.26,4.3,0
50.047,3.54,2.26,4.3,0
50.063,3.54,2.26,4.37,0
50.079,3.72,2.26,4.37,0
50.095,3.72,2.08,4.43,0
50.111,3.72,2.08,4.49,0
50.127,3.72,2.08,4.49,0
50.143,3.72,2.08,4.56,0
50.159,3.72,2.08,4.56,0
50.175,3.72,2.08,4.62,0
50.191,3.72,2.08,4.62,0
50.207,3.72,2.08,4.68,0
50.223,3.72,2.08,4.68,0
50.239,3.72,2.08,4.74,0
50.255,3.72,2.08,4.74,0
50.271,3.72,2.08,4.81,0
50.287,3.72,2.08,4.81,0
50.303,3.72,2.08,4.87,0
50.319,3.72,2.08,4.87,0
50.335,3.72,2.08,4.93,0
50.351,3.72,2.08,4.93,0
50.367,3.72,2.08,5,0
50.383,3.72,2.08,5.06,0
50.399,3.72,2.08,5.06,0
50.415,3.72,2.08,5.12,0
50.431,3.72,2.08,5.12,0
50.447,3.72,0.63,5.16,0
50.463,3.72,0.63,5.16,0
50.479,3.72,-1.17,5.15,0
50.495,3.72,-1.17,5.15,0
50.511,3.72,-2.97,5.09,0
50.527,3.72,-2.97,5.09,0
50.543,3.72,-3.72,4.99,0
50.559,3.72,-3.72,4.99,0
50.575,3.72,-3.72,4.88,0
50.591,3.72,-3.72,4.88,0
50.607,3.72,-3.72,4.77,0
50.623,3.54,-3.72,4.66,0
50.639,3.54,-3.72,4.66,0
50.655,3.54,-3.54,4.54,0
50.671,3.54,-3.54,4.54,0
50.687,3.54,-3.54,4.44,0
50.703,3.54,-3.54,4.44,0
50.719,3.54,-3.54,4.33,0
50.735,3.54,-3.54,4.33,0
50.751,3.54,-3.54,4.23,0
50.767,3.35,-3.54,4.23,0
50.783,3.54,-3.35,4.12,0
50.799,3.54,-3.35,4.12,0
50.815,3.35,-3.54,4.02,0
50.831,3.35,-3.54,4.02,0
50.847,3.35,-3.35,3.92,0
50.863,3.35,-3.35,3.92,0
50.879,3.35,-3.35,3.81,0
50.895,3.35,-3.35,3.71,0
50.911,3.35,-3.35,3.71,0
50.927,3.35,-3.35,3.61,0
50.943,3.35,-3.35,3.61,0
50.959,3.35,-3.35,3.51,0
50.975,3.17,-3.35,3.51,0
50.991,3.17,-3.17,3.41,0
51.007,3.35,-3.17,3.41,0
51.023,3.17,-3.35,3.31,0
51.039,3.35,-3.35,3.31,0
51.055,3.17,-3.35,3.21,0
51.071,3.17,-3.35,3.21,0
51.087,3.17,-3.17,3.11,0
51.103,3.17,-3.17,3.11,0
51.119,2.99,-3.17,3.02,0
51.135,3.17,-2.99,2.93,0
51.151,3.17,-2.99,2.93,0
51.167,2.99,-3.17,2.83,0
51.183,2.99,-3.17,2.83,0
51.199,2.99,-2.99,2.74,0
51.215,2.99,-2.99,2.74,0
51.231,3.17,-2.99,2.65,0
51.247,2.99,-2.99,2.65,0
51.263,2.99,-2.99,2.56,0
51.279,2.99,-2.99,2.56,0
51.295,2.99,-2.99,2.47,0
51.311,2.99,-2.99,2.47,0
51.327,2.99,-2.99,2.38,0
51.343,2.99,-2.99,2.38,0
51.359,2.99,-2.99,2.29,0
51.375,2.99,-2.99,2.29,0
51.391,2.8,-2.99,2.2,0
51.407,2.8,-2.8,2.11,0
51.423,2.8,-2.8,2.11,0
51.439,2.8,-2.8,2.03,0
51.455,2.8,-2.8,2.03,0
51.471,2.8,-2.8,1.94,0
51.487,2.8,-2.8,1.94,0
51.503,2.8,-2.8,1.86,0
51.519,2.8,-2.8,1.86,0
51.535,2.8,-2.8,1.78,0
51.551,2.8,-2.8,1.78,0
51.567,2.8,-2.8,1.69,0
51.583,2.8,-2.8,1.69,0
51.599,2.62,-2.8,1.61,0
51.615,2.62,-2.8,1.61,0
51.631,2.62,-2.62,1.53,0
51.647,2.62,-2.62,1.45,0
51.663,2.62,-2.62,1.45,0
51.679,2.62,-2.62,1.37,0
51.695,2.62,-2.62,1.37,0
51.711,2.62,-2.62,1.29,0
51.727,2.62,-2.62,1.29,0
51.743,2.62,-2.62,1.21,0
51.759,2.62,-2.62,1.21,0
51.775,2.62,-2.62,1.13,0
51.791,2.62,-2.62,1.13,0
51.807,2.44,-2.62,1.05,0
51.823,2.44,-2.62,1.05,0
51.839,2.44,-2.44,0.98,0
51.855,2.44,-2.44,0.98,0
51.871,2.44,-2.44,0.9,0
51.887,2.44,-2.44,0.9,0
51.903,2.44,-2.44,0.83,0
51.919,2.44,-2.44,0.75,0
51.935,2.44,-2.44,0.75,0
51.951,2.44,-2.44,0.68,0
51.967,2.44,-2.44,0.68,0
51.983,2.44,-2.44,0.61,0
51.999,2.44,-2.44,0.61,0
52.015,2.44,-2.44,0.53,0
52.031,2.25,-2.44,0.53,0
52.047,2.25,-2.25,0.46,0
52.063,2.25,-2.25,0.46,0
52.079,2.25,-2.25,0.4,0
52.095,2.25,-2.25,0.4,0
52.111,2.25,-2.25,0.33,0
52.127,2.25,-2.25,0.33,0
52.143,2.25,-2.25,0.26,0
52.159,2.25,-2.25,0.19,0
52.175,2.25,-2.25,0.19,0
52.191,2.25,-2.25,0.12,0
52.207,2.25,-2.25,0.12,0
52.223,2.25,-2.25,0.06,0
52.239,2.25,-2.25,0.06,0
52.255,2.25,-2.25,-0.01,0
52.271,2.07,-2.25,-0.01,0
52.287,2.07,-2.07,-0.08,0
52.303,2.07,-2.07,-0.08,0
52.319,2.07,-2.07,-0.14,0
52.335,2.07,-2.07,-0.14,0
52.351,2.07,-2.07,-0.2,0
52.367,2.07,-2.07,-0.2,0
52.383,2.07,-2.07,-0.26,0
52.399,2.07,-2.07,-0.26,0
52.41,2.07,0,0,1
52.432,2.07,0,0,0
52.448,2.07,0,0,0
52.464,2.07,-1.55,-0.02,0
52.48,2.07,-1.55,-0.02,0
52.496,2.07,0.25,-0.04,0
52.512,2.07,0.25,-0.04,0
52.528,2.07,2.05,-0.01,0
52.544,1.89,2.05,-0.01,0
52.56,1.89,3.91,0.08,0
52.576,2.07,3.91,0.08,0
52.592,2.07,3.73,0.2,0
52.608,2.07,3.73,0.2,0
52.624,2.07,3.73,0.31,0
52.64,2.07,3.73,0.31,0
52.656,2.25,3.73,0.42,0
52.672,2.25,3.55,0.53,0
52.688,2.25,3.55,0.53,0
52.704,2.25,3.55,0.63,0
52.72,2.25,3.55,0.63,0
52.736,2.25,3.55,0.74,0
52.752,2.44,3.55,0.74,0
52.768,2.44,3.36,0.84,0
52.784,2.44,3.36,0.84,0
52.8,2.44,3.36,0.95,0
52.816,2.44,3.36,0.95,0
52.832,2.44,3.36,1.05,0
52.848,2.62,3.36,1.05,0
52.864,2.44,3.18,1.14,0
52.88,2.62,3.18,1.14,0
52.896,2.62,3.18,1.24,0
52.912,2.62,3.18,1.34,0
52.928,2.62,3.18,1.34,0
52.944,2.62,3.18,1.43,0
52.96,2.8,3.18,1.43,0
52.976,2.8,3,1.52,0
52.992,2.8,3,1.52,0
53.008,2.8,3,1.61,0
53.024,2.8,3,1.61,0
53.04,2.8,3,1.7,0
53.056,2.8,3,1.7,0
53.072,2.8,3,1.79,0
53.088,2.8,3,1.79,0
53.104,2.8,3,1.88,0
53.12,2.8,3,1.88,0
53.136,2.99,3,1.97,0
53.152,2.99,2.81,2.06,0
53.168,2.99,2.81,2.06,0
53.184,2.99,2.81,2.14,0
53.2,2.99,2.81,2.14,0
53.216,2.99,2.81,2.23,0
53.232,2.99,2.81,2.23,0
53.248,2.99,2.81,2.31,0
53.264,2.99,2.81,2.31,0
53.28,2.99,2.81,2.4,0
53.296,2.99,2.81,2.4,0
53.312,2.99,2.81,2.48,0
53.328,2.99,2.81,2.48,0
53.344,3.17,2.81,2.57,0
53.36,3.17,2.81,2.57,0
53.376,3.17,2.63,2.65,0
53.392,3.17,2.63,2.73,0
53.408,3.17,2.63,2.73,0
53.424,3.17,2.63,2.81,0
53.44,3.17,2.63,2.81,0
53.456,3.17,2.63,2.88,0
53.472,3.17,2.63,2.88,0
53.488,3.17,2.63,2.96,0
53.504,3.17,2.63,2.96,0
53.52,3.17,2.63,3.04,0
53.536,3.17,2.63,3.04,0
53.552,3.17,2.63,3.12,0
53.568,3.35,2.63,3.12,0
53.584,3.35,2.45,3.2,0
53.6,3.35,2.45,3.2,0
53.616,3.35,2.45,3.27,0
53.632,3.35,2.45,3.27,0
53.648,3.35,2.45,3.35,0
53.664,3.35,2.45,3.42,0
53.68,3.35,2.45,3.42,0
53.696,3.35,2.45,3.5,0
53.712,3.35,2.45,3.5,0
53.728,3.35,2.45,3.57,0
53.744,3.35,2.45,3.57,0
53.76,3.35,2.45,3.64,0
53.776,3.35,2.45,3.64,0
53.792,3.35,2.45,3.72,0
53.808,3.54,2.45,3.72,0
53.824,3.54,2.26,3.79,0
53.84,3.54,2.26,3.79,0
53.856,3.54,2.26,3.85,0
53.872,3.54,2.26,3.85,0
53.888,3.54,2.26,3.92,0
53.904,3.54,2.26,3.99,0
53.92,3.54,2.26,3.99,0
53.936,3.54,2.26,4.06,0
53.952,3.54,2.26,4.06,0
53.968,3.54,2.26,4.13,0
53.984,3.54,2.26,4.13,0
54,3.54,2.26,4.19,0
54.016,3.54,2.26,4.19,0
54.032,3.54,2.26,4.26,0
54.048,3.54,2.26,4.26,0
54.064,3.54,2.26,4.33,0
54.08,3.54,2.26,4.33,0
54.096,3.54,2.26,4.4,0
54.112,3.72,2.26,4.4,0
54.128,3.72,2.08,4.46,0
54.144,3.72,2.08,4.53,0
54.16,3.72,2.08,4.53,0
54.176,3.72,2.08,4.59,0
54.192,3.72,2.08,4.59,0
54.208,3.72,2.08,4.65,0
54.224,3.72,2.08,4.65,0
54.24,3.72,2.08,4.71,0
54.256,3.72,2.08,4.71,0
54.272,3.72,2.08,4.78,0
54.288,3.72,2.08,4.78,0
54.304,3.72,2.08,4.84,0
54.32,3.72,2.08,4.84,0
54.336,3.72,2.08,4.9,0
54.352,3.72,2.08,4.9,0
54.368,3.72,2.08,4.96,0
54.384,3.72,2.08,5.03,0
54.4,3.72,2.08,5.03,0
54.416,3.72,2.08,5.09,0
54.432,3.72,2.08,5.09,0
54.448,3.72,2.08,5.15,0
54.464,3.72,2.08,5.15,0
54.48,3.72,0.57,5.19,0
54.496,3.72,0.57,5.19,0
54.512,3.9,-1.23,5.18,0
54.528,3.72,-1.23,5.18,0
54.544,3.72,-3.02,5.12,0
54.56,3.72,-3.02,5.12,0
54.576,3.72,-3.72,5.02,0
54.592,3.72,-3.72,5.02,0
54.608,3.72,-3.72,4.9,0
54.624,3.72,-3.72,4.79,0
54.64,3.72,-3.72,4.79,0
54.656,3.54,-3.72,4.68,0
54.672,3.54,-3.72,4.68,0
54.688,3.54,-3.54,4.57,0
54.704,3.54,-3.54,4.57,0
54.72,3.54,-3.54,4.47,0
54.736,3.54,-3.54,4.47,0
54.752,3.54,-3.54,4.36,0
54.768,3.54,-3.54,4.36,0
54.784,3.54,-3.54,4.25,0
54.8,3.54,-3.54,4.25,0
54.816,3.35,-3.54,4.15,0
54.832,3.35,-3.54,4.15,0
54.848,3.35,-3.35,4.04,0
54.864,3.35,-3.35,4.04,0
54.88,3.35,-3.35,3.94,0
54.896,3.35,-3.35,3.84,0
54.912,3.35,-3.35,3.84,0
54.928,3.35,-3.35,3.74,0
54.944,3.35,-3.35,3.74,0
54.96,3.17,-3.35,3.64,0
54.976,3.17,-3.35,3.64,0
54.992,3.17,-3.17,3.54,0
55.008,3.17,-3.17,3.54,0
55.024,3.17,-3.17,3.45,0
55.04,3.17,-3.17,3.45,0
55.056,3.17,-3.17,3.35,0
55.072,3.17,-3.17,3.35,0
55.088,3.17,-3.17,3.26,0
55.104,3.17,-3.17,3.26,0
55.12,3.17,-3.17,3.16,0
55.136,3.17,-3.17,3.06,0
55.152,2.99,-3.17,3.06,0
55.168,3.17,-2.99,2.97,0
55.184,2.99,-2.99,2.97,0
55.2,2.99,-2.99,2.88,0
55.216,2.99,-2.99,2.88,0
55.232,2.99,-2.99,2.79,0
55.248,2.99,-2.99,2.79,0
55.264,2.99,-2.99,2.7,0
55.28,2.99,-2.99,2.7,0
55.296,2.99,-2.99,2.61,0
55.312,2.99,-2.99,2.61,0
55.328,2.99,-2.99,2.52,0
55.344,2.99,-2.99,2.52,0
55.36,2.8,-2.99,2.43,0
55.376,2.99,-2.8,2.35,0
55.392,2.99,-2.8,2.35,0
55.408,2.8,-2.99,2.26,0
55.424,2.8,-2.99,2.26,0
55.44,2.8,-2.8,2.17,0
55.456,2.8,-2.8,2.17,0
55.472,2.8,-2.8,2.09,0
55.488,2.8,-2.8,2.09,0
55.504,2.8,-2.8,2.01,0
55.52,2.8,-2.8,2.01,0
55.536,2.8,-2.8,1.92,0
55.552,2.8,-2.8,1.92,0
55.568,2.8,-2.8,1.84,0
55.584,2.8,-2.8,1.84,0
55.6,2.8,-2.8,1.75,0
55.616,2.8,-2.8,1.67,0
55.632,2.62,-2.8,1.67,0
55.648,2.62,-2.62,1.59,0
55.664,2.62,-2.62,1.59,0
55.68,2.62,-2.62,1.51,0
55.696,2.62,-2.62,1.51,0
55.712,2.62,-2.62,1.43,0
55.728,2.62,-2.62,1.43,0
55.744,2.62,-2.62,1.35,0
55.76,2.62,-2.62,1.35,0
55.776,2.62,-2.62,1.27,0
55.792,2.62,-2.62,1.27,0
55.808,2.62,-2.62,1.19,0
55.824,2.62,-2.62,1.19,0
55.84,2.62,-2.62,1.12,0
55.856,2.44,-2.62,1.04,0
55.872,2.44,-2.62,1.04,0
55.888,2.44,-2.44,0.96,0
55.904,2.44,-2.44,0.96,0
55.92,2.44,-2.44,0.89,0
55.936,2.44,-2.44,0.89,0
55.952,2.44,-2.44,0.82,0
55.968,2.44,-2.44,0.82,0
55.984,2.44,-2.44,0.74,0
56,2.44,-2.44,0.74,0
56.016,2.44,-2.44,0.67,0
56.032,2.44,-2.44,0.67,0
56.048,2.25,-2.44,0.6,0
56.064,2.25,-2.44,0.6,0
56.08,2.25,-2.25,0.53,0
56.096,2.25,-2.25,0.46,0
56.112,2.25,-2.25,0.46,0
56.128,2.25,-2.25,0.39,0
56.144,2.25,-2.25,0.39,0
56.16,2.25,-2.25,0.32,0
56.176,2.25,-2.25,0.32,0
56.192,2.25,-2.25,0.26,0
56.208,2.25,-2.25,0.26,0
56.224,2.25,-2.25,0.19,0
56.24,2.25,-2.25,0.19,0
56.256,2.25,-2.25,0.12,0
56.272,2.25,-2.25,0.12,0
56.288,2.25,-2.25,0.05,0
56.304,2.07,-2.25,0.05,0
56.32,2.07,-2.07,-0.01,0
56.336,2.07,-2.07,-0.07,0
56.352,2.07,-2.07,-0.07,0
56.368,2.07,-2.07,-0.14,0
56.384,2.07,-2.07,-0.14,0
56.4,2.07,-2.07,-0.2,0
56.416,2.25,-2.07,-0.2,0
56.432,2.07,-2.25,-0.26,0
56.444,2.07,0,0,1
56.467,2.07,0,0,0
56.483,2.07,0,0,0
56.499,2.07,-1.61,-0.02,0
56.515,2.07,-1.61,-0.02,0
56.531,2.07,0.19,-0.05,0
56.547,2.07,0.19,-0.05,0
56.563,2.07,1.99,-0.01,0
56.579,1.89,1.99,-0.01,0
56.595,1.89,3.91,0.08,0
56.611,2.07,3.91,0.08,0
56.627,2.07,3.73,0.19,0
56.643,2.07,3.73,0.19,0
56.659,2.07,3.73,0.3,0
56.675,2.07,3.73,0.3,0
56.691,2.25,3.73,0.41,0
56.707,2.25,3.55,0.52,0
56.723,2.25,3.55,0.52,0
56.739,2.25,3.55,0.63,0
56.755,2.25,3.55,0.63,0
56.771,2.44,3.55,0.74,0
56.787,2.44,3.55,0.74,0
56.803,2.44,3.36,0.84,0
56.819,2.44,3.36,0.84,0
56.835,2.44,3.36,0.94,0
56.851,2.44,3.36,0.94,0
56.867,2.44,3.36,1.04,0
56.883,2.62,3.36,1.04,0
56.899,2.62,3.18,1.14,0
56.915,2.62,3.18,1.14,0
56.931,2.62,3.18,1.24,0
56.947,2.62,3.18,1.33,0
56.963,2.62,3.18,1.33,0
56.979,2.62,3.18,1.43,0
56.995,2.62,3.18,1.43,0
57.011,2.8,3.18,1.52,0
57.027,2.8,3.18,1.52,0
57.043,2.8,3,1.62,0
57.059,2.8,3,1.62,0
57.075,2.8,3,1.71,0
57.091,2.8,3,1.71,0
57.107,2.8,3,1.8,0
57.123,2.8,3,1.8,0
57.139,2.8,3,1.89,0
57.155,2.8,3,1.89,0
57.171,2.8,3,1.98,0
57.187,2.99,3,2.07,0
57.203,2.8,3,2.07,0
57.219,2.99,3,2.16,0
57.235,2.99,3,2.16,0
57.251,2.99,2.81,2.24,0
57.267,2.99,2.81,2.24,0
57.283,2.99,2.81,2.33,0
57.299,2.99,2.81,2.33,0
57.315,2.99,2.81,2.41,0
57.331,2.99,2.81,2.41,0
57.347,2.99,2.81,2.5,0
57.363,2.99,2.81,2.5,0
57.379,3.17,2.81,2.58,0
57.395,3.17,2.81,2.58,0
57.411,3.17,2.63,2.66,0
57.427,3.17,2.63,2.66,0
57.443,3.17,2.63,2.74,0
57.459,3.17,2.63,2.82,0
57.475,3.17,2.63,2.82,0
57.491,3.17,2.63,2.9,0
57.507,3.17,2.63,2.9,0
57.523,3.17,2.63,2.98,0
57.539,3.17,2.63,2.98,0
57.555,3.17,2.63,3.06,0
57.571,3.17,2.63,3.06,0
57.587,3.35,2.63,3.14,0
57.603,3.35,2.63,3.14,0
57.619,3.35,2.45,3.21,0
57.635,3.35,2.45,3.21,0
57.651,3.35,2.45,3.29,0
57.667,3.35,2.45,3.29,0
57.683,3.35,2.45,3.36,0
57.699,3.35,2.45,3.43,0
57.715,3.35,2.45,3.43,0
57.731,3.35,2.45,3.51,0
57.747,3.35,2.45,3.51,0
57.763,3.35,2.45,3.58,0
57.779,3.35,2.45,3.58,0
57.795,3.35,2.45,3.65,0
57.811,3.35,2.45,3.65,0
57.827,3.35,2.45,3.73,0
57.843,3.54,2.45,3.73,0
57.859,3.54,2.26,3.8,0
57.875,3.54,2.26,3.8,0
57.891,3.54,2.26,3.87,0
57.907,3.54,2.26,3.87,0
57.923,3.54,2.26,3.93,0
57.939,3.54,2.26,4,0
57.955,3.54,2.26,4,0
57.971,3.54,2.26,4.07,0
57.987,3.54,2.26,4.07,0
58.003,3.54,2.26,4.14,0
58.019,3.54,2.26,4.14,0
58.035,3.54,2.26,4.21,0
58.051,3.54,2.26,4.21,0
58.067,3.54,2.26,4.27,0
58.083,3.72,2.26,4.27,0
58.099,3.54,2.08,4.34,0
58.115,3.54,2.08,4.34,0
58.131,3.54,2.26,4.4,0
58.147,3.54,2.26,4.4,0
58.163,3.54,2.26,4.47,0
58.179,3.72,2.26,4.54,0
58.195,3.72,2.26,4.54,0
58.211,3.72,2.08,4.61,0
58.227,3.72,2.08,4.61,0
58.243,3.72,2.08,4.67,0
58.259,3.72,2.08,4.67,0
58.275,3.72,2.08,4.73,0
58.291,3.72,2.08,4.73,0
58.307,3.72,2.08,4.79,0
58.323,3.72,2.08,4.79,0
58.339,3.72,2.08,4.85,0
58.355,3.72,2.08,4.85,0
58.371,3.72,2.08,4.92,0
58.387,3.72,2.08,4.92,0
58.403,3.72,2.08,4.98,0
58.419,3.72,2.08,5.04,0
58.435,3.72,2.08,5.04,0
58.451,3.72,2.08,5.11,0
58.467,3.72,2.08,5.11,0
58.483,3.72,2.08,5.17,0
58.499,3.72,2.08,5.17,0
58.515,3.72,0.63,5.21,0
58.531,3.72,0.63,5.21,0
58.547,3.72,-1.17,5.2,0
58.563,3.72,-1.17,5.2,0
58.579,3.72,-2.97,5.14,0
58.595,3.72,-2.97,5.14,0
58.611,3.72,-3.72,5.04,0
58.627,3.72,-3.72,5.04,0
58.643,3.54,-3.72,4.93,0
58.659,3.72,-3.72,4.93,0
58.675,3.54,-3.72,4.81,0
58.691,3.54,-3.54,4.7,0
58.707,3.54,-3.54,4.7,0
58.723,3.54,-3.54,4.6,0
58.739,3.54,-3.54,4.6,0
58.755,3.54,-3.54,4.49,0
58.771,3.54,-3.54,4.49,0
58.787,3.54,-3.54,4.38,0
58.803,3.54,-3.54,4.38,0
58.819,3.54,-3.54,4.28,0
58.835,3.54,-3.54,4.28,0
58.851,3.35,-3.54,4.17,0
58.867,3.35,-3.54,4.17,0
58.883,3.35,-3.35,4.07,0
58.899,3.35,-3.35,4.07,0
58.915,3.35,-3.35,3.97,0
58.931,3.35,-3.35,3.97,0
58.947,3.35,-3.35,3.86,0
58.963,3.35,-3.35,3.76,0
58.979,3.35,-3.35,3.76,0
58.995,3.35,-3.35,3.66,0
59.011,3.35,-3.35,3.66,0
59.027,3.17,-3.35,3.56,0
59.043,3.17,-3.35,3.56,0
59.059,3.17,-3.17,3.46,0
59.075,3.17,-3.17,3.46,0
59.091,3.17,-3.17,3.37,0
59.107,3.17,-3.17,3.37,0
59.123,3.17,-3.17,3.27,0
59.139,3.17,-3.17,3.27,0
59.155,3.17,-3.17,3.18,0
59.171,3.17,-3.17,3.18,0
59.187,3.17,-3.17,3.08,0
59.203,3.17,-3.17,2.99,0
59.219,3.17,-3.17,2.99,0
59.235,2.99,-3.17,2.89,0
59.251,2.99,-3.17,2.89,0
59.267,2.99,-2.99,2.8,0
59.283,2.99,-2.99,2.8,0
59.299,2.99,-2.99,2.71,0
59.315,2.99,-2.99,2.71,0
59.331,2.99,-2.99,2.62,0
59.347,2.99,-2.99,2.62,0
59.363,2.99,-2.99,2.53,0
59.379,2.99,-2.99,2.53,0
59.395,2.99,-2.99,2.44,0
59.411,2.99,-2.99,2.44,0
59.427,2.99,-2.99,2.35,0
59.443,2.8,-2.99,2.35,0
59.459,2.8,-2.8,2.26,0
59.475,2.8,-2.8,2.17,0
59.491,2.8,-2.8,2.17,0
59.507,2.8,-2.8,2.09,0
59.523,2.8,-2.8,2.09,0
59.539,2.8,-2.8,2,0
59.555,2.8,-2.8,2,0
59.571,2.8,-2.8,1.92,0
59.587,2.8,-2.8,1.92,0
59.603,2.62,-2.8,1.84,0
59.619,2.8,-2.8,1.84,0
59.635,2.8,-2.8,1.75,0
59.651,2.62,-2.8,1.75,0
59.667,2.8,-2.62,1.67,0
59.683,2.62,-2.62,1.67,0
59.699,2.62,-2.62,1.59,0
59.715,2.62,-2.62,1.51,0
59.731,2.62,-2.62,1.51,0
59.747,2.62,-2.62,1.44,0
59.763,2.62,-2.62,1.44,0
59.779,2.62,-2.62,1.36,0
59.795,2.62,-2.62,1.36,0
59.811,2.62,-2.62,1.28,0
59.827,2.62,-2.62,1.28,0
59.843,2.62,-2.62,1.2,0
59.859,2.62,-2.62,1.2,0
59.875,2.44,-2.62,1.12,0
59.891,2.44,-2.62,1.12,0
59.907,2.44,-2.44,1.04,0
59.923,2.44,-2.44,1.04,0
59.939,2.44,-2.44,0.97,0
59.955,2.44,-2.44,0.97,0
59.971,2.44,-2.44,0.89,0
59.987,2.44,-2.44,0.82,0
60.003,2.44,-2.44,0.82,0
60.019,2.44,-2.44,0.75,0
60.035,2.44,-2.44,0.75,0
60.051,2.44,-2.44,0.67,0
60.067,2.44,-2.44,0.67,0
60.083,2.25,-2.44,0.6,0
60.099,2.25,-2.44,0.6,0
60.115,2.25,-2.25,0.53,0
60.131,2.25,-2.25,0.53,0
60.147,2.25,-2.25,0.46,0
60.163,2.25,-2.25,0.46,0
60.179,2.25,-2.25,0.4,0
60.195,2.25,-2.25,0.4,0
60.211,2.25,-2.25,0.33,0
60.227,2.25,-2.25,0.26,0
60.243,2.25,-2.25,0.26,0
60.259,2.25,-2.25,0.19,0
60.275,2.25,-2.25,0.19,0
60.291,2.25,-2.25,0.13,0
60.307,2.25,-2.25,0.13,0
60.323,2.07,-2.25,0.06,0
60.339,2.07,-2.25,0.06,0
60.355,2.07,-2.07,-0.01,0
60.371,2.25,-2.07,-0.01,0
60.387,2.07,-2.25,-0.07,0
60.403,2.07,-2.25,-0.07,0
60.419,2.07,-2.07,-0.14,0
60.435,2.07,-2.07,-0.14,0
60.451,2.07,-2.07,-0.2,0
60.467,2.07,-2.07,-0.2,0
60.478,2.07,0,0,1
60.5,2.07,0,0,0
60.516,2.07,0,0,0
60.532,2.07,-1.55,-0.02,0
60.548,1.89,-1.55,-0.02,0
60.564,2.07,0.43,-0.04,0
60.58,2.07,0.43,-0.04,0
60.596,2.07,2.05,-0,0
60.612,1.89,2.05,-0,0
60.628,1.89,3.91,0.09,0
60.644,2.07,3.91,0.09,0
60.66,2.07,3.73,0.2,0
60.676,2.07,3.73,0.2,0
60.692,2.07,3.73,0.32,0
60.708,2.07,3.73,0.32,0
60.724,2.25,3.73,0.43,0
60.74,2.25,3.73,0.43,0
60.756,2.25,3.55,0.54,0
60.772,2.25,3.55,0.65,0
60.788,2.25,3.55,0.65,0
60.804,2.25,3.55,0.75,0
60.82,2.44,3.55,0.75,0
60.836,2.44,3.36,0.86,0
60.852,2.44,3.36,0.86,0
60.868,2.44,3.36,0.96,0
60.884,2.44,3.36,0.96,0
60.9,2.44,3.36,1.06,0
60.916,2.62,3.36,1.06,0
60.932,2.62,3.18,1.16,0
60.948,2.62,3.18,1.16,0
60.964,2.62,3.18,1.25,0
60.98,2.62,3.18,1.25,0
60.996,2.62,3.18,1.35,0
61.012,2.62,3.18,1.44,0
61.028,2.62,3.18,1.44,0
61.044,2.8,3.18,1.54,0
61.06,2.8,3.18,1.54,0
61.076,2.8,3,1.63,0
61.092,2.8,3,1.63,0
61.108,2.8,3,1.72,0
61.124,2.8,3,1.72,0
61.14,2.8,3,1.81,0
61.156,2.8,3,1.81,0
61.172,2.8,3,1.9,0
61.188,2.8,3,1.9,0
61.204,2.99,3,1.99,0
61.22,2.99,3,1.99,0
61.236,2.99,2.81,2.08,0
61.252,2.99,2.81,2.08,0
61.268,2.99,2.81,2.17,0
61.284,2.99,2.81,2.25,0
61.3,2.99,2.81,2.25,0
61.316,2.99,2.81,2.34,0
61.332,2.99,2.81,2.34,0
61.348,2.99,2.81,2.42,0
61.364,2.99,2.81,2.42,0
61.38,2.99,2.81,2.51,0
61.396,2.99,2.81,2.51,0
61.412,3.17,2.81,2.59,0
61.428,3.17,2.81,2.59,0
61.444,2.99,2.63,2.67,0
61.46,3.17,2.63,2.67,0
61.476,3.17,2.63,2.75,0
61.492,3.17,2.63,2.75,0
61.508,3.17,2.63,2.83,0
61.524,3.17,2.63,2.91,0
61.54,3.17,2.63,2.91,0
61.556,3.17,2.63,2.99,0
61.572,3.17,2.63,2.99,0
61.588,3.17,2.63,3.07,0
61.604,3.17,2.63,3.07,0
61.62,3.17,2.63,3.15,0
61.636,3.35,2.63,3.15,0
61.652,3.35,2.45,3.22,0
61.668,3.35,2.45,3.22,0
61.684,3.35,2.45,3.29,0
61.7,3.35,2.45,3.29,0
61.716,3.35,2.45,3.37,0
61.732,3.35,2.45,3.37,0
61.748,3.35,2.45,3.44,0
61.764,3.35,2.45,3.52,0
61.78,3.35,2.45,3.52,0
61.796,3.35,2.45,3.59,0
61.812,3.35,2.45,3.59,0
61.828,3.54,2.45,3.66,0
61.844,3.35,2.45,3.66,0
61.86,3.35,2.45,3.74,0
61.876,3.35,2.45,3.74,0
61.892,3.35,2.45,3.81,0
61.908,3.54,2.45,3.81,0
61.924,3.54,2.26,3.88,0
61.94,3.54,2.26,3.88,0
61.956,3.54,2.26,3.95,0
61.972,3.54,2.26,3.95,0
61.988,3.54,2.26,4.02,0
62.004,3.54,2.26,4.09,0
62.02,3.54,2.26,4.09,0
62.036,3.54,2.26,4.15,0
62.052,3.54,2.26,4.15,0
62.068,3.54,2.26,4.22,0
62.084,3.54,2.26,4.22,0
62.1,3.54,2.26,4.29,0
62.116,3.54,2.26,4.29,0
62.132,3.54,2.26,4.36,0
62.148,3.54,2.26,4.36,0
62.164,3.54,2.26,4.42,0
62.18,3.54,2.26,4.42,0
62.196,3.54,2.26,4.49,0
62.212,3.54,2.26,4.49,0
62.228,3.72,2.26,4.56,0
62.244,3.72,2.08,4.63,0
62.26,3.72,2.08,4.63,0
62.276,3.72,2.08,4.69,0
62.292,3.72,2.08,4.69,0
62.308,3.72,2.08,4.75,0
62.324,3.72,2.08,4.75,0
62.34,3.72,2.08,4.81,0
62.356,3.72,2.08,4.81,0
62.372,3.72,2.08,4.87,0
62.388,3.72,2.08,4.87,0
62.404,3.72,2.08,4.94,0
62.42,3.72,2.08,4.94,0
62.436,3.72,2.08,5,0
62.452,3.72,2.08,5,0
62.468,3.72,2.08,5.06,0
62.484,3.72,2.08,5.06,0
62.5,3.72,2.08,5.13,0
62.516,3.72,2.08,5.19,0
62.532,3.72,2.08,5.19,0
62.548,3.72,0.57,5.23,0
62.564,3.72,0.57,5.23,0
62.58,3.72,-1.23,5.22,0
62.596,3.72,-1.23,5.22,0
62.612,3.72,-3.02,5.15,0
62.628,3.72,-3.02,5.15,0
62.644,3.72,-3.72,5.05,0
62.66,3.72,-3.72,5.05,0
62.676,3.72,-3.72,4.94,0
62.692,3.54,-3.72,4.94,0
62.708,3.54,-3.54,4.83,0
62.724,3.54,-3.54,4.83,0
62.74,3.54,-3.54,4.73,0
62.756,3.54,-3.54,4.62,0
62.772,3.54,-3.54,4.62,0
62.788,3.54,-3.54,4.51,0
62.804,3.54,-3.54,4.51,0
62.82,3.54,-3.54,4.41,0
62.836,3.54,-3.54,4.41,0
62.852,3.54,-3.54,4.3,0
62.868,3.35,-3.54,4.3,0
62.884,3.35,-3.35,4.2,0
62.9,3.35,-3.35,4.2,0
62.916,3.35,-3.35,4.1,0
62.932,3.35,-3.35,4.1,0
62.948,3.35,-3.35,4,0
62.964,3.35,-3.35,4,0
62.98,3.35,-3.35,3.9,0
62.996,3.35,-3.35,3.8,0
63.012,3.35,-3.35,3.8,0
63.028,3.35,-3.35,3.7,0
63.044,3.17,-3.35,3.7,0
63.06,3.17,-3.17,3.6,0
63.076,3.35,-3.17,3.6,0
63.092,3.17,-3.35,3.5,0
63.108,3.17,-3.35,3.5,0
63.124,3.17,-3.17,3.4,0
63.14,3.17,-3.17,3.4,0
63.156,3.17,-3.17,3.31,0
63.172,3.17,-3.17,3.31,0
63.188,3.17,-3.17,3.21,0
63.204,3.17,-3.17,3.21,0
63.22,2.99,-3.17,3.12,0
63.236,2.99,-2.99,3.02,0
63.252,2.99,-2.99,3.02,0
63.268,2.99,-2.99,2.94,0
63.284,2.99,-2.99,2.94,0
63.3,2.99,-2.99,2.85,0
63.316,2.99,-2.99,2.85,0
63.332,2.99,-2.99,2.76,0
63.348,2.99,-2.99,2.76,0
63.364,2.99,-2.99,2.67,0
63.38,2.99,-2.99,2.67,0
63.396,2.99,-2.99,2.58,0
63.412,2.99,-2.99,2.58,0
63.428,2.99,-2.99,2.49,0
63.444,2.99,-2.99,2.49,0
63.46,2.8,-2.99,2.4,0
63.476,2.8,-2.8,2.31,0
63.492,2.8,-2.8,2.31,0
63.508,2.8,-2.8,2.23,0
63.524,2.8,-2.8,2.23,0
63.54,2.8,-2.8,2.14,0
63.556,2.8,-2.8,2.14,0
63.572,2.8,-2.8,2.06,0
63.588,2.8,-2.8,2.06,0
63.604,2.8,-2.8,1.97,0
63.62,2.8,-2.8,1.97,0
63.636,2.8,-2.8,1.89,0
63.652,2.8,-2.8,1.89,0
63.668,2.62,-2.8,1.81,0
63.684,2.62,-2.8,1.81,0
63.7,2.62,-2.62,1.72,0
63.716,2.62,-2.62,1.65,0
63.732,2.62,-2.62,1.65,0
63.748,2.62,-2.62,1.57,0
63.764,2.62,-2.62,1.57,0
63.78,2.62,-2.62,1.49,0
63.796,2.62,-2.62,1.49,0
63.812,2.62,-2.62,1.41,0
63.828,2.62,-2.62,1.41,0
63.844,2.44,-2.62,1.33,0
63.86,2.62,-2.62,1.33,0
63.876,2.62,-2.62,1.25,0
63.892,2.44,-2.62,1.25,0
63.908,2.62,-2.44,1.18,0
63.924,2.44,-2.44,1.18,0
63.94,2.44,-2.44,1.1,0
63.956,2.44,-2.44,1.03,0
63.972,2.44,-2.44,1.03,0
63.988,2.44,-2.44,0.96,0
64.004,2.44,-2.44,0.96,0
64.02,2.44,-2.44,0.88,0
64.036,2.44,-2.44,0.88,0
64.052,2.44,-2.44,0.81,0
64.068,2.44,-2.44,0.81,0
64.084,2.44,-2.44,0.74,0
64.1,2.25,-2.44,0.74,0
64.116,2.25,-2.25,0.67,0
64.132,2.25,-2.25,0.67,0
64.148,2.25,-2.25,0.6,0
64.164,2.25,-2.25,0.6,0
64.18,2.25,-2.25,0.53,0
64.196,2.25,-2.25,0.46,0
64.212,2.25,-2.25,0.46,0
64.228,2.25,-2.25,0.39,0
64.244,2.25,-2.25,0.39,0
64.26,2.25,-2.25,0.33,0
64.276,2.25,-2.25,0.33,0
64.292,2.25,-2.25,0.26,0
64.308,2.25,-2.25,0.26,0
64.324,2.25,-2.25,0.19,0
64.34,2.25,-2.25,0.19,0
64.356,2.07,-2.25,0.12,0
64.372,2.07,-2.25,0.12,0
64.388,2.07,-2.07,0.06,0
64.404,2.07,-2.07,0.06,0
64.42,2.07,-2.07,-0,0
64.436,2.07,-2.07,-0.06,0
64.452,2.07,-2.07,-0.06,0
64.468,2.07,-2.07,-0.13,0
64.484,2.07,-2.07,-0.13,0
64.5,2.07,-2.07,-0.19,0
64.512,2.07,0,0,1
64.535,2.07,0,0,0
64.551,2.07,0,0,0
64.567,1.89,-1.61,-0.02,0
64.583,2.07,-1.61,-0.02,0
64.599,2.07,0.19,-0.05,0
64.615,2.07,0.19,-0.05,0
64.631,1.89,1.99,-0.01,0
64.648,1.89,1.99,-0.01,0
64.664,1.89,3.91,0.08,0
64.68,2.07,3.91,0.08,0
64.696,2.07,3.73,0.19,0
64.712,2.07,3.73,0.19,0
64.728,2.07,3.73,0.3,0
64.744,2.07,3.73,0.3,0
64.76,2.25,3.73,0.42,0
64.776,2.25,3.55,0.53,0
64.792,2.25,3.55,0.53,0
64.808,2.25,3.55,0.64,0
64.824,2.25,3.55,0.64,0
64.84,2.44,3.55,0.74,0
64.856,2.25,3.55,0.74,0
64.872,2.44,3.55,0.85,0
64.888,2.44,3.55,0.85,0
64.904,2.44,3.36,0.95,0
64.92,2.44,3.36,0.95,0
64.936,2.44,3.36,1.05,0
64.952,2.44,3.36,1.05,0
64.968,2.62,3.36,1.16,0
64.984,2.62,3.36,1.16,0
65,2.62,3.18,1.25,0
65.016,2.62,3.18,1.35,0
65.032,2.62,3.18,1.35,0
65.048,2.62,3.18,1.44,0
65.064,2.62,3.18,1.44,0
65.08,2.62,3.18,1.54,0
65.096,2.8,3.18,1.54,0
65.112,2.8,3,1.63,0
65.128,2.8,3,1.63,0
65.144,2.8,3,1.72,0
65.16,2.8,3,1.72,0
65.176,2.8,3,1.81,0
65.192,2.8,3,1.81,0
65.208,2.8,3,1.9,0
65.224,2.8,3,1.9,0
65.24,2.8,3,1.99,0
65.256,2.99,3,2.08,0
65.272,2.99,3,2.08,0
65.288,2.99,2.81,2.17,0
65.304,2.99,2.81,2.17,0
65.32,2.99,2.81,2.25,0
65.336,2.99,2.81,2.25,0
65.352,2.99,2.81,2.34,0
65.368,2.99,2.81,2.34,0
65.384,2.99,2.81,2.42,0
65.4,2.99,2.81,2.42,0
65.416,2.99,2.81,2.51,0
65.432,2.99,2.81,2.51,0
65.448,3.17,2.81,2.59,0
65.464,2.99,2.81,2.59,0
65.48,3.17,2.81,2.67,0
65.496,3.17,2.81,2.67,0
65.512,3.17,2.63,2.76,0
65.528,3.17,2.63,2.84,0
65.544,3.17,2.63,2.84,0
65.56,3.17,2.63,2.92,0
65.576,3.17,2.63,2.92,0
65.592,3.17,2.63,3,0
65.608,3.17,2.63,3,0
65.624,3.17,2.63,3.07,0
65.64,3.17,2.63,3.07,0
65.656,3.17,2.63,3.15,0
65.672,3.17,2.63,3.15,0
65.688,3.35,2.63,3.23,0
65.704,3.35,2.63,3.23,0
65.72,3.35,2.45,3.31,0
65.736,3.35,2.45,3.31,0
65.752,3.35,2.45,3.38,0
65.768,3.35,2.45,3.46,0
65.784,3.35,2.45,3.46,0
65.8,3.35,2.45,3.53,0
65.816,3.35,2.45,3.53,0
65.832,3.35,2.45,3.6,0
65.848,3.35,2.45,3.6,0
65.864,3.35,2.45,3.68,0
65.88,3.35,2.45,3.68,0
65.896,3.35,2.45,3.75,0
65.912,3.35,2.45,3.75,0
65.928,3.35,2.45,3.82,0
65.944,3.35,2.45,3.82,0
65.96,3.54,2.45,3.9,0
65.976,3.54,2.45,3.9,0
65.992,3.54,2.26,3.97,0
66.008,3.54,2.26,4.03,0
66.024,3.54,2.26,4.03,0
66.04,3.54,2.26,4.1,0
66.056,3.54,2.26,4.1,0
66.072,3.54,2.26,4.17,0
66.088,3.54,2.26,4.17,0
66.104,3.54,2.26,4.24,0
66.12,3.54,2.26,4.24,0
66.136,3.54,2.26,4.31,0
66.152,3.54,2.26,4.31,0
66.168,3.54,2.26,4.37,0
66.184,3.54,2.26,4.37,0
66.2,3.54,2.26,4.44,0
66.216,3.54,2.26,4.44,0
66.232,3.54,2.26,4.51,0
66.248,3.72,2.26,4.58,0
66.264,3.54,2.26,4.58,0
66.28,3.72,2.26,4.64,0
66.296,3.72,2.26,4.64,0
66.312,3.72,2.08,4.71,0
66.328,3.72,2.08,4.71,0
66.344,3.72,2.08,4.77,0
66.36,3.72,2.08,4.77,0
66.376,3.72,2.08,4.83,0
66.392,3.72,2.08,4.83,0
66.408,3.72,2.08,4.9,0
66.424,3.72,2.08,4.9,0
66.44,3.72,2.08,4.96,0
66.456,3.72,2.08,4.96,0
66.472,3.72,2.08,5.02,0
66.488,3.72,2.08,5.08,0
66.504,3.72,2.08,5.08,0
66.52,3.72,2.08,5.15,0
66.536,3.72,2.08,5.15,0
66.552,3.72,2.08,5.21,0
66.568,3.72,2.08,5.21,0
66.584,3.72,0.63,5.25,0
66.6,3.72,0.63,5.25,0
66.616,3.72,-1.17,5.24,0
66.632,3.72,-1.17,5.24,0
66.648,3.72,-2.97,5.18,0
66.664,3.72,-2.97,5.18,0
66.68,3.72,-3.72,5.08,0
66.696,3.72,-3.72,5.08,0
66.712,3.72,-3.72,4.97,0
66.728,3.54,-3.72,4.86,0
66.744,3.54,-3.72,4.86,0
66.76,3.54,-3.54,4.75,0
66.776,3.54,-3.54,4.75,0
66.792,3.54,-3.54,4.64,0
66.808,3.54,-3.54,4.64,0
66.824,3.54,-3.54,4.53,0
66.84,3.54,-3.54,4.53,0
66.856,3.54,-3.54,4.43,0
66.872,3.54,-3.54,4.43,0
66.888,3.35,-3.54,4.32,0
66.904,3.35,-3.54,4.32,0
66.92,3.54,-3.35,4.22,0
66.936,3.35,-3.35,4.22,0
66.952,3.35,-3.35,4.12,0
66.968,3.35,-3.35,4.02,0
66.984,3.35,-3.35,4.02,0
67,3.35,-3.35,3.92,0
67.016,3.35,-3.35,3.92,0
67.032,3.35,-3.35,3.82,0
67.048,3.35,-3.35,3.82,0
67.064,3.17,-3.35,3.72,0
67.08,3.17,-3.35,3.72,0
67.096,3.17,-3.17,3.62,0
67.112,3.17,-3.17,3.62,0
67.128,3.17,-3.17,3.52,0
67.144,3.17,-3.17,3.52,0
67.16,3.17,-3.17,3.43,0
67.176,3.17,-3.17,3.43,0
67.192,3.17,-3.17,3.33,0
67.208,3.17,-3.17,3.23,0
67.224,3.17,-3.17,3.23,0
