Settings:,,
Use KPA,0,
KP,1,
KI,0,
KD,0,
Traj Follow Error Pressure Threshold,4.35,
Traj Follow Error Time Threshold,1500,
Filter alpha,0,
Sensor offset,-0.05,
Pressure Read Delay,10,
Interpolation Calculation Delay,30,
Controller Delay,30,
"Traj times","0.00, 1000.00, 1050.00, 8500.00, 8500.00, 16000.00, ",""
"Traj pressures","0.00, 0.00, 17.50, 17.50, 0.00, 0.00, ",""
time,pressure,error,integral,cycle_start
0,-0.1,0,0,0
0.01,-0.1,0.1,0.52,0
0.02,-0.1,0.1,0.52,0
0.03,-0.1,0.1,0.52,0
0.04,-0.1,0.1,0.53,0
0.05,-0.1,0.1,0.53,0
0.06,-0.1,0.1,0.53,0
0.07,-0.1,0.1,0.53,0
0.08,-0.1,0.1,0.53,0
0.09,-0.1,0.1,0.53,0
0.1,-0.1,0.1,0.53,0
0.11,-0.1,0.1,0.53,0
0.12,-0.1,0.1,0.53,0
0.13,-0.1,0.1,0.54,0
0.14,-0.1,0.1,0.54,0
0.15,-0.1,0.1,0.54,0
0.16,-0.1,0.1,0.54,0
0.17,-0.1,0.1,0.54,0
0.18,-0.1,0.1,0.54,0
0.19,-0.1,0.1,0.54,0
0.2,-0.1,0.1,0.54,0
0.21,-0.1,0.1,0.54,0
0.22,-0.1,0.1,0.54,0
0.23,-0.1,0.1,0.54,0
0.24,-0.1,0.1,0.54,0
0.25,-0.1,0.1,0.55,0
0.26,-0.1,0.1,0.55,0
0.27,-0.1,0.1,0.55,0
0.28,-0.1,0.1,0.55,0
0.29,-0.1,0.1,0.55,0
0.3,-0.1,0.1,0.55,0
0.31,-0.1,0.1,0.55,0
0.32,-0.1,0.1,0.55,0
0.33,-0.1,0.1,0.55,0
0.34,-0.1,0.1,0.56,0
0.35,-0.1,0.1,0.56,0
0.36,-0.1,0.1,0.56,0
0.371,-0.1,0.1,0.56,0
0.381,-0.1,0.1,0.56,0
0.391,-0.1,0.1,0.56,0
0.401,-0.1,0.1,0.56,0
0.411,-0.1,0.1,0.56,0
0.421,-0.1,0.1,0.56,0
0.431,-0.1,0.1,0.57,0
0.441,-0.1,0.1,0.57,0
0.451,-0.1,0.1,0.57,0
0.461,-0.1,0.1,0.57,0
0.471,-0.1,0.1,0.57,0
0.481,-0.1,0.1,0.57,0
0.491,-0.1,0.1,0.57,0
0.501,-0.1,0.1,0.57,0
0.511,-0.1,0.1,0.57,0
0.521,-0.1,0.1,0.58,0
0.531,-0.1,0.1,0.58,0
0.541,-0.1,0.1,0.58,0
0.551,-0.1,0.1,0.58,0
0.561,-0.1,0.1,0.58,0
0.571,-0.1,0.1,0.58,0
0.581,-0.1,0.1,0.58,0
0.591,-0.1,0.1,0.58,0
0.601,-0.1,0.1,0.58,0
0.611,-0.1,0.1,0.59,0
0.621,0.08,0.1,0.59,0
0.631,-0.1,0.1,0.59,0
0.641,-0.1,0.1,0.59,0
0.651,-0.1,0.1,0.59,0
0.661,-0.1,0.1,0.59,0
0.671,-0.1,0.1,0.59,0
0.681,-0.1,0.1,0.59,0
0.691,-0.1,0.1,0.59,0
0.701,0.08,0.1,0.6,0
0.712,-0.1,0.1,0.6,0
0.722,0.08,0.1,0.6,0
0.732,0.08,-0.08,0.6,0
0.742,0.08,-0.08,0.6,0
0.752,-0.1,-0.08,0.6,0
0.762,-0.1,0.1,0.6,0
0.772,0.08,0.1,0.6,0
0.782,-0.1,0.1,0.6,0
0.792,0.08,0.1,0.6,0
0.802,-0.1,0.1,0.6,0
0.812,0.08,0.1,0.6,0
0.822,-0.1,-0.08,0.6,0
0.832,0.08,-0.08,0.6,0
0.842,0.08,-0.08,0.6,0
0.852,0.08,-0.08,0.6,0
0.862,0.08,-0.08,0.6,0
0.872,0.08,-0.08,0.6,0
0.883,-0.1,-0.08,0.59,0
0.893,-0.1,-0.08,0.59,0
0.903,-0.1,-0.08,0.59,0
0.913,0.08,0.1,0.6,0
0.923,0.08,0.1,0.6,0
0.933,-0.1,0.1,0.6,0
0.943,0.08,0.1,0.6,0
0.953,0.08,0.1,0.6,0
0.963,0.08,0.1,0.6,0
0.973,0.08,-0.08,0.6,0
0.983,0.08,-0.08,0.6,0
0.993,0.08,-0.08,0.6,0
1.003,0.08,-0.08,0.6,0
1.013,0.08,-0.08,0.6,0
1.023,0.08,-0.08,0.6,0
1.033,0.08,7.27,0.7,0
1.043,0.08,7.27,0.7,0
1.053,0.08,7.27,0.7,0
1.063,2.64,17.42,1.07,0
1.073,4.48,17.42,1.07,0
1.083,6.31,17.42,1.07,0
1.093,8.33,11.19,1.5,0
1.103,9.61,11.19,1.5,0
1.113,11.08,11.19,1.5,0
1.123,12.36,6.42,1.77,0
1.133,13.46,6.42,1.77,0
1.143,14.01,6.42,1.77,0
1.153,14.74,3.49,1.92,0
1.163,15.47,3.49,1.92,0
1.173,16.02,3.49,1.92,0
1.183,16.76,1.48,1.99,0
1.193,17.31,1.48,1.99,0
1.203,17.67,1.48,1.99,0
1.213,18.04,-0.17,2.01,0
1.224,18.04,-0.17,2.01,0
1.234,18.22,-0.54,2,0
1.244,18.04,-0.54,2,0
1.254,18.04,-0.54,2,0
1.264,17.86,-0.54,2,0
1.274,17.86,-0.36,1.99,0
1.284,17.49,-0.36,1.99,0
1.294,17.49,-0.36,1.99,0
1.304,17.31,0.01,1.98,0
1.314,17.31,0.01,1.98,0
1.324,17.31,0.01,1.98,0
1.334,17.12,0.19,1.98,0
1.344,17.12,0.19,1.98,0
1.354,17.12,0.19,1.98,0
1.364,17.31,0.38,1.99,0
1.374,17.31,0.38,1.99,0
1.384,17.31,0.38,1.99,0
1.395,17.31,0.19,2,0
1.405,17.31,0.19,2,0
1.415,17.31,0.19,2.01,0
1.425,17.31,0.19,2.01,0
1.435,17.12,0.19,2.01,0
1.445,17.12,0.19,2.01,0
1.455,16.94,0.38,2.02,0
1.465,16.94,0.38,2.02,0
1.475,16.94,0.38,2.02,0
1.485,16.94,0.56,2.03,0
1.495,16.94,0.56,2.03,0
1.505,16.94,0.56,2.03,0
1.515,16.94,0.56,2.05,0
1.525,16.94,0.56,2.05,0
1.535,16.94,0.56,2.05,0
1.545,16.94,0.56,2.06,0
1.555,16.94,0.56,2.06,0
1.565,16.94,0.56,2.06,0
1.575,16.94,0.56,2.08,0
1.585,16.94,0.56,2.08,0
1.595,16.94,0.56,2.08,0
1.605,16.76,0.56,2.1,0
1.615,16.76,0.56,2.1,0
1.625,16.76,0.56,2.1,0
1.635,16.76,0.74,2.12,0
1.645,16.94,0.74,2.12,0
1.655,16.94,0.74,2.12,0
1.665,16.94,0.56,2.14,0
1.675,17.12,0.56,2.14,0
1.685,17.12,0.56,2.14,0
1.695,17.12,0.38,2.15,0
1.705,17.12,0.38,2.15,0
1.715,17.12,0.38,2.15,0
1.725,17.12,0.38,2.16,0
1.736,17.12,0.38,2.16,0
1.746,16.94,0.38,2.17,0
1.756,16.94,0.38,2.17,0
1.766,16.94,0.38,2.17,0
1.776,16.94,0.56,2.19,0
1.786,16.94,0.56,2.19,0
1.796,16.94,0.56,2.19,0
1.806,16.94,0.56,2.2,0
1.816,16.94,0.56,2.2,0
1.826,16.94,0.56,2.2,0
1.836,16.94,0.56,2.2,0
1.846,16.94,0.56,2.22,0
1.856,16.94,0.56,2.22,0
1.866,16.94,0.56,2.22,0
1.876,16.94,0.56,2.24,0
1.886,16.94,0.56,2.24,0
1.896,16.94,0.56,2.24,0
1.907,16.94,0.56,2.25,0
1.917,16.94,0.56,2.25,0
1.927,16.76,0.56,2.27,0
1.937,16.76,0.56,2.27,0
1.947,16.76,0.56,2.27,0
1.957,16.76,0.74,2.29,0
1.967,16.76,0.74,2.29,0
1.977,16.94,0.74,2.29,0
1.987,17.12,0.74,2.29,0
1.997,17.12,0.38,2.31,0
2.007,17.31,0.38,2.31,0
2.017,17.12,0.38,2.31,0
2.027,17.12,0.38,2.32,0
2.037,17.12,0.38,2.32,0
2.047,17.12,0.38,2.32,0
2.057,16.94,0.38,2.33,0
2.067,16.94,0.38,2.33,0
2.077,16.94,0.38,2.33,0
2.087,16.94,0.56,2.34,0
2.097,16.94,0.56,2.34,0
2.107,16.94,0.56,2.34,0
2.117,16.94,0.56,2.36,0
2.127,16.94,0.56,2.36,0
2.137,16.94,0.56,2.36,0
2.147,16.94,0.56,2.38,0
2.157,16.94,0.56,2.38,0
2.167,16.94,0.56,2.38,0
2.177,16.94,0.56,2.4,0
2.187,16.94,0.56,2.4,0
2.197,16.94,0.56,2.4,0
2.207,16.94,0.56,2.41,0
2.217,16.94,0.56,2.41,0
2.227,16.94,0.56,2.41,0
2.237,16.94,0.56,2.43,0
2.248,16.76,0.56,2.43,0
2.258,16.94,0.74,2.45,0
2.268,16.94,0.74,2.45,0
2.278,17.12,0.74,2.45,0
2.288,17.12,0.38,2.47,0
2.298,17.31,0.38,2.47,0
2.308,17.12,0.38,2.47,0
2.318,17.12,0.38,2.47,0
2.328,17.12,0.38,2.48,0
2.338,17.12,0.38,2.48,0
2.348,17.12,0.38,2.48,0
2.358,17.12,0.38,2.49,0
2.368,17.12,0.38,2.49,0
2.378,16.94,0.38,2.49,0
2.388,17.12,0.56,2.5,0
2.398,16.94,0.56,2.5,0
2.408,17.12,0.56,2.5,0
2.419,17.12,0.38,2.52,0
2.429,16.94,0.38,2.52,0
2.439,17.12,0.38,2.52,0
2.449,17.12,0.38,2.53,0
2.459,16.94,0.38,2.53,0
2.469,16.94,0.38,2.53,0
2.479,16.94,0.56,2.54,0
2.489,16.94,0.56,2.54,0
2.499,16.94,0.56,2.54,0
2.509,16.94,0.56,2.56,0
2.519,16.94,0.56,2.56,0
2.529,16.94,0.56,2.56,0
2.539,16.94,0.56,2.58,0
2.549,16.94,0.56,2.58,0
2.559,16.94,0.56,2.58,0
2.569,16.94,0.56,2.59,0
2.579,16.94,0.56,2.59,0
2.589,16.94,0.56,2.59,0
2.599,16.94,0.56,2.61,0
2.609,16.94,0.56,2.61,0
2.619,16.94,0.56,2.61,0
2.629,16.94,0.56,2.63,0
2.639,16.94,0.56,2.63,0
2.649,16.94,0.56,2.63,0
2.659,16.76,0.56,2.64,0
2.669,16.94,0.56,2.64,0
2.679,16.76,0.56,2.64,0
2.689,16.94,0.74,2.66,0
2.699,16.94,0.74,2.66,0
2.709,17.12,0.74,2.66,0
2.719,17.12,0.38,2.68,0
2.729,17.12,0.38,2.68,0
2.739,17.12,0.38,2.68,0
2.749,17.12,0.38,2.69,0
2.76,17.12,0.38,2.69,0
2.77,17.12,0.38,2.69,0
2.78,16.94,0.38,2.7,0
2.79,17.12,0.38,2.7,0
2.8,16.94,0.38,2.7,0
2.81,16.94,0.56,2.72,0
2.82,16.94,0.56,2.72,0
2.83,16.94,0.56,2.72,0
2.84,16.94,0.56,2.73,0
2.85,16.94,0.56,2.73,0
2.86,16.94,0.56,2.73,0
2.87,16.94,0.56,2.75,0
2.88,16.94,0.56,2.75,0
2.89,16.94,0.56,2.75,0
2.9,16.94,0.56,2.77,0
2.91,16.94,0.56,2.77,0
2.92,16.94,0.56,2.77,0
2.931,16.94,0.56,2.78,0
2.941,16.94,0.56,2.78,0
2.951,16.94,0.56,2.8,0
2.961,16.94,0.56,2.8,0
2.971,16.94,0.56,2.8,0
2.981,16.94,0.56,2.82,0
2.991,16.94,0.56,2.82,0
3.001,17.12,0.56,2.82,0
3.011,16.94,0.56,2.82,0
3.021,16.94,0.56,2.83,0
3.031,16.94,0.56,2.83,0
3.041,16.94,0.56,2.83,0
3.051,16.94,0.56,2.85,0
3.061,16.94,0.56,2.85,0
3.071,16.94,0.56,2.85,0
3.081,16.94,0.56,2.87,0
3.091,16.94,0.56,2.87,0
3.101,16.94,0.56,2.87,0
3.111,16.94,0.56,2.88,0
3.121,16.94,0.56,2.88,0
3.131,16.76,0.56,2.88,0
3.141,16.76,0.74,2.9,0
3.151,16.94,0.74,2.9,0
3.161,17.12,0.74,2.9,0
3.171,17.12,0.38,2.92,0
3.181,17.12,0.38,2.92,0
3.191,17.12,0.38,2.92,0
3.201,17.12,0.38,2.93,0
3.211,17.12,0.38,2.93,0
3.221,16.94,0.38,2.93,0
3.231,17.12,0.56,2.95,0
3.241,17.12,0.56,2.95,0
3.251,17.12,0.56,2.95,0
3.261,16.94,0.38,2.96,0
3.272,16.94,0.38,2.96,0
3.282,16.94,0.56,2.97,0
3.292,16.94,0.56,2.97,0
3.302,16.94,0.56,2.97,0
3.312,16.94,0.56,2.99,0
3.322,16.94,0.56,2.99,0
3.332,16.94,0.56,2.99,0
3.342,16.94,0.56,2.99,0
3.352,16.94,0.56,3.01,0
3.362,16.94,0.56,3.01,0
3.372,16.94,0.56,3.01,0
3.382,16.94,0.56,3.02,0
3.392,16.94,0.56,3.02,0
3.402,16.94,0.56,3.02,0
3.412,16.94,0.56,3.04,0
3.422,16.94,0.56,3.04,0
3.432,16.94,0.56,3.04,0
3.443,16.94,0.56,3.06,0
3.453,16.94,0.56,3.06,0
3.463,16.94,0.56,3.08,0
3.473,16.94,0.56,3.08,0
3.483,16.94,0.56,3.08,0
3.493,16.94,0.56,3.08,0
3.503,16.94,0.56,3.09,0
3.513,16.94,0.56,3.09,0
3.523,16.94,0.56,3.09,0
3.533,16.94,0.56,3.11,0
3.543,16.94,0.56,3.11,0
3.553,16.94,0.56,3.11,0
3.563,16.94,0.56,3.13,0
3.573,16.94,0.56,3.13,0
3.583,16.94,0.56,3.13,0
3.593,16.94,0.56,3.14,0
3.603,16.94,0.56,3.14,0
3.613,16.94,0.56,3.14,0
3.623,16.76,0.56,3.16,0
3.633,16.94,0.56,3.16,0
3.643,16.94,0.56,3.16,0
3.653,16.76,0.56,3.18,0
3.663,16.94,0.56,3.18,0
3.673,16.94,0.56,3.18,0
3.683,16.76,0.56,3.19,0
3.693,16.94,0.56,3.19,0
3.703,16.76,0.56,3.19,0
3.713,16.94,0.74,3.21,0
3.723,16.94,0.74,3.21,0
3.733,16.94,0.74,3.21,0
3.743,17.12,0.56,3.23,0
3.753,17.12,0.56,3.23,0
3.763,17.12,0.56,3.23,0
3.773,17.12,0.38,3.25,0
3.784,17.12,0.38,3.25,0
3.794,17.12,0.38,3.26,0
3.804,17.12,0.38,3.26,0
3.814,16.94,0.38,3.26,0
3.824,17.12,0.56,3.27,0
3.834,17.12,0.56,3.27,0
3.844,17.12,0.56,3.27,0
3.854,17.12,0.38,3.29,0
3.864,17.12,0.38,3.29,0
3.874,16.94,0.38,3.29,0
3.884,17.12,0.56,3.3,0
3.894,16.94,0.56,3.3,0
3.904,16.94,0.56,3.3,0
3.914,16.94,0.56,3.3,0
3.924,16.94,0.56,3.32,0
3.934,16.94,0.56,3.32,0
3.944,16.94,0.56,3.32,0
3.955,16.94,0.56,3.33,0
3.965,16.94,0.56,3.33,0
3.975,16.94,0.56,3.33,0
3.985,16.94,0.56,3.35,0
3.995,16.94,0.56,3.35,0
4.005,16.94,0.56,3.35,0
4.015,16.94,0.56,3.37,0
4.025,16.94,0.56,3.37,0
4.035,16.94,0.56,3.37,0
4.045,16.94,0.56,3.38,0
4.055,16.94,0.56,3.38,0
4.065,16.94,0.56,3.38,0
4.075,16.94,0.56,3.4,0
4.085,16.94,0.56,3.4,0
4.095,16.94,0.56,3.4,0
4.105,16.94,0.56,3.42,0
4.115,16.94,0.56,3.42,0
4.125,16.94,0.56,3.42,0
4.135,16.94,0.56,3.44,0
4.145,16.94,0.56,3.44,0
4.155,16.94,0.56,3.44,0
4.165,16.94,0.56,3.45,0
4.175,16.94,0.56,3.45,0
4.185,16.94,0.56,3.45,0
4.195,16.94,0.56,3.47,0
4.205,16.94,0.56,3.47,0
4.215,16.94,0.56,3.47,0
4.225,16.94,0.56,3.49,0
4.235,16.94,0.56,3.49,0
4.245,16.94,0.56,3.49,0
4.255,16.94,0.56,3.5,0
4.265,16.94,0.56,3.5,0
4.275,16.94,0.56,3.5,0
4.285,16.94,0.56,3.52,0
4.296,16.94,0.56,3.52,0
4.306,16.94,0.56,3.52,0
4.316,16.94,0.56,3.54,0
4.326,16.94,0.56,3.54,0
4.336,16.94,0.56,3.54,0
4.346,16.94,0.56,3.55,0
4.356,16.76,0.56,3.55,0
4.366,16.94,0.56,3.55,0
4.376,16.94,0.56,3.57,0
4.386,16.94,0.56,3.57,0
4.396,16.94,0.56,3.57,0
4.406,16.94,0.56,3.59,0
4.416,16.94,0.56,3.59,0
4.426,16.94,0.56,3.59,0
4.436,16.76,0.56,3.6,0
4.446,16.94,0.56,3.6,0
4.456,16.94,0.56,3.6,0
4.467,16.94,0.56,3.62,0
4.477,16.76,0.56,3.62,0
4.487,16.76,0.74,3.64,0
4.497,16.76,0.74,3.64,0
4.507,16.94,0.74,3.64,0
4.517,16.76,0.74,3.64,0
4.527,17.12,0.74,3.66,0
4.537,17.12,0.74,3.66,0
4.547,17.31,0.74,3.66,0
4.557,17.31,0.19,3.68,0
4.567,17.49,0.19,3.68,0
4.577,17.31,0.19,3.68,0
4.587,17.31,0.19,3.68,0
4.597,17.31,0.19,3.68,0
4.607,17.31,0.19,3.68,0
4.617,17.31,0.19,3.69,0
4.627,17.31,0.19,3.69,0
4.637,17.31,0.19,3.69,0
4.647,17.31,0.19,3.69,0
4.657,17.31,0.19,3.69,0
4.667,17.31,0.19,3.69,0
4.677,17.31,0.19,3.7,0
4.687,17.31,0.19,3.7,0
4.697,17.31,0.19,3.7,0
4.707,17.12,0.19,3.71,0
4.717,17.12,0.19,3.71,0
4.727,17.31,0.19,3.71,0
4.737,17.12,0.19,3.71,0
4.747,17.12,0.19,3.71,0
4.757,17.12,0.19,3.71,0
4.767,17.12,0.38,3.72,0
4.777,17.31,0.38,3.72,0
4.787,17.12,0.38,3.72,0
4.797,17.12,0.38,3.73,0
4.808,17.12,0.38,3.73,0
4.818,17.12,0.38,3.73,0
4.828,17.12,0.38,3.74,0
4.838,17.12,0.38,3.74,0
4.848,17.12,0.38,3.74,0
4.858,17.12,0.38,3.75,0
4.868,17.12,0.38,3.75,0
4.878,17.12,0.38,3.75,0
4.888,17.12,0.38,3.77,0
4.898,17.12,0.38,3.77,0
4.908,17.12,0.38,3.77,0
4.918,17.12,0.38,3.78,0
4.928,17.12,0.38,3.78,0
4.938,17.12,0.38,3.78,0
4.948,17.12,0.38,3.79,0
4.958,17.12,0.38,3.79,0
4.968,17.12,0.38,3.79,0
4.979,17.12,0.38,3.8,0
4.989,17.12,0.38,3.8,0
4.999,17.12,0.38,3.81,0
5.009,16.94,0.38,3.81,0
5.019,16.94,0.38,3.81,0
5.029,16.94,0.56,3.82,0
5.039,16.94,0.56,3.82,0
5.049,16.94,0.56,3.82,0
5.059,16.94,0.56,3.82,0
5.069,16.94,0.56,3.84,0
5.079,16.94,0.56,3.84,0
5.089,16.94,0.56,3.84,0
5.099,16.94,0.56,3.86,0
5.109,16.94,0.56,3.86,0
5.119,16.94,0.56,3.86,0
5.129,16.94,0.56,3.88,0
5.139,16.94,0.56,3.88,0
5.149,16.94,0.56,3.88,0
5.159,16.94,0.56,3.89,0
5.169,16.94,0.56,3.89,0
5.179,16.94,0.56,3.89,0
5.189,16.94,0.56,3.91,0
5.199,16.94,0.56,3.91,0
5.209,16.94,0.56,3.91,0
5.219,16.94,0.56,3.93,0
5.229,16.94,0.56,3.93,0
5.239,16.94,0.56,3.93,0
5.249,16.94,0.56,3.94,0
5.259,16.94,0.56,3.94,0
5.269,16.94,0.56,3.94,0
5.279,16.94,0.56,3.96,0
5.289,16.94,0.56,3.96,0
5.299,16.94,0.56,3.96,0
5.309,16.94,0.56,3.98,0
5.32,16.94,0.56,3.98,0
5.33,16.94,0.56,3.99,0
5.34,16.94,0.56,3.99,0
5.35,16.94,0.56,3.99,0
5.36,16.94,0.56,4.01,0
5.37,16.94,0.56,4.01,0
5.38,16.94,0.56,4.01,0
5.39,16.94,0.56,4.01,0
5.4,16.94,0.56,4.03,0
5.41,16.76,0.56,4.03,0
5.42,16.94,0.56,4.03,0
5.43,16.94,0.56,4.04,0
5.44,16.94,0.56,4.04,0
5.45,16.94,0.56,4.04,0
5.46,16.76,0.56,4.06,0
5.47,16.94,0.56,4.06,0
5.48,16.76,0.56,4.06,0
5.491,16.94,0.74,4.08,0
5.501,16.94,0.74,4.08,0
5.511,17.12,0.74,4.08,0
5.521,16.94,0.38,4.1,0
5.531,16.94,0.38,4.1,0
5.541,16.94,0.38,4.1,0
5.551,16.94,0.56,4.11,0
5.561,16.94,0.56,4.11,0
5.571,16.94,0.56,4.11,0
5.581,16.94,0.56,4.13,0
5.591,16.94,0.56,4.13,0
5.601,16.94,0.56,4.13,0
5.611,16.94,0.56,4.15,0
5.621,16.94,0.56,4.15,0
5.631,16.94,0.56,4.15,0
5.641,16.76,0.56,4.16,0
5.651,16.94,0.56,4.16,0
5.661,16.94,0.56,4.16,0
5.671,16.94,0.56,4.18,0
5.681,16.94,0.56,4.18,0
5.691,16.76,0.56,4.18,0
5.701,16.94,0.74,4.2,0
5.711,16.94,0.74,4.2,0
5.721,16.94,0.74,4.2,0
5.731,17.12,0.56,4.22,0
5.741,17.12,0.56,4.22,0
5.751,17.12,0.56,4.22,0
5.761,17.12,0.38,4.23,0
5.771,17.12,0.38,4.23,0
5.781,16.94,0.38,4.23,0
5.791,17.12,0.56,4.25,0
5.801,16.94,0.56,4.25,0
5.811,16.94,0.56,4.25,0
5.821,17.12,0.56,4.26,0
5.832,17.12,0.56,4.26,0
5.842,16.94,0.38,4.28,0
5.852,17.12,0.38,4.28,0
5.862,16.94,0.38,4.28,0
5.872,16.94,0.38,4.28,0
5.882,16.94,0.56,4.29,0
5.892,16.94,0.56,4.29,0
5.902,16.94,0.56,4.29,0
5.912,16.94,0.56,4.31,0
5.922,16.94,0.56,4.31,0
5.932,16.94,0.56,4.31,0
5.942,16.94,0.56,4.33,0
5.952,16.94,0.56,4.33,0
5.962,16.94,0.56,4.33,0
5.972,16.94,0.56,4.34,0
5.982,16.94,0.56,4.34,0
5.992,16.94,0.56,4.34,0
6.003,16.94,0.56,4.36,0
6.013,16.94,0.56,4.36,0
6.023,16.94,0.56,4.36,0
6.033,16.94,0.56,4.38,0
6.043,16.94,0.56,4.38,0
6.053,16.94,0.56,4.38,0
6.063,16.94,0.56,4.39,0
6.073,16.94,0.56,4.39,0
6.083,16.94,0.56,4.39,0
6.093,16.94,0.56,4.41,0
6.103,16.94,0.56,4.41,0
6.113,16.94,0.56,4.41,0
6.123,16.94,0.56,4.43,0
6.133,16.94,0.56,4.43,0
6.143,16.76,0.56,4.43,0
6.153,16.94,0.74,4.45,0
6.163,16.94,0.74,4.45,0
6.173,16.94,0.74,4.45,0
6.183,16.94,0.56,4.47,0
6.193,17.12,0.56,4.47,0
6.203,17.12,0.56,4.47,0
6.213,17.12,0.38,4.48,0
6.223,17.12,0.38,4.48,0
6.233,17.12,0.38,4.48,0
6.243,17.12,0.38,4.49,0
6.253,16.94,0.38,4.49,0
6.263,17.12,0.38,4.49,0
6.273,16.94,0.38,4.5,0
6.283,16.94,0.38,4.5,0
6.293,16.94,0.38,4.5,0
6.303,16.94,0.56,4.52,0
6.313,16.94,0.56,4.52,0
6.323,16.94,0.56,4.52,0
6.333,16.94,0.56,4.53,0
6.344,16.94,0.56,4.53,0
6.354,16.94,0.56,4.53,0
6.364,16.94,0.56,4.55,0
6.374,16.94,0.56,4.55,0
6.384,16.94,0.56,4.55,0
6.394,16.94,0.56,4.57,0
6.404,16.94,0.56,4.57,0
6.414,16.94,0.56,4.57,0
6.424,16.94,0.56,4.58,0
6.434,16.94,0.56,4.58,0
6.444,16.94,0.56,4.58,0
6.454,16.94,0.56,4.6,0
6.464,16.94,0.56,4.6,0
6.474,16.94,0.56,4.6,0
6.484,16.94,0.56,4.62,0
6.494,16.94,0.56,4.62,0
6.504,16.94,0.56,4.62,0
6.515,16.94,0.56,4.63,0
6.525,16.94,0.56,4.63,0
6.535,16.94,0.56,4.65,0
6.545,16.94,0.56,4.65,0
6.555,16.94,0.56,4.65,0
6.565,16.76,0.56,4.67,0
6.575,16.94,0.56,4.67,0
6.585,16.94,0.56,4.67,0
6.595,16.94,0.56,4.67,0
6.605,16.94,0.56,4.69,0
6.615,16.94,0.56,4.69,0
6.625,16.94,0.56,4.69,0
6.635,16.94,0.56,4.7,0
6.645,16.94,0.56,4.7,0
6.655,16.94,0.56,4.7,0
6.665,16.94,0.56,4.72,0
6.675,16.94,0.56,4.72,0
6.685,16.94,0.56,4.72,0
6.695,16.94,0.56,4.74,0
6.705,16.94,0.56,4.74,0
6.715,16.76,0.56,4.74,0
6.725,16.94,0.74,4.76,0
6.735,16.94,0.74,4.76,0
6.745,16.94,0.74,4.76,0
6.755,16.94,0.56,4.77,0
6.765,17.12,0.56,4.77,0
6.775,17.12,0.56,4.77,0
6.785,16.94,0.38,4.79,0
6.795,16.94,0.38,4.79,0
6.805,16.94,0.38,4.79,0
6.815,16.94,0.56,4.8,0
6.825,17.12,0.56,4.8,0
6.835,16.94,0.56,4.8,0
6.845,16.94,0.56,4.82,0
6.856,16.94,0.56,4.82,0
6.866,16.94,0.56,4.84,0
6.876,16.94,0.56,4.84,0
6.886,16.94,0.56,4.84,0
6.896,16.94,0.56,4.84,0
6.906,16.94,0.56,4.85,0
6.916,16.94,0.56,4.85,0
6.926,16.94,0.56,4.85,0
6.936,16.94,0.56,4.87,0
6.946,16.94,0.56,4.87,0
6.956,16.94,0.56,4.87,0
6.966,16.94,0.56,4.89,0
6.976,16.94,0.56,4.89,0
6.986,16.94,0.56,4.89,0
6.996,16.94,0.56,4.9,0
7.006,16.94,0.56,4.9,0
7.016,16.94,0.56,4.9,0
7.027,16.94,0.56,4.92,0
7.037,16.94,0.56,4.92,0
7.047,16.94,0.56,4.92,0
7.057,16.94,0.56,4.94,0
7.067,16.94,0.56,4.94,0
7.077,16.94,0.56,4.94,0
7.087,16.94,0.56,4.95,0
7.097,16.94,0.56,4.95,0
7.107,16.94,0.56,4.95,0
7.117,16.94,0.56,4.97,0
7.127,16.94,0.56,4.97,0
7.137,16.94,0.56,4.97,0
7.147,16.94,0.56,4.99,0
7.157,16.94,0.56,4.99,0
7.167,16.94,0.56,4.99,0
7.177,16.94,0.56,5.01,0
7.187,16.94,0.56,5.01,0
7.197,16.94,0.56,5.01,0
7.207,16.94,0.56,5.02,0
7.217,16.94,0.56,5.02,0
7.227,16.76,0.56,5.02,0
7.237,16.94,0.74,5.04,0
7.247,16.94,0.74,5.04,0
7.257,16.94,0.74,5.04,0
7.267,16.94,0.56,5.06,0
7.277,17.12,0.56,5.06,0
7.287,17.12,0.56,5.06,0
7.297,16.94,0.38,5.08,0
7.307,16.94,0.38,5.08,0
7.317,16.94,0.38,5.08,0
7.327,16.94,0.56,5.09,0
7.337,16.94,0.56,5.09,0
7.347,16.94,0.56,5.09,0
7.357,16.94,0.56,5.11,0
7.368,16.94,0.56,5.11,0
7.378,16.94,0.56,5.11,0
7.388,16.94,0.56,5.12,0
7.398,16.94,0.56,5.12,0
7.408,16.94,0.56,5.12,0
7.418,16.94,0.56,5.14,0
7.428,16.94,0.56,5.14,0
7.438,16.94,0.56,5.14,0
7.448,16.94,0.56,5.16,0
7.458,16.94,0.56,5.16,0
7.468,16.94,0.56,5.16,0
7.478,16.94,0.56,5.17,0
7.488,16.94,0.56,5.17,0
7.498,16.94,0.56,5.17,0
7.508,16.94,0.56,5.19,0
7.518,16.94,0.56,5.19,0
7.528,16.94,0.56,5.19,0
7.539,16.94,0.56,5.21,0
7.549,16.94,0.56,5.21,0
7.559,16.94,0.56,5.22,0
7.569,16.94,0.56,5.22,0
7.579,16.76,0.56,5.22,0
7.589,16.94,0.56,5.22,0
7.599,16.94,0.56,5.24,0
7.609,16.94,0.56,5.24,0
7.619,16.94,0.56,5.24,0
7.629,16.94,0.56,5.26,0
7.639,16.94,0.56,5.26,0
7.649,16.94,0.56,5.26,0
7.659,16.94,0.56,5.27,0
7.669,16.94,0.56,5.27,0
7.679,16.94,0.56,5.27,0
7.689,16.94,0.56,5.29,0
7.699,16.94,0.56,5.29,0
7.709,16.76,0.56,5.29,0
7.719,16.94,0.74,5.31,0
7.729,16.76,0.74,5.31,0
7.739,17.12,0.74,5.31,0
7.749,16.94,0.38,5.33,0
7.759,17.12,0.38,5.33,0
7.769,16.94,0.38,5.33,0
7.779,16.94,0.56,5.34,0
7.789,16.94,0.56,5.34,0
7.799,16.94,0.56,5.34,0
7.809,16.94,0.56,5.36,0
7.819,16.94,0.56,5.36,0
7.829,16.94,0.56,5.36,0
7.839,16.94,0.56,5.38,0
7.849,16.94,0.56,5.38,0
7.859,16.94,0.56,5.38,0
7.869,16.94,0.56,5.39,0
7.88,16.94,0.56,5.39,0
7.89,16.94,0.56,5.41,0
7.9,16.94,0.56,5.41,0
7.91,16.94,0.56,5.41,0
7.92,16.94,0.56,5.43,0
7.93,16.94,0.56,5.43,0
7.94,16.76,0.56,5.43,0
7.95,16.94,0.56,5.43,0
7.96,16.94,0.56,5.44,0
7.97,16.94,0.56,5.44,0
7.98,16.94,0.56,5.44,0
7.99,16.94,0.56,5.46,0
8,16.94,0.56,5.46,0
8.01,16.94,0.56,5.46,0
8.02,16.94,0.56,5.48,0
8.03,16.94,0.56,5.48,0
8.04,16.94,0.56,5.48,0
8.051,16.94,0.56,5.49,0
8.061,16.94,0.56,5.49,0
8.071,16.94,0.56,5.49,0
8.081,16.94,0.56,5.51,0
8.091,16.94,0.56,5.51,0
8.101,16.94,0.56,5.51,0
8.111,16.94,0.56,5.53,0
8.121,16.94,0.56,5.53,0
8.131,16.94,0.56,5.53,0
8.141,16.76,0.56,5.54,0
8.151,16.94,0.56,5.54,0
8.161,16.94,0.56,5.54,0
8.171,16.94,0.56,5.56,0
8.181,16.94,0.56,5.56,0
8.191,16.94,0.56,5.56,0
8.201,16.76,0.56,5.58,0
8.211,16.94,0.56,5.58,0
8.221,16.94,0.56,5.58,0
8.231,16.76,0.56,5.59,0
8.241,16.94,0.56,5.59,0
8.251,16.76,0.56,5.59,0
8.261,16.94,0.74,5.61,0
8.271,16.94,0.74,5.61,0
8.281,16.76,0.74,5.61,0
8.291,17.12,0.74,5.64,0
8.301,17.12,0.74,5.64,0
8.311,17.31,0.74,5.64,0
8.321,17.49,0.19,5.65,0
8.331,17.31,0.19,5.65,0
8.341,17.31,0.19,5.65,0
8.351,17.31,0.19,5.66,0
8.361,17.31,0.19,5.66,0
8.371,17.12,0.19,5.66,0
8.381,17.12,0.38,5.67,0
8.392,17.31,0.38,5.67,0
8.402,17.12,0.38,5.67,0
8.412,17.12,0.38,5.68,0
8.422,17.31,0.38,5.68,0
8.432,17.31,0.38,5.68,0
8.442,17.31,0.19,5.69,0
8.452,17.12,0.19,5.69,0
8.462,17.12,0.19,5.69,0
8.472,17.12,0.38,5.69,0
8.482,17.12,0.38,5.69,0
8.492,17.12,0.38,5.69,0
8.502,17.12,0.38,5.71,0
8.512,17.12,0.38,5.71,0
8.522,17.12,0.38,5.71,0
8.532,17.12,0.38,5.72,0
8.542,17.12,0.38,5.72,0
8.552,17.12,0.38,5.72,0
8.563,17.12,-17.12,5.47,0
8.573,17.12,-17.12,5.47,0
8.583,16.57,-17.12,5.47,0
8.593,16.39,-16.57,4.94,0
8.603,15.47,-16.57,4.94,0
8.613,14.19,-16.57,4.94,0
8.623,11.99,-14.19,4.48,0
8.633,10.53,-14.19,4.48,0
8.643,9.06,-14.19,4.48,0
8.653,7.96,-9.06,4.13,0
8.663,6.86,-9.06,4.13,0
8.673,5.76,-9.06,4.13,0
8.683,4.66,-5.76,3.91,0
8.693,3.74,-5.76,3.91,0
8.703,3.01,-5.76,3.91,0
8.713,2.28,-3.01,3.78,0
8.723,1.73,-3.01,3.78,0
8.733,1.18,-3.01,3.78,0
8.743,0.81,-1.18,3.72,0
8.753,0.44,-1.18,3.72,0
8.763,0.26,-1.18,3.72,0
8.773,0.08,-0.26,3.69,0
8.783,-0.1,-0.26,3.69,0
8.793,-0.1,-0.26,3.69,0
8.803,-0.1,0.1,3.69,0
8.813,-0.1,0.1,3.69,0
8.823,-0.1,0.1,3.69,0
8.833,-0.1,0.1,3.7,0
8.843,-0.1,0.1,3.7,0
8.853,-0.1,0.1,3.7,0
8.863,0.08,0.1,3.7,0
8.873,0.08,0.1,3.7,0
8.883,0.08,0.1,3.7,0
8.893,0.26,-0.08,3.7,0
8.904,0.26,-0.08,3.7,0
8.914,0.26,-0.08,3.7,0
8.924,0.26,-0.26,3.69,0
8.934,0.26,-0.26,3.69,0
8.944,0.26,-0.26,3.69,0
8.954,0.26,-0.26,3.69,0
8.964,0.26,-0.26,3.69,0
8.974,0.26,-0.26,3.69,0
8.984,0.26,-0.26,3.68,0
8.994,0.26,-0.26,3.68,0
9.004,0.26,-0.26,3.68,0
9.014,0.26,-0.26,3.67,0
9.024,0.26,-0.26,3.67,0
9.034,0.26,-0.26,3.67,0
9.044,0.26,-0.26,3.66,0
9.054,0.26,-0.26,3.66,0
9.064,0.26,-0.26,3.66,0
9.075,0.26,-0.26,3.65,0
9.085,0.26,-0.26,3.65,0
9.095,0.26,-0.26,3.65,0
9.105,0.26,-0.26,3.65,0
9.115,0.44,-0.26,3.65,0
9.125,0.44,-0.44,3.64,0
9.135,0.44,-0.44,3.64,0
9.145,0.44,-0.44,3.64,0
9.155,0.44,-0.44,3.62,0
9.165,0.44,-0.44,3.62,0
9.175,0.44,-0.44,3.62,0
9.185,0.26,-0.44,3.61,0
9.195,0.26,-0.44,3.61,0
9.205,0.26,-0.44,3.61,0
9.215,0.26,-0.44,3.61,0
9.225,0.26,-0.26,3.6,0
9.235,0.26,-0.26,3.6,0
9.245,0.26,-0.26,3.6,0
9.255,0.26,-0.26,3.59,0
9.265,0.26,-0.26,3.59,0
9.275,0.26,-0.26,3.59,0
9.285,0.26,-0.26,3.58,0
9.295,0.26,-0.26,3.58,0
9.305,0.44,-0.26,3.58,0
9.315,0.44,-0.44,3.57,0
9.325,0.44,-0.44,3.57,0
9.335,0.44,-0.44,3.57,0
9.345,0.44,-0.44,3.56,0
9.355,0.44,-0.44,3.56,0
9.365,0.44,-0.44,3.56,0
9.375,0.44,-0.44,3.55,0
9.385,0.26,-0.44,3.55,0
9.395,0.26,-0.44,3.55,0
9.405,0.26,-0.26,3.53,0
9.416,0.26,-0.26,3.53,0
9.426,0.26,-0.26,3.53,0
9.436,0.26,-0.26,3.53,0
9.446,0.26,-0.26,3.53,0
9.456,0.26,-0.26,3.52,0
9.466,0.26,-0.26,3.52,0
9.476,0.26,-0.26,3.52,0
9.486,0.44,-0.26,3.51,0
9.496,0.44,-0.26,3.51,0
9.506,0.44,-0.26,3.51,0
9.516,0.44,-0.44,3.5,0
9.526,0.44,-0.44,3.5,0
9.536,0.44,-0.44,3.5,0
9.546,0.44,-0.44,3.5,0
9.556,0.44,-0.44,3.49,0
9.566,0.44,-0.44,3.49,0
9.576,0.44,-0.44,3.49,0
9.587,0.44,-0.44,3.47,0
9.597,0.26,-0.44,3.47,0
9.607,0.26,-0.44,3.47,0
9.617,0.26,-0.26,3.46,0
9.627,0.26,-0.26,3.46,0
9.637,0.26,-0.26,3.46,0
9.647,0.26,-0.26,3.45,0
9.657,0.26,-0.26,3.45,0
9.667,0.44,-0.26,3.45,0
9.677,0.44,-0.44,3.44,0
9.687,0.26,-0.44,3.44,0
9.697,0.44,-0.44,3.44,0
9.707,0.44,-0.44,3.43,0
9.717,0.44,-0.44,3.43,0
9.727,0.44,-0.44,3.43,0
9.737,0.44,-0.44,3.42,0
9.747,0.44,-0.44,3.42,0
9.757,0.44,-0.44,3.42,0
9.767,0.44,-0.44,3.4,0
9.777,0.44,-0.44,3.4,0
9.787,0.26,-0.44,3.4,0
9.797,0.26,-0.26,3.39,0
9.807,0.26,-0.26,3.39,0
9.817,0.44,-0.26,3.39,0
9.827,0.26,-0.44,3.38,0
9.837,0.26,-0.44,3.38,0
9.847,0.26,-0.44,3.38,0
9.857,0.44,-0.26,3.37,0
9.867,0.44,-0.26,3.37,0
9.877,0.44,-0.26,3.37,0
9.887,0.44,-0.44,3.36,0
9.897,0.44,-0.44,3.36,0
9.907,0.44,-0.44,3.36,0
9.917,0.44,-0.44,3.35,0
9.928,0.44,-0.44,3.35,0
9.938,0.44,-0.44,3.33,0
9.948,0.44,-0.44,3.33,0
9.958,0.26,-0.44,3.33,0
9.968,0.44,-0.44,3.33,0
9.978,0.44,-0.44,3.32,0
9.988,0.44,-0.44,3.32,0
9.998,0.26,-0.44,3.32,0
10.008,0.26,-0.26,3.31,0
10.018,0.26,-0.26,3.31,0
10.028,0.26,-0.26,3.31,0
10.038,0.26,-0.26,3.3,0
10.048,0.44,-0.26,3.3,0
10.058,0.26,-0.26,3.3,0
10.068,0.44,-0.26,3.29,0
10.078,0.44,-0.26,3.29,0
10.088,0.44,-0.26,3.29,0
10.099,0.44,-0.44,3.28,0
10.109,0.44,-0.44,3.28,0
10.119,0.44,-0.44,3.27,0
10.129,0.44,-0.44,3.27,0
10.139,0.44,-0.44,3.27,0
10.149,0.44,-0.44,3.27,0
10.159,0.44,-0.44,3.26,0
10.169,0.44,-0.44,3.26,0
10.179,0.26,-0.44,3.26,0
10.189,0.44,-0.26,3.25,0
10.199,0.26,-0.26,3.25,0
10.209,0.26,-0.26,3.25,0
10.219,0.26,-0.26,3.24,0
10.229,0.26,-0.26,3.24,0
10.239,0.26,-0.26,3.24,0
10.249,0.44,-0.26,3.23,0
10.259,0.26,-0.26,3.23,0
10.269,0.44,-0.26,3.23,0
10.279,0.44,-0.44,3.22,0
10.289,0.44,-0.44,3.22,0
10.299,0.44,-0.44,3.22,0
10.309,0.44,-0.44,3.21,0
10.319,0.44,-0.44,3.21,0
10.329,0.44,-0.44,3.21,0
10.339,0.44,-0.44,3.19,0
10.349,0.44,-0.44,3.19,0
10.359,0.44,-0.44,3.19,0
10.369,0.44,-0.44,3.18,0
10.379,0.44,-0.44,3.18,0
10.389,0.44,-0.44,3.18,0
10.399,0.44,-0.44,3.17,0
10.409,0.26,-0.44,3.17,0
10.419,0.44,-0.44,3.17,0
10.429,0.44,-0.44,3.15,0
10.44,0.44,-0.44,3.15,0
10.45,0.44,-0.44,3.15,0
10.46,0.26,-0.44,3.14,0
10.47,0.44,-0.44,3.14,0
10.48,0.44,-0.44,3.14,0
10.49,0.44,-0.44,3.13,0
10.5,0.44,-0.44,3.13,0
10.51,0.44,-0.44,3.13,0
10.52,0.44,-0.44,3.11,0
10.53,0.44,-0.44,3.11,0
10.54,0.44,-0.44,3.11,0
10.55,0.44,-0.44,3.1,0
10.56,0.44,-0.44,3.1,0
10.57,0.44,-0.44,3.1,0
10.58,0.44,-0.44,3.09,0
10.59,0.44,-0.44,3.09,0
10.6,0.26,-0.44,3.09,0
10.611,0.44,-0.26,3.08,0
10.621,0.26,-0.26,3.08,0
10.631,0.44,-0.26,3.07,0
10.641,0.44,-0.26,3.07,0
10.651,0.26,-0.26,3.07,0
10.661,0.44,-0.26,3.06,0
10.671,0.44,-0.26,3.06,0
10.681,0.44,-0.26,3.06,0
10.691,0.44,-0.44,3.05,0
10.701,0.44,-0.44,3.05,0
10.711,0.44,-0.44,3.05,0
10.721,0.44,-0.44,3.05,0
10.731,0.44,-0.44,3.04,0
10.741,0.26,-0.44,3.04,0
10.751,0.44,-0.44,3.04,0
10.761,0.44,-0.44,3.02,0
10.771,0.44,-0.44,3.02,0
10.781,0.44,-0.44,3.02,0
10.791,0.44,-0.44,3.01,0
10.801,0.44,-0.44,3.01,0
10.811,0.44,-0.44,3.01,0
10.821,0.44,-0.44,3,0
10.831,0.44,-0.44,3,0
10.841,0.44,-0.44,3,0
10.851,0.44,-0.44,2.98,0
10.861,0.44,-0.44,2.98,0
10.871,0.44,-0.44,2.98,0
10.881,0.44,-0.44,2.97,0
10.891,0.44,-0.44,2.97,0
10.901,0.44,-0.44,2.97,0
10.911,0.44,-0.44,2.96,0
10.921,0.44,-0.44,2.96,0
10.931,0.44,-0.44,2.96,0
10.941,0.44,-0.44,2.94,0
10.952,0.44,-0.44,2.94,0
10.962,0.44,-0.44,2.93,0
10.972,0.26,-0.44,2.93,0
10.982,0.44,-0.44,2.93,0
10.992,0.44,-0.44,2.92,0
11.002,0.44,-0.44,2.92,0
11.012,0.44,-0.44,2.92,0
11.022,0.44,-0.44,2.9,0
11.032,0.44,-0.44,2.9,0
11.042,0.44,-0.44,2.9,0
11.052,0.44,-0.44,2.9,0
11.062,0.44,-0.44,2.89,0
11.072,0.44,-0.44,2.89,0
11.082,0.44,-0.44,2.89,0
11.092,0.44,-0.44,2.87,0
11.102,0.44,-0.44,2.87,0
11.112,0.44,-0.44,2.87,0
11.123,0.26,-0.44,2.86,0
11.133,0.26,-0.44,2.86,0
11.143,0.44,-0.26,2.85,0
11.153,0.44,-0.26,2.85,0
11.163,0.44,-0.26,2.85,0
11.173,0.44,-0.44,2.84,0
11.183,0.44,-0.44,2.84,0
11.193,0.44,-0.44,2.84,0
11.203,0.44,-0.44,2.83,0
11.213,0.44,-0.44,2.83,0
11.223,0.44,-0.44,2.83,0
11.233,0.44,-0.44,2.83,0
11.243,0.44,-0.44,2.81,0
11.253,0.44,-0.44,2.81,0
11.263,0.44,-0.44,2.81,0
11.273,0.44,-0.44,2.8,0
11.283,0.44,-0.44,2.8,0
11.293,0.44,-0.44,2.8,0
11.303,0.44,-0.44,2.79,0
11.313,0.44,-0.44,2.79,0
11.323,0.44,-0.44,2.79,0
11.333,0.44,-0.44,2.77,0
11.343,0.44,-0.44,2.77,0
11.353,0.44,-0.44,2.77,0
11.363,0.44,-0.44,2.76,0
11.373,0.26,-0.44,2.76,0
11.383,0.44,-0.44,2.76,0
11.393,0.44,-0.44,2.75,0
11.403,0.44,-0.44,2.75,0
11.413,0.44,-0.44,2.75,0
11.423,0.26,-0.44,2.73,0
11.433,0.44,-0.44,2.73,0
11.443,0.44,-0.44,2.73,0
11.453,0.44,-0.44,2.72,0
11.464,0.44,-0.44,2.72,0
11.474,0.44,-0.44,2.71,0
11.484,0.44,-0.44,2.71,0
11.494,0.44,-0.44,2.71,0
11.504,0.44,-0.44,2.71,0
11.514,0.44,-0.44,2.69,0
11.524,0.44,-0.44,2.69,0
11.534,0.44,-0.44,2.69,0
11.544,0.44,-0.44,2.68,0
11.554,0.44,-0.44,2.68,0
11.564,0.44,-0.44,2.68,0
11.574,0.44,-0.44,2.67,0
11.584,0.44,-0.44,2.67,0
11.594,0.26,-0.44,2.67,0
11.604,0.26,-0.26,2.66,0
11.614,0.44,-0.26,2.66,0
11.624,0.44,-0.26,2.66,0
11.635,0.44,-0.44,2.64,0
11.645,0.44,-0.44,2.64,0
11.655,0.44,-0.44,2.64,0
11.665,0.44,-0.44,2.63,0
11.675,0.44,-0.44,2.63,0
11.685,0.44,-0.44,2.63,0
11.695,0.44,-0.44,2.62,0
11.705,0.44,-0.44,2.62,0
11.715,0.44,-0.44,2.62,0
11.725,0.26,-0.44,2.6,0
11.735,0.44,-0.44,2.6,0
11.745,0.44,-0.44,2.6,0
11.755,0.44,-0.44,2.59,0
11.765,0.44,-0.44,2.59,0
11.775,0.44,-0.44,2.59,0
11.785,0.44,-0.44,2.58,0
11.795,0.44,-0.44,2.58,0
11.805,0.44,-0.44,2.58,0
11.815,0.44,-0.44,2.56,0
11.825,0.44,-0.44,2.56,0
11.835,0.44,-0.44,2.56,0
11.845,0.44,-0.44,2.55,0
11.855,0.44,-0.44,2.55,0
11.865,0.44,-0.44,2.55,0
11.875,0.44,-0.44,2.54,0
11.885,0.44,-0.44,2.54,0
11.895,0.44,-0.44,2.54,0
11.905,0.44,-0.44,2.52,0
11.915,0.44,-0.44,2.52,0
11.925,0.26,-0.44,2.52,0
11.935,0.44,-0.26,2.51,0
11.945,0.44,-0.26,2.51,0
11.955,0.44,-0.26,2.51,0
11.965,0.44,-0.44,2.5,0
11.976,0.26,-0.44,2.5,0
11.986,0.44,-0.44,2.5,0
11.996,0.44,-0.44,2.49,0
12.006,0.44,-0.44,2.49,0
12.016,0.44,-0.44,2.49,0
12.026,0.44,-0.44,2.48,0
12.036,0.44,-0.44,2.48,0
12.046,0.44,-0.44,2.48,0
12.056,0.44,-0.44,2.46,0
12.066,0.44,-0.44,2.46,0
12.076,0.44,-0.44,2.46,0
12.086,0.44,-0.44,2.45,0
12.096,0.44,-0.44,2.45,0
12.106,0.44,-0.44,2.45,0
12.116,0.44,-0.44,2.44,0
12.126,0.44,-0.44,2.44,0
12.136,0.44,-0.44,2.44,0
12.147,0.44,-0.44,2.42,0
12.157,0.44,-0.44,2.42,0
12.167,0.44,-0.44,2.42,0
12.177,0.44,-0.44,2.41,0
12.187,0.44,-0.44,2.41,0
12.197,0.44,-0.44,2.41,0
12.207,0.44,-0.44,2.4,0
12.217,0.44,-0.44,2.4,0
12.227,0.44,-0.44,2.4,0
12.237,0.44,-0.44,2.38,0
12.247,0.44,-0.44,2.38,0
12.257,0.44,-0.44,2.38,0
12.267,0.44,-0.44,2.37,0
12.277,0.44,-0.44,2.37,0
12.287,0.26,-0.44,2.37,0
12.297,0.44,-0.26,2.36,0
12.307,0.44,-0.26,2.36,0
12.317,0.44,-0.26,2.36,0
12.327,0.44,-0.44,2.35,0
12.337,0.44,-0.44,2.35,0
12.347,0.44,-0.44,2.35,0
12.357,0.44,-0.44,2.33,0
12.367,0.44,-0.44,2.33,0
12.377,0.44,-0.44,2.33,0
12.387,0.44,-0.44,2.32,0
12.397,0.26,-0.44,2.32,0
12.407,0.44,-0.44,2.32,0
12.417,0.44,-0.44,2.31,0
12.427,0.44,-0.44,2.31,0
12.437,0.44,-0.44,2.31,0
12.447,0.44,-0.44,2.29,0
12.457,0.44,-0.44,2.29,0
12.467,0.44,-0.44,2.29,0
12.477,0.44,-0.44,2.28,0
12.488,0.44,-0.44,2.28,0
12.498,0.26,-0.44,2.28,0
12.508,0.44,-0.26,2.27,0
12.518,0.26,-0.26,2.27,0
12.528,0.44,-0.26,2.27,0
12.538,0.44,-0.44,2.26,0
12.548,0.44,-0.44,2.26,0
12.558,0.44,-0.44,2.26,0
12.568,0.44,-0.44,2.25,0
12.578,0.44,-0.44,2.25,0
12.588,0.26,-0.44,2.25,0
12.598,0.44,-0.26,2.24,0
12.608,0.44,-0.26,2.24,0
12.618,0.44,-0.26,2.24,0
12.628,0.44,-0.44,2.22,0
12.638,0.44,-0.44,2.22,0
12.648,0.44,-0.44,2.22,0
12.659,0.44,-0.44,2.21,0
12.669,0.44,-0.44,2.21,0
12.679,0.44,-0.44,2.21,0
12.689,0.44,-0.44,2.2,0
12.699,0.44,-0.44,2.2,0
12.709,0.44,-0.44,2.2,0
12.719,0.26,-0.44,2.18,0
12.729,0.44,-0.44,2.18,0
12.739,0.44,-0.44,2.18,0
12.749,0.44,-0.44,2.17,0
12.759,0.44,-0.44,2.17,0
12.769,0.26,-0.44,2.17,0
12.779,0.44,-0.26,2.16,0
12.789,0.44,-0.26,2.16,0
12.799,0.44,-0.26,2.16,0
12.809,0.44,-0.44,2.15,0
12.819,0.44,-0.44,2.15,0
12.829,0.44,-0.44,2.15,0
12.839,0.44,-0.44,2.14,0
12.849,0.44,-0.44,2.14,0
12.859,0.26,-0.44,2.14,0
12.869,0.44,-0.26,2.13,0
12.879,0.44,-0.26,2.13,0
12.889,0.44,-0.26,2.13,0
12.899,0.44,-0.44,2.12,0
12.909,0.44,-0.44,2.12,0
12.919,0.26,-0.44,2.12,0
12.929,0.44,-0.26,2.1,0
12.939,0.26,-0.26,2.1,0
12.949,0.44,-0.26,2.1,0
12.959,0.44,-0.44,2.09,0
12.969,0.44,-0.44,2.09,0
12.979,0.44,-0.44,2.09,0
12.989,0.44,-0.44,2.08,0
13,0.44,-0.44,2.08,0
13.01,0.44,-0.44,2.08,0
13.02,0.44,-0.44,2.07,0
13.03,0.44,-0.44,2.07,0
13.04,0.44,-0.44,2.07,0
13.05,0.44,-0.44,2.05,0
13.06,0.44,-0.44,2.05,0
13.07,0.44,-0.44,2.05,0
13.08,0.26,-0.44,2.04,0
13.09,0.26,-0.44,2.04,0
13.1,0.44,-0.44,2.04,0
13.11,0.44,-0.44,2.03,0
13.12,0.44,-0.44,2.03,0
13.13,0.44,-0.44,2.03,0
13.14,0.44,-0.44,2.01,0
13.15,0.44,-0.44,2.01,0
13.16,0.44,-0.44,2.01,0
13.171,0.44,-0.44,2,0
13.181,0.44,-0.44,2,0
13.191,0.26,-0.44,2,0
13.201,0.44,-0.26,1.99,0
13.211,0.26,-0.26,1.99,0
13.221,0.26,-0.26,1.99,0
13.231,0.44,-0.26,1.98,0
13.241,0.44,-0.26,1.98,0
13.251,0.26,-0.26,1.98,0
13.261,0.26,-0.26,1.97,0
13.271,0.44,-0.26,1.97,0
13.281,0.44,-0.26,1.97,0
13.291,0.44,-0.44,1.96,0
13.301,0.44,-0.44,1.96,0
13.311,0.44,-0.44,1.96,0
13.321,0.44,-0.44,1.95,0
13.331,0.44,-0.44,1.95,0
13.341,0.44,-0.44,1.95,0
13.351,0.44,-0.44,1.94,0
13.361,0.44,-0.44,1.94,0
13.371,0.44,-0.44,1.94,0
13.381,0.44,-0.44,1.92,0
13.391,0.26,-0.44,1.92,0
13.401,0.44,-0.44,1.92,0
13.411,0.44,-0.44,1.91,0
13.421,0.44,-0.44,1.91,0
13.431,0.44,-0.44,1.91,0
13.441,0.44,-0.44,1.9,0
13.451,0.44,-0.44,1.9,0
13.461,0.44,-0.44,1.9,0
13.471,0.44,-0.44,1.88,0
13.481,0.44,-0.44,1.88,0
13.491,0.44,-0.44,1.88,0
13.501,0.44,-0.44,1.87,0
13.512,0.26,-0.44,1.87,0
13.522,0.44,-0.26,1.86,0
13.532,0.44,-0.26,1.86,0
13.542,0.44,-0.26,1.86,0
13.552,0.44,-0.44,1.85,0
13.562,0.44,-0.44,1.85,0
13.572,0.44,-0.44,1.85,0
13.582,0.44,-0.44,1.83,0
13.592,0.44,-0.44,1.83,0
13.602,0.44,-0.44,1.83,0
13.612,0.44,-0.44,1.83,0
13.622,0.44,-0.44,1.82,0
13.632,0.44,-0.44,1.82,0
13.642,0.44,-0.44,1.82,0
13.652,0.44,-0.44,1.81,0
13.662,0.44,-0.44,1.81,0
13.672,0.44,-0.44,1.81,0
13.683,0.44,-0.44,1.79,0
13.693,0.44,-0.44,1.79,0
13.703,0.44,-0.44,1.78,0
13.713,0.26,-0.44,1.78,0
13.723,0.44,-0.44,1.78,0
13.733,0.44,-0.44,1.77,0
13.743,0.44,-0.44,1.77,0
13.753,0.26,-0.44,1.77,0
13.763,0.44,-0.44,1.77,0
13.773,0.44,-0.44,1.75,0
13.783,0.44,-0.44,1.75,0
13.793,0.44,-0.44,1.75,0
13.803,0.44,-0.44,1.74,0
13.813,0.44,-0.44,1.74,0
13.823,0.26,-0.44,1.74,0
13.833,0.26,-0.26,1.73,0
13.843,0.44,-0.26,1.73,0
13.853,0.44,-0.26,1.73,0
13.863,0.44,-0.44,1.72,0
13.873,0.44,-0.44,1.72,0
13.883,0.44,-0.44,1.72,0
13.893,0.44,-0.44,1.71,0
13.903,0.44,-0.44,1.71,0
13.913,0.44,-0.44,1.71,0
13.923,0.44,-0.44,1.69,0
13.933,0.44,-0.44,1.69,0
13.943,0.44,-0.44,1.69,0
13.953,0.44,-0.44,1.68,0
13.963,0.44,-0.44,1.68,0
13.973,0.26,-0.44,1.68,0
13.983,0.44,-0.26,1.67,0
13.993,0.44,-0.26,1.67,0
14.003,0.26,-0.26,1.67,0
14.013,0.44,-0.26,1.66,0
14.024,0.26,-0.26,1.66,0
14.034,0.44,-0.26,1.66,0
14.044,0.44,-0.44,1.65,0
14.054,0.26,-0.44,1.65,0
14.064,0.44,-0.44,1.65,0
14.074,0.44,-0.44,1.64,0
14.084,0.44,-0.44,1.64,0
14.094,0.44,-0.44,1.64,0
14.104,0.44,-0.44,1.62,0
14.114,0.26,-0.44,1.62,0
14.124,0.26,-0.44,1.62,0
14.134,0.44,-0.26,1.61,0
14.144,0.44,-0.26,1.61,0
14.154,0.44,-0.26,1.61,0
14.164,0.44,-0.44,1.6,0
14.174,0.44,-0.44,1.6,0
14.184,0.44,-0.44,1.6,0
14.195,0.26,-0.44,1.59,0
14.205,0.44,-0.44,1.59,0
14.215,0.44,-0.44,1.58,0
14.225,0.44,-0.44,1.58,0
14.235,0.44,-0.44,1.58,0
14.245,0.44,-0.44,1.58,0
14.255,0.44,-0.44,1.56,0
14.265,0.44,-0.44,1.56,0
14.275,0.26,-0.44,1.56,0
14.285,0.44,-0.26,1.55,0
14.295,0.44,-0.26,1.55,0
14.305,0.44,-0.26,1.55,0
14.315,0.44,-0.44,1.54,0
14.325,0.26,-0.44,1.54,0
14.335,0.44,-0.44,1.54,0
14.345,0.44,-0.44,1.53,0
14.355,0.44,-0.44,1.53,0
14.365,0.44,-0.44,1.53,0
14.375,0.44,-0.44,1.51,0
14.385,0.26,-0.44,1.51,0
14.395,0.44,-0.44,1.51,0
14.405,0.44,-0.44,1.5,0
14.415,0.26,-0.44,1.5,0
14.425,0.44,-0.44,1.5,0
14.435,0.44,-0.44,1.49,0
14.445,0.44,-0.44,1.49,0
14.455,0.44,-0.44,1.49,0
14.465,0.44,-0.44,1.47,0
14.475,0.44,-0.44,1.47,0
14.485,0.44,-0.44,1.47,0
14.495,0.44,-0.44,1.46,0
14.505,0.26,-0.44,1.46,0
14.515,0.44,-0.44,1.46,0
14.525,0.26,-0.44,1.45,0
14.536,0.44,-0.44,1.45,0
14.546,0.44,-0.44,1.45,0
14.556,0.44,-0.44,1.43,0
14.566,0.44,-0.44,1.43,0
14.576,0.26,-0.44,1.43,0
14.586,0.44,-0.26,1.42,0
14.596,0.44,-0.26,1.42,0
14.606,0.44,-0.26,1.42,0
14.616,0.44,-0.44,1.41,0
14.626,0.44,-0.44,1.41,0
14.636,0.44,-0.44,1.41,0
14.646,0.44,-0.44,1.4,0
14.656,0.44,-0.44,1.4,0
14.666,0.44,-0.44,1.4,0
14.676,0.44,-0.44,1.39,0
14.686,0.44,-0.44,1.39,0
14.696,0.44,-0.44,1.39,0
14.707,0.44,-0.44,1.37,0
14.717,0.44,-0.44,1.37,0
14.727,0.44,-0.44,1.37,0
14.737,0.44,-0.44,1.36,0
14.747,0.26,-0.44,1.36,0
14.757,0.26,-0.44,1.36,0
14.767,0.26,-0.26,1.35,0
14.777,0.44,-0.26,1.35,0
14.787,0.44,-0.26,1.35,0
14.797,0.44,-0.44,1.34,0
14.807,0.26,-0.44,1.34,0
14.817,0.26,-0.44,1.34,0
14.827,0.44,-0.26,1.33,0
14.837,0.44,-0.26,1.33,0
14.847,0.44,-0.26,1.33,0
14.857,0.44,-0.44,1.32,0
14.867,0.44,-0.44,1.32,0
14.877,0.44,-0.44,1.32,0
14.887,0.26,-0.44,1.3,0
14.897,0.44,-0.44,1.3,0
14.907,0.44,-0.44,1.3,0
14.917,0.44,-0.44,1.29,0
14.927,0.44,-0.44,1.29,0
14.937,0.44,-0.44,1.29,0
14.947,0.44,-0.44,1.28,0
14.957,0.44,-0.44,1.28,0
14.967,0.44,-0.44,1.28,0
14.977,0.44,-0.44,1.26,0
14.987,0.44,-0.44,1.26,0
14.997,0.44,-0.44,1.26,0
15.007,0.44,-0.44,1.25,0
15.017,0.44,-0.44,1.25,0
15.027,0.44,-0.44,1.25,0
15.037,0.44,-0.44,1.24,0
15.048,0.44,-0.44,1.24,0
15.058,0.44,-0.44,1.24,0
15.068,0.44,-0.44,1.22,0
15.078,0.44,-0.44,1.22,0
15.088,0.26,-0.44,1.22,0
15.098,0.44,-0.26,1.21,0
15.108,0.44,-0.26,1.21,0
15.118,0.44,-0.26,1.21,0
15.128,0.44,-0.44,1.2,0
15.138,0.26,-0.44,1.2,0
15.148,0.44,-0.44,1.2,0
15.158,0.44,-0.44,1.19,0
15.168,0.44,-0.44,1.19,0
15.178,0.26,-0.44,1.19,0
15.188,0.26,-0.26,1.18,0
15.198,0.44,-0.26,1.18,0
15.208,0.44,-0.26,1.18,0
15.219,0.44,-0.44,1.17,0
15.229,0.44,-0.44,1.17,0
15.239,0.44,-0.44,1.17,0
15.249,0.44,-0.44,1.15,0
15.259,0.44,-0.44,1.15,0
15.269,0.26,-0.44,1.15,0
15.279,0.44,-0.26,1.14,0
15.289,0.44,-0.26,1.14,0
15.299,0.44,-0.26,1.14,0
15.309,0.44,-0.44,1.13,0
15.319,0.26,-0.44,1.13,0
15.329,0.44,-0.44,1.13,0
15.339,0.26,-0.44,1.12,0
15.349,0.26,-0.44,1.12,0
15.359,0.44,-0.44,1.12,0
15.369,0.44,-0.44,1.1,0
15.379,0.26,-0.44,1.1,0
15.389,0.26,-0.44,1.1,0
15.399,0.26,-0.26,1.09,0
15.409,0.26,-0.26,1.09,0
15.419,0.26,-0.26,1.09,0
15.429,0.26,-0.26,1.09,0
15.439,0.26,-0.26,1.09,0
15.449,0.26,-0.26,1.09,0
15.459,0.26,-0.26,1.08,0
15.469,0.26,-0.26,1.08,0
15.479,0.26,-0.26,1.08,0
15.489,0.26,-0.26,1.07,0
15.499,0.26,-0.26,1.07,0
15.509,0.26,-0.26,1.07,0
15.519,0.26,-0.26,1.06,0
15.529,0.26,-0.26,1.06,0
15.539,0.26,-0.26,1.06,0
15.549,0.26,-0.26,1.05,0
15.56,0.26,-0.26,1.05,0
15.57,0.26,-0.26,1.05,0
15.58,0.26,-0.26,1.05,0
15.59,0.26,-0.26,1.05,0
15.6,0.26,-0.26,1.05,0
15.61,0.26,-0.26,1.04,0
15.62,0.26,-0.26,1.04,0
15.63,0.26,-0.26,1.04,0
15.64,0.26,-0.26,1.03,0
15.65,0.26,-0.26,1.03,0
15.66,0.26,-0.26,1.03,0
15.67,0.26,-0.26,1.02,0
15.68,0.26,-0.26,1.02,0
15.69,0.26,-0.26,1.02,0
15.7,0.26,-0.26,1.02,0
15.71,0.26,-0.26,1.02,0
15.72,0.26,-0.26,1.02,0
15.731,0.26,-0.26,1.01,0
15.741,0.26,-0.26,1.01,0
15.751,0.26,-0.26,1.01,0
15.761,0.26,-0.26,1,0
15.771,0.26,-0.26,1,0
15.781,0.26,-0.26,1,0
15.791,0.26,-0.26,0.99,0
15.801,0.26,-0.26,0.99,0
15.811,0.26,-0.26,0.99,0
15.821,0.26,-0.26,0.98,0
15.831,0.26,-0.26,0.98,0
15.841,0.26,-0.26,0.98,0
15.851,0.26,-0.26,0.98,0
15.861,0.26,-0.26,0.98,0
15.871,0.26,-0.26,0.98,0
15.881,0.26,-0.26,0.97,0
15.891,0.26,-0.26,0.97,0
15.901,0.26,-0.26,0.97,0
15.911,0.26,-0.26,0.96,0
15.921,0.26,-0.26,0.96,0
15.931,0.26,-0.26,0.96,0
15.941,0.26,-0.26,0.95,0
15.951,0.26,-0.26,0.95,0
15.961,0.26,-0.26,0.95,0
15.971,0.26,-0.26,0.94,0
15.981,0.26,-0.26,0.94,0
15.991,0.26,-0.26,0.94,0
16.001,0.26,-0.26,0.94,0
16.004,0.26,0,0,1
16.025,0.26,0,0,0
16.035,0.26,0,0,0
16.045,0.26,0,0,0
16.055,0.26,-0.26,-0,0
16.065,0.26,-0.26,-0,0
16.075,0.44,-0.26,-0,0
16.085,0.26,-0.44,-0.01,0
16.095,0.26,-0.44,-0.01,0
16.105,0.26,-0.44,-0.01,0
16.115,0.26,-0.26,-0.03,0
16.125,0.26,-0.26,-0.03,0
16.135,0.26,-0.26,-0.03,0
16.145,0.26,-0.26,-0.03,0
16.155,0.26,-0.26,-0.03,0
16.165,0.26,-0.26,-0.03,0
16.175,0.26,-0.26,-0.04,0
16.185,0.26,-0.26,-0.04,0
16.195,0.44,-0.26,-0.04,0
16.205,0.26,-0.44,-0.05,0
16.215,0.26,-0.44,-0.05,0
16.225,0.26,-0.44,-0.05,0
16.235,0.26,-0.26,-0.06,0
16.245,0.26,-0.26,-0.06,0
16.255,0.26,-0.26,-0.06,0
16.265,0.26,-0.26,-0.07,0
16.275,0.26,-0.26,-0.07,0
16.285,0.26,-0.26,-0.07,0
16.295,0.26,-0.26,-0.08,0
16.305,0.26,-0.26,-0.08,0
16.315,0.26,-0.26,-0.08,0
16.325,0.26,-0.26,-0.09,0
16.335,0.26,-0.26,-0.09,0
16.345,0.26,-0.26,-0.09,0
16.355,0.44,-0.26,-0.09,0
16.365,0.26,-0.26,-0.09,0
16.375,0.26,-0.26,-0.09,0
16.385,0.26,-0.26,-0.1,0
16.395,0.26,-0.26,-0.1,0
16.405,0.26,-0.26,-0.1,0
16.415,0.26,-0.26,-0.11,0
16.425,0.44,-0.26,-0.11,0
16.435,0.26,-0.26,-0.11,0
16.445,0.26,-0.26,-0.12,0
16.456,0.26,-0.26,-0.12,0
16.466,0.44,-0.26,-0.12,0
16.476,0.26,-0.44,-0.13,0
16.486,0.26,-0.44,-0.13,0
16.496,0.26,-0.44,-0.13,0
16.506,0.26,-0.26,-0.14,0
16.516,0.26,-0.26,-0.14,0
16.526,0.26,-0.26,-0.14,0
16.536,0.26,-0.26,-0.15,0
16.546,0.26,-0.26,-0.15,0
16.556,0.26,-0.26,-0.15,0
16.566,0.26,-0.26,-0.15,0
16.576,0.26,-0.26,-0.15,0
16.586,0.26,-0.26,-0.15,0
16.596,0.26,-0.26,-0.16,0
16.606,0.26,-0.26,-0.16,0
16.616,0.26,-0.26,-0.16,0
16.627,0.26,-0.26,-0.17,0
16.637,0.26,-0.26,-0.17,0
16.647,0.26,-0.26,-0.17,0
16.657,0.26,-0.26,-0.18,0
16.667,0.26,-0.26,-0.18,0
16.677,0.44,-0.26,-0.18,0
16.687,0.26,-0.44,-0.19,0
16.697,0.26,-0.44,-0.19,0
16.707,0.26,-0.44,-0.19,0
16.717,0.26,-0.26,-0.2,0
16.727,0.26,-0.26,-0.2,0
16.737,0.26,-0.26,-0.2,0
16.747,0.26,-0.26,-0.21,0
16.757,0.26,-0.26,-0.21,0
16.767,0.26,-0.26,-0.21,0
16.777,0.26,-0.26,-0.21,0
16.787,0.26,-0.26,-0.21,0
16.797,0.26,-0.26,-0.21,0
16.807,0.26,-0.26,-0.22,0
16.817,0.26,-0.26,-0.22,0
16.827,0.26,-0.26,-0.22,0
16.837,0.26,-0.26,-0.23,0
16.847,0.26,-0.26,-0.23,0
16.857,0.26,-0.26,-0.23,0
16.867,0.26,-0.26,-0.24,0
16.877,0.26,-0.26,-0.24,0
16.887,0.26,-0.26,-0.24,0
16.897,0.26,-0.26,-0.25,0
16.907,0.26,-0.26,-0.25,0
16.917,0.26,-0.26,-0.25,0
16.927,0.26,-0.26,-0.25,0
16.937,0.26,-0.26,-0.25,0
16.947,0.26,-0.26,-0.25,0
16.957,0.26,-0.26,-0.26,0
16.968,0.26,-0.26,-0.26,0
16.978,0.26,-0.26,-0.26,0
16.988,0.26,-0.26,-0.27,0
16.998,0.26,-0.26,-0.27,0
17.008,0.26,-0.26,-0.27,0
17.018,0.26,-0.26,-0.28,0
17.028,0.26,-0.26,-0.28,0
17.038,0.44,-0.26,-0.28,0
17.048,0.26,-0.44,-0.29,0
17.058,0.26,-0.44,-0.29,0
17.068,0.26,-0.44,-0.29,0
17.078,0.26,10.24,-0.14,0
17.088,0.26,10.24,-0.14,0
17.098,0.26,10.24,-0.14,0
17.108,2.64,17.24,0.27,0
17.118,5.21,17.24,0.27,0
17.128,7.23,17.24,0.27,0
17.139,8.88,10.27,0.68,0
17.149,10.34,10.27,0.68,0
17.159,11.63,10.27,0.68,0
17.169,12.72,5.87,0.93,0
17.179,13.64,5.87,0.93,0
17.189,14.37,5.87,0.93,0
17.199,15.11,3.13,1.06,0
17.209,15.84,3.13,1.06,0
17.219,16.39,3.13,1.06,0
17.229,16.94,1.11,1.13,0
17.239,17.49,1.11,1.13,0
17.249,17.86,1.11,1.13,0
17.259,18.41,-0.36,1.14,0
17.269,18.59,-0.36,1.14,0
17.279,18.41,-0.36,1.14,0
17.289,18.22,-0.91,1.12,0
17.299,18.22,-0.91,1.12,0
17.309,17.86,-0.91,1.12,0
17.319,17.31,-0.36,1.1,0
17.329,17.12,-0.36,1.1,0
17.339,16.94,-0.36,1.1,0
17.349,16.94,0.56,1.1,0
17.359,16.76,0.56,1.1,0
17.369,16.76,0.56,1.1,0
17.379,16.76,0.74,1.12,0
17.389,16.76,0.74,1.12,0
17.399,16.94,0.74,1.12,0
17.409,16.94,0.56,1.14,0
17.419,16.94,0.56,1.14,0
17.429,16.94,0.56,1.14,0
17.439,17.12,0.56,1.16,0
17.449,16.94,0.56,1.16,0
17.459,16.94,0.56,1.16,0
17.469,16.94,0.56,1.18,0
17.48,16.76,0.56,1.18,0
17.49,16.94,0.56,1.18,0
17.5,16.76,0.56,1.19,0
17.51,16.76,0.56,1.19,0
17.52,16.76,0.56,1.19,0
17.53,16.76,0.74,1.21,0
17.54,16.76,0.74,1.21,0
17.55,16.94,0.74,1.21,0
17.56,16.94,0.56,1.23,0
17.57,16.94,0.56,1.23,0
17.58,17.12,0.56,1.23,0
17.59,17.12,0.38,1.25,0
17.6,17.12,0.38,1.25,0
17.61,17.12,0.38,1.25,0
17.62,17.12,0.38,1.26,0
17.63,16.94,0.38,1.26,0
17.64,16.94,0.38,1.26,0
17.651,16.94,0.56,1.27,0
17.661,16.76,0.56,1.27,0
17.671,16.76,0.56,1.27,0
17.681,16.94,0.74,1.29,0
17.691,16.94,0.74,1.29,0
17.701,17.12,0.74,1.29,0
17.711,16.94,0.38,1.31,0
17.721,17.12,0.38,1.31,0
17.731,17.12,0.38,1.31,0
17.741,17.12,0.38,1.32,0
17.751,17.12,0.38,1.32,0
17.761,17.12,0.38,1.32,0
17.771,17.12,0.38,1.33,0
17.781,16.94,0.38,1.33,0
17.791,16.94,0.38,1.33,0
17.801,16.94,0.56,1.34,0
17.811,16.94,0.56,1.34,0
17.821,16.94,0.56,1.34,0
17.831,16.94,0.56,1.36,0
17.841,16.94,0.56,1.36,0
17.851,16.94,0.56,1.36,0
17.861,16.94,0.56,1.38,0
17.871,16.94,0.56,1.38,0
17.881,16.94,0.56,1.38,0
17.891,16.94,0.56,1.39,0
17.901,16.94,0.56,1.39,0
17.911,16.94,0.56,1.39,0
17.921,16.94,0.56,1.41,0
17.931,16.94,0.56,1.41,0
17.941,16.94,0.56,1.41,0
17.951,16.94,0.56,1.43,0
17.961,16.94,0.56,1.43,0
17.971,16.94,0.56,1.43,0
17.981,16.94,0.56,1.44,0
17.992,16.94,0.56,1.44,0
18.002,16.76,0.56,1.44,0
18.012,16.76,0.74,1.46,0
18.022,16.94,0.74,1.46,0
18.032,17.12,0.74,1.46,0
18.042,16.94,0.38,1.48,0
18.052,17.12,0.38,1.48,0
18.062,17.12,0.38,1.48,0
18.072,16.94,0.38,1.49,0
18.082,16.94,0.38,1.49,0
18.092,16.94,0.38,1.49,0
18.102,16.94,0.56,1.51,0
18.112,16.94,0.56,1.51,0
18.122,16.94,0.56,1.51,0
18.132,16.94,0.56,1.52,0
18.142,16.94,0.56,1.52,0
18.152,16.94,0.56,1.52,0
18.163,16.94,0.56,1.54,0
18.173,16.94,0.56,1.54,0
18.183,16.94,0.56,1.54,0
18.193,16.94,0.56,1.56,0
18.203,16.94,0.56,1.56,0
18.213,16.94,0.56,1.56,0
18.223,16.94,0.56,1.57,0
18.233,16.94,0.56,1.57,0
18.243,16.94,0.56,1.57,0
18.253,16.94,0.56,1.59,0
18.263,16.94,0.56,1.59,0
18.273,16.94,0.56,1.59,0
18.283,16.94,0.56,1.61,0
18.293,16.94,0.56,1.61,0
18.303,16.94,0.56,1.61,0
18.313,16.94,0.56,1.62,0
18.323,16.94,0.56,1.62,0
18.333,16.94,0.56,1.62,0
18.343,16.94,0.56,1.64,0
18.353,16.76,0.56,1.64,0
18.363,16.94,0.56,1.64,0
18.373,16.94,0.56,1.66,0
18.383,16.94,0.56,1.66,0
18.393,16.76,0.56,1.66,0
18.403,16.94,0.74,1.68,0
18.413,16.94,0.74,1.68,0
18.423,17.12,0.74,1.68,0
18.433,16.94,0.38,1.69,0
18.443,17.12,0.38,1.69,0
18.453,16.94,0.38,1.69,0
18.463,17.12,0.56,1.71,0
18.473,17.12,0.56,1.71,0
18.483,17.12,0.56,1.71,0
18.493,17.12,0.38,1.72,0
18.504,16.94,0.38,1.72,0
18.514,16.94,0.38,1.72,0
18.524,16.94,0.56,1.74,0
18.534,16.94,0.56,1.74,0
18.544,16.94,0.56,1.74,0
18.554,16.94,0.56,1.75,0
18.564,16.94,0.56,1.75,0
18.574,16.94,0.56,1.75,0
18.584,16.94,0.56,1.77,0
18.594,16.94,0.56,1.77,0
18.604,16.94,0.56,1.77,0
18.614,16.94,0.56,1.79,0
18.624,16.94,0.56,1.79,0
18.634,16.94,0.56,1.79,0
18.644,16.94,0.56,1.8,0
18.654,16.94,0.56,1.8,0
18.664,16.94,0.56,1.8,0
18.675,16.94,0.56,1.82,0
18.685,16.94,0.56,1.82,0
18.695,16.94,0.56,1.84,0
18.705,16.94,0.56,1.84,0
18.715,16.94,0.56,1.84,0
18.725,16.94,0.56,1.85,0
18.735,16.94,0.56,1.85,0
18.745,16.94,0.56,1.85,0
18.755,16.94,0.56,1.85,0
18.765,16.94,0.56,1.87,0
18.775,16.94,0.56,1.87,0
18.785,16.94,0.56,1.87,0
18.795,16.94,0.56,1.89,0
18.805,16.94,0.56,1.89,0
18.815,16.94,0.56,1.89,0
18.825,16.94,0.56,1.91,0
18.835,16.94,0.56,1.91,0
18.845,16.94,0.56,1.91,0
18.855,16.94,0.56,1.92,0
18.865,16.76,0.56,1.92,0
18.875,16.94,0.56,1.92,0
18.885,16.94,0.56,1.94,0
18.895,16.94,0.56,1.94,0
18.905,16.94,0.56,1.94,0
18.915,16.94,0.56,1.96,0
18.925,16.94,0.56,1.96,0
18.935,16.94,0.56,1.96,0
18.945,16.94,0.56,1.97,0
18.955,16.76,0.56,1.97,0
18.965,16.94,0.56,1.97,0
18.975,16.94,0.56,1.99,0
18.985,16.94,0.56,1.99,0
18.995,16.94,0.56,1.99,0
19.005,16.94,0.56,2.01,0
19.016,16.94,0.56,2.01,0
19.026,16.76,0.56,2.02,0
19.036,16.94,0.56,2.02,0
19.046,16.94,0.56,2.02,0
19.056,16.76,0.56,2.02,0
19.066,16.94,0.74,2.04,0
19.076,16.94,0.74,2.04,0
19.086,16.94,0.74,2.04,0
19.096,16.94,0.56,2.06,0
19.106,16.94,0.56,2.06,0
19.116,17.12,0.56,2.06,0
19.126,17.12,0.38,2.08,0
19.136,16.94,0.38,2.08,0
19.146,16.94,0.38,2.08,0
19.156,16.94,0.56,2.09,0
19.166,16.94,0.56,2.09,0
19.176,16.94,0.56,2.09,0
19.187,16.94,0.56,2.11,0
19.197,16.94,0.56,2.11,0
19.207,16.94,0.56,2.11,0
19.217,16.94,0.56,2.12,0
19.227,16.94,0.56,2.12,0
19.237,16.94,0.56,2.12,0
19.247,16.94,0.56,2.14,0
19.257,16.94,0.56,2.14,0
19.267,16.94,0.56,2.14,0
19.277,16.94,0.56,2.16,0
19.287,16.94,0.56,2.16,0
19.297,16.94,0.56,2.16,0
19.307,16.94,0.56,2.17,0
19.317,16.94,0.56,2.17,0
19.327,16.94,0.56,2.17,0
19.337,16.94,0.56,2.19,0
19.347,16.94,0.56,2.19,0
19.357,16.94,0.56,2.19,0
19.367,16.94,0.56,2.21,0
19.377,16.94,0.56,2.21,0
19.387,16.94,0.56,2.21,0
19.397,16.94,0.56,2.23,0
19.407,16.94,0.56,2.23,0
19.417,16.94,0.56,2.23,0
19.427,16.94,0.56,2.24,0
19.437,16.94,0.56,2.24,0
19.447,16.94,0.56,2.24,0
19.457,16.76,0.56,2.26,0
19.467,16.94,0.56,2.26,0
19.477,16.94,0.56,2.26,0
19.487,16.94,0.56,2.28,0
19.497,16.94,0.56,2.28,0
19.507,16.94,0.56,2.28,0
19.517,16.94,0.56,2.29,0
19.528,16.94,0.56,2.29,0
19.538,16.94,0.56,2.31,0
19.548,16.94,0.56,2.31,0
19.558,16.94,0.56,2.31,0
19.568,16.94,0.56,2.33,0
19.578,16.94,0.56,2.33,0
19.588,16.94,0.56,2.33,0
19.598,16.94,0.56,2.34,0
19.608,16.94,0.56,2.34,0
19.618,16.94,0.56,2.34,0
19.628,16.94,0.56,2.34,0
19.638,16.94,0.56,2.36,0
19.648,16.94,0.56,2.36,0
19.658,16.94,0.56,2.36,0
19.668,16.94,0.56,2.38,0
19.678,16.94,0.56,2.38,0
19.688,16.94,0.56,2.38,0
19.699,16.94,0.56,2.39,0
19.709,16.76,0.56,2.39,0
19.719,16.76,0.56,2.39,0
19.729,16.76,0.74,2.41,0
19.739,16.94,0.74,2.41,0
19.749,16.94,0.74,2.41,0
19.759,17.12,0.56,2.43,0
19.769,17.12,0.56,2.43,0
19.779,17.12,0.56,2.43,0
19.789,17.12,0.38,2.45,0
19.799,16.94,0.38,2.45,0
19.809,16.94,0.38,2.45,0
19.819,16.94,0.56,2.46,0
19.829,17.12,0.56,2.46,0
19.839,17.12,0.56,2.46,0
19.849,17.12,0.38,2.48,0
19.859,16.94,0.38,2.48,0
19.869,16.94,0.38,2.48,0
19.879,16.94,0.56,2.49,0
19.889,16.94,0.56,2.49,0
19.899,16.94,0.56,2.49,0
19.909,16.94,0.56,2.51,0
19.919,16.94,0.56,2.51,0
19.929,16.94,0.56,2.51,0
19.939,16.94,0.56,2.52,0
19.949,16.94,0.56,2.52,0
19.959,16.94,0.56,2.52,0
19.969,16.94,0.56,2.54,0
19.979,16.94,0.56,2.54,0
19.989,16.94,0.56,2.54,0
19.999,16.94,0.56,2.56,0
20.009,16.94,0.56,2.56,0
20.019,16.94,0.56,2.56,0
20.029,16.94,0.56,2.57,0
20.04,16.94,0.56,2.57,0
20.05,16.94,0.56,2.59,0
20.06,16.94,0.56,2.59,0
20.07,16.94,0.56,2.59,0
20.08,16.94,0.56,2.61,0
20.09,16.94,0.56,2.61,0
20.1,16.94,0.56,2.61,0
20.11,16.94,0.56,2.62,0
20.12,16.94,0.56,2.62,0
20.13,16.94,0.56,2.62,0
20.14,16.94,0.56,2.64,0
20.15,16.94,0.56,2.64,0
20.16,16.94,0.56,2.64,0
20.17,16.94,0.56,2.64,0
20.18,16.94,0.56,2.66,0
20.19,16.94,0.56,2.66,0
20.2,16.94,0.56,2.66,0
20.211,16.94,0.56,2.67,0
20.221,16.94,0.56,2.67,0
20.231,16.94,0.56,2.69,0
20.241,16.94,0.56,2.69,0
20.251,16.94,0.56,2.69,0
20.261,16.94,0.56,2.69,0
20.271,16.94,0.56,2.71,0
20.281,16.94,0.56,2.71,0
20.291,16.94,0.56,2.71,0
20.301,16.94,0.56,2.73,0
20.311,16.94,0.56,2.73,0
20.321,16.76,0.56,2.73,0
20.331,16.94,0.74,2.75,0
20.341,16.94,0.74,2.75,0
20.351,16.94,0.74,2.75,0
20.361,16.94,0.56,2.76,0
20.371,17.12,0.56,2.76,0
20.381,17.12,0.56,2.76,0
20.391,16.94,0.38,2.78,0
20.401,17.12,0.38,2.78,0
20.411,16.94,0.38,2.78,0
20.421,17.12,0.56,2.79,0
20.431,16.94,0.56,2.79,0
20.441,16.94,0.56,2.79,0
20.451,17.12,0.56,2.81,0
20.461,16.94,0.56,2.81,0
20.471,16.94,0.56,2.81,0
20.481,16.94,0.56,2.83,0
20.491,16.94,0.56,2.83,0
20.501,16.94,0.56,2.83,0
20.511,16.94,0.56,2.84,0
20.521,16.94,0.56,2.84,0
20.531,16.94,0.56,2.84,0
20.541,16.94,0.56,2.86,0
20.552,16.94,0.56,2.86,0
20.562,16.94,0.56,2.86,0
20.572,16.94,0.56,2.88,0
20.582,16.94,0.56,2.88,0
20.592,16.94,0.56,2.88,0
20.602,16.94,0.56,2.89,0
20.612,16.94,0.56,2.89,0
20.622,16.94,0.56,2.89,0
20.632,16.94,0.56,2.91,0
20.642,16.94,0.56,2.91,0
20.652,16.94,0.56,2.91,0
20.662,16.94,0.56,2.93,0
20.672,16.94,0.56,2.93,0
20.682,16.94,0.56,2.93,0
20.692,16.94,0.56,2.94,0
20.702,16.94,0.56,2.94,0
20.712,16.94,0.56,2.94,0
20.723,16.94,0.56,2.96,0
20.733,16.94,0.56,2.96,0
20.743,16.94,0.56,2.96,0
20.753,16.94,0.56,2.98,0
20.763,16.94,0.56,2.98,0
20.773,16.94,0.56,2.98,0
20.783,16.94,0.56,3,0
20.793,16.94,0.56,3,0
20.803,16.94,0.56,3,0
20.813,16.94,0.56,3.01,0
20.823,16.94,0.56,3.01,0
20.833,16.94,0.56,3.01,0
20.843,16.94,0.56,3.03,0
20.853,16.94,0.56,3.03,0
20.863,16.94,0.56,3.03,0
20.873,16.94,0.56,3.05,0
20.883,16.94,0.56,3.05,0
20.893,16.94,0.56,3.05,0
20.903,16.94,0.56,3.06,0
20.913,16.94,0.56,3.06,0
20.923,16.94,0.56,3.06,0
20.933,16.94,0.56,3.08,0
20.943,16.94,0.56,3.08,0
20.953,16.94,0.56,3.08,0
20.963,16.94,0.56,3.1,0
20.973,16.94,0.56,3.1,0
20.983,16.94,0.56,3.1,0
20.993,16.94,0.56,3.11,0
21.003,16.76,0.56,3.11,0
21.013,16.94,0.56,3.11,0
21.023,16.76,0.56,3.13,0
21.033,16.94,0.56,3.13,0
21.043,16.94,0.56,3.13,0
21.053,16.76,0.56,3.15,0
21.064,16.76,0.56,3.15,0
21.074,16.94,0.74,3.17,0
21.084,16.76,0.74,3.17,0
21.094,16.94,0.74,3.17,0
21.104,16.94,0.56,3.19,0
21.114,16.94,0.56,3.19,0
21.124,17.12,0.56,3.19,0
21.134,16.94,0.56,3.19,0
21.144,16.94,0.56,3.2,0
21.154,16.94,0.56,3.2,0
21.164,16.94,0.56,3.2,0
21.174,16.94,0.56,3.22,0
21.184,16.94,0.56,3.22,0
21.194,16.94,0.56,3.22,0
21.204,16.94,0.56,3.24,0
21.214,16.94,0.56,3.24,0
21.224,16.94,0.56,3.24,0
21.235,16.94,0.56,3.25,0
21.245,16.94,0.56,3.25,0
21.255,16.94,0.56,3.25,0
21.265,16.94,0.56,3.27,0
21.275,16.94,0.56,3.27,0
21.285,16.94,0.56,3.27,0
21.295,16.94,0.56,3.29,0
21.305,16.94,0.56,3.29,0
21.315,16.94,0.56,3.29,0
21.325,16.94,0.56,3.3,0
21.335,16.94,0.56,3.3,0
21.345,16.94,0.56,3.3,0
21.355,16.94,0.56,3.32,0
21.365,16.94,0.56,3.32,0
21.375,16.94,0.56,3.32,0
21.385,16.94,0.56,3.34,0
21.395,16.94,0.56,3.34,0
21.405,16.94,0.56,3.34,0
21.415,16.94,0.56,3.35,0
21.425,16.94,0.56,3.35,0
21.435,16.94,0.56,3.35,0
21.445,16.94,0.56,3.37,0
21.455,16.94,0.56,3.37,0
21.465,16.94,0.56,3.37,0
21.475,16.94,0.56,3.39,0
21.485,16.94,0.56,3.39,0
21.495,16.94,0.56,3.39,0
21.505,16.94,0.56,3.4,0
21.515,16.94,0.56,3.4,0
21.525,16.94,0.56,3.4,0
21.535,16.94,0.56,3.42,0
21.545,16.94,0.56,3.42,0
21.555,16.94,0.56,3.42,0
21.565,16.94,0.56,3.44,0
21.576,16.94,0.56,3.44,0
21.586,16.94,0.56,3.46,0
21.596,16.94,0.56,3.46,0
21.606,16.94,0.56,3.46,0
21.616,16.94,0.56,3.47,0
21.626,16.94,0.56,3.47,0
21.636,16.94,0.56,3.47,0
21.646,16.94,0.56,3.49,0
21.656,16.94,0.56,3.49,0
21.666,16.94,0.56,3.49,0
21.676,16.94,0.56,3.51,0
21.686,16.94,0.56,3.51,0
21.696,16.94,0.56,3.51,0
21.706,16.94,0.56,3.52,0
21.716,16.94,0.56,3.52,0
21.726,16.94,0.56,3.52,0
21.736,16.94,0.56,3.54,0
21.747,16.94,0.56,3.54,0
21.757,16.76,0.56,3.54,0
21.767,16.94,0.74,3.56,0
21.777,16.94,0.74,3.56,0
21.787,16.94,0.74,3.56,0
21.797,17.12,0.56,3.58,0
21.807,17.12,0.56,3.58,0
21.817,17.12,0.56,3.58,0
21.827,17.12,0.38,3.59,0
21.837,17.12,0.38,3.59,0
21.847,17.12,0.38,3.59,0
21.857,17.12,0.38,3.6,0
21.867,16.94,0.38,3.6,0
21.877,17.12,0.38,3.6,0
21.887,17.12,0.38,3.61,0
21.897,16.94,0.38,3.61,0
21.907,17.12,0.38,3.61,0
21.917,16.94,0.38,3.61,0
21.927,17.12,0.56,3.63,0
21.937,16.94,0.56,3.63,0
21.947,16.94,0.56,3.63,0
21.957,16.94,0.56,3.65,0
21.967,16.94,0.56,3.65,0
21.977,16.94,0.56,3.65,0
21.987,16.94,0.56,3.66,0
21.997,16.94,0.56,3.66,0
22.007,16.94,0.56,3.66,0
22.017,16.94,0.56,3.68,0
22.027,16.94,0.56,3.68,0
22.037,16.94,0.56,3.68,0
22.047,16.94,0.56,3.7,0
22.057,16.94,0.56,3.7,0
22.067,16.94,0.56,3.7,0
22.077,16.94,0.56,3.71,0
22.088,16.94,0.56,3.71,0
22.098,16.94,0.56,3.73,0
22.108,16.94,0.56,3.73,0
22.118,16.94,0.56,3.73,0
22.128,16.94,0.56,3.73,0
22.138,16.94,0.56,3.75,0
22.148,16.94,0.56,3.75,0
22.158,16.94,0.56,3.75,0
22.168,16.94,0.56,3.76,0
22.178,16.94,0.56,3.76,0
22.188,16.94,0.56,3.76,0
22.198,16.94,0.56,3.78,0
22.208,16.94,0.56,3.78,0
22.218,16.94,0.56,3.78,0
22.228,16.94,0.56,3.8,0
22.238,16.94,0.56,3.8,0
22.248,16.94,0.56,3.8,0
22.259,16.94,0.56,3.81,0
22.269,16.94,0.56,3.81,0
22.279,16.94,0.56,3.81,0
22.289,16.94,0.56,3.83,0
22.299,16.94,0.56,3.83,0
22.309,16.94,0.56,3.83,0
22.319,16.94,0.56,3.85,0
22.329,16.94,0.56,3.85,0
22.339,16.94,0.56,3.85,0
22.349,16.94,0.56,3.87,0
22.359,16.94,0.56,3.87,0
22.369,16.94,0.56,3.87,0
22.379,17.12,0.56,3.88,0
22.389,16.94,0.56,3.88,0
22.399,16.94,0.56,3.88,0
22.409,16.94,0.56,3.9,0
22.419,16.94,0.56,3.9,0
22.429,16.94,0.56,3.9,0
22.439,16.94,0.56,3.92,0
22.449,16.94,0.56,3.92,0
22.459,16.94,0.56,3.92,0
22.469,16.94,0.56,3.93,0
22.479,16.94,0.56,3.93,0
22.489,16.94,0.56,3.93,0
22.499,16.94,0.56,3.95,0
22.509,16.76,0.56,3.95,0
22.519,16.94,0.56,3.95,0
22.529,16.76,0.56,3.97,0
22.539,16.76,0.56,3.97,0
22.549,16.76,0.56,3.97,0
22.559,16.94,0.74,3.99,0
22.569,16.94,0.74,3.99,0
22.579,16.94,0.74,3.99,0
22.589,16.94,0.56,4.01,0
22.6,16.94,0.56,4.01,0
22.61,16.94,0.56,4.01,0
22.62,16.94,0.56,4.02,0
22.63,16.94,0.56,4.02,0
22.64,16.94,0.56,4.02,0
22.65,16.94,0.56,4.04,0
22.66,16.94,0.56,4.04,0
22.67,16.94,0.56,4.04,0
22.68,16.94,0.56,4.06,0
22.69,16.94,0.56,4.06,0
22.7,16.94,0.56,4.06,0
22.71,16.94,0.56,4.07,0
22.72,16.94,0.56,4.07,0
22.73,16.94,0.56,4.07,0
22.74,16.94,0.56,4.09,0
22.75,16.94,0.56,4.09,0
22.76,16.94,0.56,4.09,0
22.771,16.94,0.56,4.11,0
22.781,16.94,0.56,4.11,0
22.791,16.94,0.56,4.11,0
22.801,16.94,0.56,4.12,0
22.811,16.94,0.56,4.12,0
22.821,16.94,0.56,4.12,0
22.831,16.94,0.56,4.14,0
22.841,16.94,0.56,4.14,0
22.851,16.94,0.56,4.14,0
22.861,16.94,0.56,4.16,0
22.871,16.76,0.56,4.16,0
22.881,16.94,0.56,4.16,0
22.891,16.94,0.56,4.17,0
22.901,16.94,0.56,4.17,0
22.911,16.94,0.56,4.17,0
22.921,16.94,0.56,4.19,0
22.931,16.94,0.56,4.19,0
22.941,16.94,0.56,4.19,0
22.951,16.94,0.56,4.21,0
22.961,16.94,0.56,4.21,0
22.971,16.94,0.56,4.21,0
22.981,16.94,0.56,4.22,0
22.991,16.94,0.56,4.22,0
23.001,16.94,0.56,4.22,0
23.011,16.94,0.56,4.24,0
23.021,16.94,0.56,4.24,0
23.031,16.94,0.56,4.24,0
23.041,16.94,0.56,4.26,0
23.051,16.94,0.56,4.26,0
23.061,16.94,0.56,4.26,0
23.071,16.94,0.56,4.28,0
23.081,16.94,0.56,4.28,0
23.091,16.94,0.56,4.28,0
23.101,16.94,0.56,4.29,0
23.112,16.94,0.56,4.29,0
23.122,16.94,0.56,4.29,0
23.132,16.76,0.56,4.31,0
23.142,16.94,0.56,4.31,0
23.152,16.94,0.56,4.31,0
23.162,16.94,0.56,4.33,0
23.172,16.94,0.56,4.33,0
23.182,16.94,0.56,4.33,0
23.192,16.76,0.56,4.34,0
23.202,16.94,0.56,4.34,0
23.212,16.94,0.56,4.34,0
23.222,16.94,0.56,4.36,0
23.232,16.94,0.56,4.36,0
23.242,16.94,0.56,4.36,0
23.252,16.94,0.56,4.38,0
23.262,16.94,0.56,4.38,0
23.272,16.76,0.56,4.38,0
23.283,16.94,0.74,4.4,0
23.293,16.94,0.74,4.4,0
23.303,16.94,0.56,4.42,0
23.313,16.94,0.56,4.42,0
23.323,17.12,0.56,4.42,0
23.333,17.12,0.56,4.42,0
23.343,16.94,0.38,4.43,0
23.353,16.94,0.38,4.43,0
23.363,16.94,0.38,4.43,0
23.373,16.94,0.56,4.44,0
23.383,16.94,0.56,4.44,0
23.393,16.94,0.56,4.44,0
23.403,16.94,0.56,4.46,0
23.413,16.94,0.56,4.46,0
23.423,16.94,0.56,4.46,0
23.433,16.94,0.56,4.48,0
23.443,16.94,0.56,4.48,0
23.453,16.94,0.56,4.48,0
23.463,16.94,0.56,4.49,0
23.473,16.94,0.56,4.49,0
23.483,16.94,0.56,4.49,0
23.493,16.94,0.56,4.51,0
23.503,16.94,0.56,4.51,0
23.513,16.94,0.56,4.51,0
23.523,16.94,0.56,4.53,0
23.533,16.94,0.56,4.53,0
23.543,16.94,0.56,4.53,0
23.553,16.94,0.56,4.54,0
23.563,16.94,0.56,4.54,0
23.573,16.94,0.56,4.54,0
23.583,16.94,0.56,4.56,0
23.593,16.94,0.56,4.56,0
23.603,16.94,0.56,4.56,0
23.613,16.94,0.56,4.58,0
23.624,16.94,0.56,4.58,0
23.634,16.94,0.56,4.58,0
23.644,16.94,0.56,4.6,0
23.654,16.94,0.56,4.6,0
23.664,16.94,0.56,4.6,0
23.674,16.94,0.56,4.61,0
23.684,16.94,0.56,4.61,0
23.694,16.94,0.56,4.61,0
23.704,16.94,0.56,4.63,0
23.714,16.94,0.56,4.63,0
23.724,16.94,0.56,4.63,0
23.734,16.94,0.56,4.65,0
23.744,16.94,0.56,4.65,0
23.754,16.94,0.56,4.65,0
23.764,16.94,0.56,4.66,0
23.774,16.94,0.56,4.66,0
23.784,16.94,0.56,4.66,0
23.795,16.94,0.56,4.68,0
23.805,16.94,0.56,4.68,0
23.815,16.94,0.56,4.7,0
23.825,16.94,0.56,4.7,0
23.835,16.94,0.56,4.7,0
23.845,16.94,0.56,4.71,0
23.855,16.94,0.56,4.71,0
23.865,16.94,0.56,4.71,0
23.875,16.94,0.56,4.71,0
23.885,16.94,0.56,4.73,0
23.895,16.94,0.56,4.73,0
23.905,16.94,0.56,4.73,0
23.915,16.94,0.56,4.75,0
23.925,16.76,0.56,4.75,0
23.935,16.94,0.56,4.75,0
23.945,16.94,0.56,4.76,0
23.955,16.76,0.56,4.76,0
23.965,16.76,0.56,4.76,0
23.975,16.76,0.74,4.78,0
23.985,16.76,0.74,4.78,0
23.995,16.94,0.74,4.78,0
24.005,16.94,0.56,4.8,0
24.015,16.94,0.56,4.8,0
24.025,16.94,0.56,4.8,0
24.035,16.94,0.56,4.82,0
24.045,16.94,0.56,4.82,0
24.055,16.94,0.56,4.82,0
24.065,16.94,0.56,4.84,0
24.075,16.94,0.56,4.84,0
24.085,16.94,0.56,4.84,0
24.095,16.94,0.56,4.85,0
24.105,16.94,0.56,4.85,0
24.115,16.94,0.56,4.85,0
24.125,16.94,0.56,4.87,0
24.136,16.94,0.56,4.87,0
24.146,16.94,0.56,4.89,0
24.156,16.94,0.56,4.89,0
24.166,16.94,0.56,4.89,0
24.176,16.94,0.56,4.89,0
24.186,16.94,0.56,4.9,0
24.196,16.94,0.56,4.9,0
24.206,16.76,0.56,4.9,0
24.216,16.94,0.74,4.92,0
24.226,16.94,0.74,4.92,0
24.236,16.94,0.74,4.92,0
24.246,16.94,0.56,4.94,0
24.256,17.12,0.56,4.94,0
24.266,17.12,0.56,4.94,0
24.276,17.12,0.38,4.96,0
24.286,16.94,0.38,4.96,0
24.296,17.12,0.38,4.96,0
24.307,16.94,0.38,4.97,0
24.317,17.12,0.38,4.97,0
24.327,17.12,0.38,4.97,0
24.337,16.94,0.38,4.98,0
24.347,16.94,0.38,4.98,0
24.357,16.94,0.38,4.98,0
24.367,16.94,0.56,4.99,0
24.377,16.94,0.56,4.99,0
24.387,16.94,0.56,4.99,0
24.397,16.94,0.56,5.01,0
24.407,16.94,0.56,5.01,0
24.417,16.94,0.56,5.01,0
24.427,16.94,0.56,5.03,0
24.437,16.94,0.56,5.03,0
24.447,16.94,0.56,5.03,0
24.457,16.94,0.56,5.05,0
24.467,16.94,0.56,5.05,0
24.477,16.94,0.56,5.05,0
24.487,16.94,0.56,5.06,0
24.497,16.94,0.56,5.06,0
24.507,16.94,0.56,5.06,0
24.517,16.94,0.56,5.08,0
24.527,16.94,0.56,5.08,0
24.537,16.94,0.56,5.08,0
24.547,16.94,0.56,5.1,0
24.557,16.94,0.56,5.1,0
24.567,16.94,0.56,5.1,0
24.577,16.94,-16.94,4.85,0
24.587,16.94,-16.94,4.85,0
24.597,16.57,-16.94,4.85,0
24.607,16.21,-16.57,4.35,0
24.617,15.47,-16.57,4.35,0
24.627,14.19,-16.57,4.35,0
24.637,11.99,-14.19,3.89,0
24.648,10.53,-14.19,3.89,0
24.658,9.06,-10.53,3.51,0
24.668,7.78,-10.53,3.51,0
24.678,6.68,-10.53,3.51,0
24.688,5.58,-10.53,3.51,0
24.698,4.66,-5.58,3.27,0
24.708,3.74,-5.58,3.27,0
24.718,3.01,-5.58,3.27,0
24.728,2.28,-3.01,3.14,0
24.738,1.73,-3.01,3.14,0
24.748,1.18,-3.01,3.14,0
24.758,0.81,-1.18,3.07,0
24.768,0.26,-1.18,3.07,0
24.778,0.08,-1.18,3.07,0
24.788,0.08,-0.08,3.05,0
24.798,-0.1,-0.08,3.05,0
24.808,-0.1,-0.08,3.05,0
24.819,-0.1,0.1,3.06,0
24.829,-0.1,0.1,3.06,0
24.839,-0.1,0.1,3.06,0
24.849,-0.1,0.1,3.06,0
24.859,0.08,0.1,3.06,0
24.869,0.08,0.1,3.06,0
24.879,0.08,-0.08,3.06,0
24.889,0.08,-0.08,3.06,0
24.899,0.08,-0.08,3.06,0
24.909,0.08,-0.08,3.06,0
24.919,0.26,-0.08,3.06,0
24.929,0.26,-0.08,3.06,0
24.939,0.26,-0.26,3.05,0
24.949,0.26,-0.26,3.05,0
24.959,0.26,-0.26,3.05,0
24.969,0.26,-0.26,3.04,0
24.979,0.26,-0.26,3.04,0
24.989,0.26,-0.26,3.04,0
24.999,0.26,-0.26,3.04,0
25.009,0.26,-0.26,3.04,0
25.019,0.26,-0.26,3.04,0
25.029,0.26,-0.26,3.03,0
25.039,0.26,-0.26,3.03,0
25.049,0.08,-0.26,3.03,0
25.059,0.26,-0.08,3.02,0
25.069,0.26,-0.08,3.02,0
25.079,0.26,-0.08,3.02,0
25.089,0.26,-0.26,3.02,0
25.099,0.26,-0.26,3.02,0
25.109,0.26,-0.26,3.02,0
25.119,0.26,-0.26,3.01,0
25.129,0.26,-0.26,3.01,0
25.139,0.26,-0.26,3.01,0
25.149,0.26,-0.26,3,0
25.16,0.44,-0.26,3,0
25.17,0.26,-0.44,2.99,0
25.18,0.26,-0.44,2.99,0
25.19,0.26,-0.44,2.99,0
25.2,0.26,-0.44,2.99,0
25.21,0.26,-0.26,2.98,0
25.22,0.26,-0.26,2.98,0
25.23,0.26,-0.26,2.98,0
25.24,0.26,-0.26,2.97,0
25.25,0.26,-0.26,2.97,0
25.26,0.26,-0.26,2.97,0
25.27,0.26,-0.26,2.96,0
25.28,0.26,-0.26,2.96,0
25.29,0.26,-0.26,2.96,0
25.3,0.26,-0.26,2.96,0
25.31,0.26,-0.26,2.96,0
25.32,0.26,-0.26,2.96,0
25.331,0.44,-0.26,2.95,0
25.341,0.44,-0.26,2.95,0
25.351,0.44,-0.26,2.95,0
25.361,0.26,-0.44,2.94,0
25.371,0.44,-0.44,2.94,0
25.381,0.44,-0.44,2.94,0
25.391,0.26,-0.44,2.92,0
25.401,0.26,-0.44,2.92,0
25.411,0.26,-0.44,2.92,0
25.421,0.26,-0.26,2.91,0
25.431,0.26,-0.26,2.91,0
25.441,0.26,-0.26,2.91,0
25.451,0.26,-0.26,2.91,0
25.461,0.26,-0.26,2.91,0
25.471,0.26,-0.26,2.91,0
25.481,0.26,-0.26,2.9,0
25.491,0.26,-0.26,2.9,0
25.501,0.26,-0.26,2.9,0
25.511,0.44,-0.26,2.89,0
25.521,0.44,-0.26,2.89,0
25.531,0.44,-0.26,2.89,0
25.541,0.26,-0.44,2.88,0
25.551,0.44,-0.44,2.88,0
25.561,0.44,-0.44,2.88,0
25.571,0.44,-0.44,2.87,0
25.581,0.44,-0.44,2.87,0
25.591,0.26,-0.44,2.87,0
25.601,0.26,-0.26,2.86,0
25.611,0.26,-0.26,2.86,0
25.621,0.26,-0.26,2.86,0
25.631,0.26,-0.26,2.85,0
25.641,0.26,-0.26,2.85,0
25.651,0.26,-0.26,2.85,0
25.661,0.26,-0.26,2.84,0
25.672,0.26,-0.26,2.84,0
25.682,0.26,-0.26,2.84,0
25.692,0.26,-0.26,2.83,0
25.702,0.26,-0.26,2.83,0
25.712,0.44,-0.26,2.83,0
25.722,0.44,-0.44,2.82,0
25.732,0.44,-0.44,2.82,0
25.742,0.44,-0.44,2.82,0
25.752,0.44,-0.44,2.81,0
25.762,0.44,-0.44,2.81,0
25.772,0.44,-0.44,2.81,0
25.782,0.44,-0.44,2.79,0
25.792,0.26,-0.44,2.79,0
25.802,0.26,-0.44,2.79,0
25.812,0.44,-0.26,2.78,0
25.822,0.26,-0.26,2.78,0
25.832,0.26,-0.26,2.78,0
25.843,0.26,-0.26,2.78,0
25.853,0.26,-0.26,2.78,0
25.863,0.26,-0.26,2.78,0
25.873,0.26,-0.26,2.77,0
25.883,0.26,-0.26,2.77,0
25.893,0.44,-0.26,2.77,0
25.903,0.44,-0.44,2.76,0
25.913,0.26,-0.44,2.76,0
25.923,0.26,-0.44,2.76,0
25.933,0.44,-0.26,2.75,0
25.943,0.44,-0.26,2.75,0
25.953,0.44,-0.26,2.75,0
25.963,0.44,-0.44,2.74,0
25.973,0.44,-0.44,2.74,0
25.983,0.26,-0.44,2.74,0
25.993,0.26,-0.26,2.73,0
26.003,0.44,-0.26,2.73,0
26.013,0.26,-0.26,2.73,0
26.023,0.26,-0.26,2.72,0
26.033,0.26,-0.26,2.72,0
26.043,0.26,-0.26,2.72,0
26.053,0.26,-0.26,2.71,0
26.063,0.26,-0.26,2.71,0
26.073,0.26,-0.26,2.71,0
26.083,0.44,-0.26,2.7,0
26.093,0.26,-0.26,2.7,0
26.103,0.44,-0.26,2.7,0
26.113,0.44,-0.44,2.69,0
26.123,0.44,-0.44,2.69,0
26.133,0.44,-0.44,2.69,0
26.143,0.44,-0.44,2.68,0
26.153,0.44,-0.44,2.68,0
26.163,0.44,-0.44,2.68,0
26.173,0.44,-0.44,2.66,0
26.184,0.26,-0.44,2.66,0
26.194,0.26,-0.44,2.66,0
26.204,0.26,-0.26,2.65,0
26.214,0.26,-0.26,2.65,0
26.224,0.26,-0.26,2.65,0
26.234,0.26,-0.26,2.65,0
26.244,0.26,-0.26,2.65,0
26.254,0.26,-0.26,2.65,0
26.264,0.26,-0.26,2.64,0
26.274,0.26,-0.26,2.64,0
26.284,0.44,-0.26,2.64,0
26.294,0.44,-0.44,2.63,0
26.304,0.44,-0.44,2.63,0
26.314,0.44,-0.44,2.63,0
26.324,0.44,-0.44,2.61,0
26.334,0.44,-0.44,2.61,0
26.344,0.44,-0.44,2.61,0
26.355,0.44,-0.44,2.6,0
26.365,0.44,-0.44,2.6,0
26.375,0.26,-0.44,2.6,0
26.385,0.26,-0.26,2.59,0
26.395,0.26,-0.26,2.59,0
26.405,0.26,-0.26,2.59,0
26.415,0.26,-0.26,2.58,0
26.425,0.26,-0.26,2.58,0
26.435,0.26,-0.26,2.58,0
26.445,0.44,-0.26,2.57,0
26.455,0.26,-0.26,2.57,0
26.465,0.44,-0.26,2.57,0
26.475,0.44,-0.44,2.56,0
26.485,0.44,-0.44,2.56,0
26.495,0.26,-0.44,2.56,0
26.505,0.26,-0.26,2.55,0
26.515,0.26,-0.26,2.55,0
26.525,0.44,-0.26,2.55,0
26.535,0.26,-0.44,2.54,0
26.545,0.44,-0.44,2.54,0
26.555,0.44,-0.44,2.54,0
26.565,0.44,-0.44,2.53,0
26.575,0.44,-0.44,2.53,0
26.585,0.26,-0.44,2.53,0
26.595,0.44,-0.26,2.52,0
26.605,0.26,-0.26,2.52,0
26.615,0.26,-0.26,2.52,0
26.625,0.26,-0.26,2.51,0
26.635,0.26,-0.26,2.51,0
26.645,0.26,-0.26,2.51,0
26.655,0.44,-0.26,2.5,0
26.665,0.44,-0.26,2.5,0
26.675,0.44,-0.26,2.5,0
26.685,0.44,-0.44,2.49,0
26.696,0.44,-0.44,2.49,0
26.706,0.44,-0.44,2.49,0
26.716,0.44,-0.44,2.48,0
26.726,0.44,-0.44,2.48,0
26.736,0.44,-0.44,2.48,0
26.746,0.44,-0.44,2.47,0
26.756,0.44,-0.44,2.47,0
26.766,0.44,-0.44,2.47,0
26.776,0.44,-0.44,2.45,0
26.786,0.26,-0.44,2.45,0
26.796,0.26,-0.44,2.45,0
26.806,0.26,-0.26,2.44,0
26.816,0.26,-0.26,2.44,0
26.826,0.44,-0.26,2.44,0
26.836,0.44,-0.44,2.43,0
26.846,0.44,-0.44,2.43,0
26.856,0.44,-0.44,2.43,0
26.867,0.44,-0.44,2.42,0
26.877,0.44,-0.44,2.42,0
26.887,0.26,-0.44,2.4,0
26.897,0.44,-0.44,2.4,0
26.907,0.44,-0.44,2.4,0
26.917,0.44,-0.44,2.4,0
26.927,0.44,-0.44,2.39,0
26.937,0.26,-0.44,2.39,0
26.947,0.44,-0.44,2.39,0
26.957,0.44,-0.44,2.38,0
26.967,0.26,-0.44,2.38,0
26.977,0.44,-0.44,2.38,0
26.987,0.26,-0.44,2.36,0
26.997,0.26,-0.44,2.36,0
27.007,0.26,-0.44,2.36,0
27.017,0.26,-0.26,2.35,0
27.027,0.44,-0.26,2.35,0
27.037,0.44,-0.26,2.35,0
27.047,0.44,-0.44,2.34,0
27.057,0.44,-0.44,2.34,0
27.067,0.44,-0.44,2.34,0
27.077,0.44,-0.44,2.33,0
27.087,0.26,-0.44,2.33,0
27.097,0.44,-0.44,2.33,0
27.107,0.44,-0.44,2.32,0
27.117,0.44,-0.44,2.32,0
27.127,0.44,-0.44,2.32,0
27.137,0.44,-0.44,2.3,0
27.147,0.44,-0.44,2.3,0
27.157,0.44,-0.44,2.3,0
27.167,0.44,-0.44,2.29,0
27.177,0.44,-0.44,2.29,0
27.187,0.26,-0.44,2.29,0
27.197,0.44,-0.26,2.28,0
27.208,0.44,-0.26,2.28,0
27.218,0.26,-0.44,2.27,0
27.228,0.26,-0.44,2.27,0
27.238,0.44,-0.44,2.27,0
27.248,0.44,-0.44,2.27,0
27.258,0.44,-0.44,2.25,0
27.268,0.44,-0.44,2.25,0
27.278,0.44,-0.44,2.25,0
27.288,0.44,-0.44,2.24,0
27.298,0.44,-0.44,2.24,0
27.308,0.44,-0.44,2.24,0
27.318,0.44,-0.44,2.23,0
27.328,0.44,-0.44,2.23,0
27.338,0.44,-0.44,2.23,0
27.348,0.44,-0.44,2.21,0
27.358,0.44,-0.44,2.21,0
27.368,0.44,-0.44,2.21,0
27.379,0.44,-0.44,2.2,0
27.389,0.26,-0.44,2.2,0
27.399,0.44,-0.44,2.2,0
27.409,0.26,-0.44,2.19,0
27.419,0.44,-0.44,2.19,0
27.429,0.44,-0.44,2.19,0
27.439,0.44,-0.44,2.17,0
27.449,0.44,-0.44,2.17,0
27.459,0.26,-0.44,2.17,0
27.469,0.44,-0.26,2.16,0
27.479,0.44,-0.26,2.16,0
27.489,0.44,-0.26,2.16,0
27.499,0.26,-0.44,2.15,0
27.509,0.44,-0.44,2.15,0
27.519,0.44,-0.44,2.15,0
27.529,0.44,-0.44,2.14,0
27.539,0.44,-0.44,2.14,0
27.549,0.26,-0.44,2.14,0
27.559,0.44,-0.26,2.13,0
27.569,0.44,-0.26,2.13,0
27.579,0.44,-0.26,2.13,0
27.589,0.44,-0.44,2.12,0
27.599,0.44,-0.44,2.12,0
27.609,0.44,-0.44,2.12,0
27.619,0.44,-0.44,2.1,0
27.629,0.44,-0.44,2.1,0
27.639,0.44,-0.44,2.1,0
27.649,0.44,-0.44,2.09,0
27.659,0.44,-0.44,2.09,0
27.669,0.26,-0.44,2.09,0
27.679,0.44,-0.26,2.08,0
27.689,0.44,-0.26,2.08,0
27.699,0.44,-0.26,2.08,0
27.709,0.44,-0.44,2.07,0
27.72,0.44,-0.44,2.07,0
27.73,0.26,-0.44,2.06,0
27.74,0.44,-0.44,2.06,0
27.75,0.44,-0.44,2.06,0
27.76,0.44,-0.44,2.06,0
27.77,0.44,-0.44,2.04,0
27.78,0.26,-0.44,2.04,0
27.79,0.44,-0.44,2.04,0
27.8,0.26,-0.44,2.03,0
27.81,0.44,-0.44,2.03,0
27.82,0.44,-0.44,2.03,0
27.83,0.44,-0.44,2.02,0
27.84,0.44,-0.44,2.02,0
27.85,0.44,-0.44,2.02,0
27.86,0.44,-0.44,2,0
27.87,0.44,-0.44,2,0
27.88,0.26,-0.44,2,0
27.891,0.26,-0.26,1.99,0
27.901,0.44,-0.26,1.99,0
27.911,0.44,-0.26,1.99,0
27.921,0.26,-0.44,1.98,0
27.931,0.44,-0.44,1.98,0
27.941,0.26,-0.44,1.98,0
27.951,0.44,-0.26,1.97,0
27.961,0.44,-0.26,1.97,0
27.971,0.44,-0.26,1.97,0
27.981,0.44,-0.44,1.96,0
27.991,0.26,-0.44,1.96,0
28.001,0.44,-0.44,1.96,0
28.011,0.44,-0.44,1.95,0
28.021,0.44,-0.44,1.95,0
28.031,0.44,-0.44,1.95,0
28.041,0.44,-0.44,1.93,0
28.051,0.26,-0.44,1.93,0
28.061,0.44,-0.44,1.93,0
28.071,0.44,-0.44,1.92,0
28.081,0.44,-0.44,1.92,0
28.091,0.44,-0.44,1.92,0
28.101,0.44,-0.44,1.91,0
28.111,0.44,-0.44,1.91,0
28.121,0.44,-0.44,1.91,0
28.131,0.44,-0.44,1.89,0
28.141,0.26,-0.44,1.89,0
28.151,0.44,-0.44,1.89,0
28.161,0.26,-0.44,1.88,0
28.171,0.44,-0.44,1.88,0
28.181,0.44,-0.44,1.88,0
28.191,0.44,-0.44,1.87,0
28.201,0.44,-0.44,1.87,0
28.211,0.44,-0.44,1.87,0
28.221,0.44,-0.44,1.85,0
28.232,0.26,-0.44,1.85,0
28.242,0.26,-0.44,1.85,0
28.252,0.44,-0.26,1.84,0
28.262,0.44,-0.26,1.84,0
28.272,0.26,-0.26,1.84,0
28.282,0.44,-0.26,1.83,0
28.292,0.44,-0.26,1.83,0
28.302,0.26,-0.26,1.83,0
28.312,0.26,-0.26,1.83,0
28.322,0.44,-0.26,1.83,0
28.332,0.44,-0.26,1.83,0
28.342,0.26,-0.44,1.82,0
28.352,0.44,-0.44,1.82,0
28.362,0.44,-0.44,1.82,0
28.372,0.44,-0.44,1.8,0
28.382,0.44,-0.44,1.8,0
28.392,0.44,-0.44,1.8,0
28.403,0.26,-0.44,1.79,0
28.413,0.44,-0.44,1.79,0
28.423,0.26,-0.44,1.79,0
28.433,0.44,-0.26,1.78,0
28.443,0.44,-0.26,1.78,0
28.453,0.44,-0.26,1.78,0
28.463,0.26,-0.44,1.77,0
28.473,0.44,-0.44,1.77,0
28.483,0.44,-0.44,1.77,0
28.493,0.44,-0.44,1.75,0
28.503,0.44,-0.44,1.75,0
28.513,0.44,-0.44,1.75,0
28.523,0.44,-0.44,1.74,0
28.533,0.44,-0.44,1.74,0
28.543,0.44,-0.44,1.74,0
28.553,0.44,-0.44,1.73,0
28.563,0.26,-0.44,1.73,0
28.573,0.26,-0.44,1.73,0
28.583,0.44,-0.26,1.72,0
28.593,0.44,-0.26,1.72,0
28.603,0.44,-0.26,1.72,0
28.613,0.26,-0.44,1.71,0
28.623,0.26,-0.44,1.71,0
28.633,0.44,-0.44,1.71,0
28.643,0.44,-0.44,1.69,0
28.653,0.44,-0.44,1.69,0
28.663,0.44,-0.44,1.69,0
28.673,0.26,-0.44,1.68,0
28.683,0.44,-0.44,1.68,0
28.693,0.26,-0.44,1.68,0
28.703,0.26,-0.26,1.67,0
28.713,0.44,-0.26,1.67,0
28.723,0.44,-0.26,1.67,0
28.733,0.44,-0.44,1.66,0
28.744,0.44,-0.44,1.66,0
28.754,0.44,-0.44,1.65,0
28.764,0.26,-0.44,1.65,0
28.774,0.26,-0.44,1.65,0
28.784,0.44,-0.26,1.63,0
28.794,0.26,-0.26,1.63,0
28.804,0.44,-0.26,1.63,0
28.814,0.44,-0.44,1.62,0
28.824,0.44,-0.44,1.62,0
28.834,0.26,-0.44,1.62,0
28.844,0.44,-0.44,1.62,0
28.854,0.44,-0.44,1.61,0
28.864,0.44,-0.44,1.61,0
28.874,0.44,-0.44,1.61,0
28.884,0.44,-0.44,1.6,0
28.894,0.26,-0.44,1.6,0
28.904,0.44,-0.44,1.6,0
28.915,0.26,-0.44,1.58,0
28.925,0.44,-0.44,1.58,0
28.935,0.44,-0.44,1.57,0
28.945,0.44,-0.44,1.57,0
28.955,0.44,-0.44,1.57,0
28.965,0.44,-0.44,1.57,0
28.975,0.44,-0.44,1.56,0
28.985,0.26,-0.44,1.56,0
28.995,0.44,-0.44,1.56,0
29.005,0.44,-0.44,1.54,0
29.015,0.44,-0.44,1.54,0
29.025,0.26,-0.44,1.54,0
29.035,0.44,-0.26,1.53,0
29.045,0.44,-0.26,1.53,0
29.055,0.44,-0.26,1.53,0
29.065,0.26,-0.44,1.52,0
29.075,0.44,-0.44,1.52,0
29.085,0.26,-0.44,1.52,0
29.095,0.44,-0.26,1.51,0
29.105,0.44,-0.26,1.51,0
29.115,0.44,-0.26,1.51,0
29.125,0.44,-0.44,1.5,0
29.135,0.44,-0.44,1.5,0
29.145,0.26,-0.44,1.5,0
29.155,0.44,-0.26,1.49,0
29.165,0.44,-0.26,1.49,0
29.175,0.44,-0.26,1.49,0
29.185,0.44,-0.44,1.48,0
29.195,0.44,-0.44,1.48,0
29.205,0.44,-0.44,1.48,0
29.215,0.44,-0.44,1.47,0
29.225,0.44,-0.44,1.47,0
29.235,0.26,-0.44,1.47,0
29.245,0.44,-0.26,1.46,0
29.256,0.44,-0.26,1.46,0
29.266,0.26,-0.44,1.44,0
29.276,0.44,-0.44,1.44,0
29.286,0.26,-0.44,1.44,0
29.296,0.26,-0.44,1.44,0
29.306,0.26,-0.26,1.43,0
29.316,0.26,-0.26,1.43,0
29.326,0.44,-0.26,1.43,0
29.336,0.44,-0.44,1.42,0
29.346,0.26,-0.44,1.42,0
29.356,0.44,-0.44,1.42,0
29.366,0.44,-0.44,1.41,0
29.376,0.44,-0.44,1.41,0
29.386,0.44,-0.44,1.41,0
29.396,0.44,-0.44,1.4,0
29.406,0.44,-0.44,1.4,0
29.416,0.44,-0.44,1.4,0
29.427,0.26,-0.44,1.38,0
29.437,0.44,-0.44,1.38,0
29.447,0.44,-0.44,1.38,0
29.457,0.44,-0.44,1.37,0
29.467,0.44,-0.44,1.37,0
29.477,0.44,-0.44,1.37,0
29.487,0.44,-0.44,1.36,0
29.497,0.26,-0.44,1.36,0
29.507,0.44,-0.44,1.36,0
29.517,0.44,-0.44,1.34,0
29.527,0.44,-0.44,1.34,0
29.537,0.44,-0.44,1.34,0
29.547,0.44,-0.44,1.33,0
29.557,0.44,-0.44,1.33,0
29.567,0.26,-0.44,1.33,0
29.577,0.44,-0.26,1.32,0
29.587,0.44,-0.26,1.32,0
29.597,0.44,-0.26,1.32,0
29.607,0.26,-0.44,1.31,0
29.617,0.26,-0.44,1.31,0
29.627,0.44,-0.44,1.31,0
29.637,0.44,-0.44,1.29,0
29.647,0.44,-0.44,1.29,0
29.657,0.26,-0.44,1.29,0
29.667,0.44,-0.26,1.28,0
29.677,0.44,-0.26,1.28,0
29.687,0.44,-0.26,1.28,0
29.697,0.44,-0.44,1.27,0
29.707,0.44,-0.44,1.27,0
29.717,0.26,-0.44,1.27,0
29.727,0.44,-0.26,1.26,0
29.737,0.44,-0.26,1.26,0
29.747,0.44,-0.26,1.26,0
29.757,0.26,-0.44,1.25,0
29.768,0.44,-0.44,1.25,0
29.778,0.26,-0.44,1.24,0
29.788,0.44,-0.44,1.24,0
29.798,0.44,-0.44,1.24,0
29.808,0.44,-0.44,1.23,0
29.818,0.44,-0.44,1.23,0
29.828,0.44,-0.44,1.23,0
29.838,0.44,-0.44,1.21,0
29.848,0.26,-0.44,1.21,0
29.858,0.44,-0.44,1.21,0
29.868,0.44,-0.44,1.2,0
29.878,0.44,-0.44,1.2,0
29.888,0.44,-0.44,1.2,0
29.898,0.26,-0.44,1.19,0
29.908,0.44,-0.44,1.19,0
29.918,0.44,-0.44,1.19,0
29.928,0.44,-0.44,1.17,0
29.939,0.44,-0.44,1.17,0
29.949,0.44,-0.44,1.17,0
29.959,0.44,-0.44,1.16,0
29.969,0.44,-0.44,1.16,0
29.979,0.26,-0.44,1.16,0
29.989,0.44,-0.26,1.15,0
29.999,0.26,-0.26,1.15,0
30.009,0.44,-0.26,1.15,0
30.019,0.26,-0.44,1.14,0
30.029,0.44,-0.44,1.14,0
30.039,0.44,-0.44,1.14,0
30.049,0.44,-0.44,1.12,0
30.059,0.26,-0.44,1.12,0
30.069,0.44,-0.44,1.12,0
30.079,0.26,-0.44,1.11,0
30.089,0.44,-0.44,1.11,0
30.099,0.44,-0.44,1.11,0
30.109,0.44,-0.44,1.11,0
30.119,0.44,-0.44,1.1,0
30.129,0.44,-0.44,1.1,0
30.139,0.44,-0.44,1.1,0
30.149,0.44,-0.44,1.08,0
30.159,0.44,-0.44,1.08,0
30.169,0.44,-0.44,1.08,0
30.179,0.44,-0.44,1.07,0
30.189,0.44,-0.44,1.07,0
30.199,0.44,-0.44,1.07,0
30.209,0.26,-0.44,1.06,0
30.219,0.44,-0.44,1.06,0
30.229,0.44,-0.44,1.06,0
30.239,0.44,-0.44,1.04,0
30.249,0.44,-0.44,1.04,0
30.259,0.44,-0.44,1.04,0
30.269,0.44,-0.44,1.03,0
30.28,0.44,-0.44,1.03,0
30.29,0.44,-0.44,1.03,0
30.3,0.44,-0.44,1.02,0
30.31,0.44,-0.44,1.02,0
30.32,0.44,-0.44,1.02,0
30.33,0.44,-0.44,1,0
30.34,0.44,-0.44,1,0
30.35,0.44,-0.44,1,0
30.36,0.44,-0.44,0.99,0
30.37,0.44,-0.44,0.99,0
30.38,0.44,-0.44,0.99,0
30.39,0.44,-0.44,0.98,0
30.4,0.26,-0.44,0.98,0
30.41,0.26,-0.44,0.98,0
30.42,0.44,-0.26,0.97,0
30.43,0.44,-0.26,0.97,0
30.44,0.44,-0.26,0.97,0
30.451,0.26,-0.44,0.96,0
30.461,0.44,-0.44,0.96,0
30.471,0.26,-0.44,0.96,0
30.481,0.26,-0.26,0.94,0
30.491,0.26,-0.26,0.94,0
30.501,0.26,-0.26,0.94,0
30.511,0.26,-0.26,0.94,0
30.521,0.26,-0.26,0.94,0
30.531,0.26,-0.26,0.94,0
30.541,0.26,-0.26,0.93,0
30.551,0.26,-0.26,0.93,0
30.561,0.26,-0.26,0.93,0
30.571,0.44,-0.26,0.92,0
30.581,0.44,-0.26,0.92,0
30.591,0.26,-0.26,0.92,0
30.601,0.44,-0.26,0.91,0
30.611,0.26,-0.26,0.91,0
30.621,0.26,-0.26,0.91,0
30.631,0.26,-0.26,0.91,0
30.641,0.26,-0.26,0.91,0
30.651,0.26,-0.26,0.91,0
30.661,0.26,-0.26,0.9,0
30.671,0.26,-0.26,0.9,0
30.681,0.26,-0.26,0.9,0
30.691,0.26,-0.26,0.89,0
30.701,0.26,-0.26,0.89,0
30.711,0.26,-0.26,0.89,0
30.721,0.26,-0.26,0.88,0
30.731,0.44,-0.26,0.88,0
30.741,0.26,-0.26,0.88,0
30.751,0.26,-0.26,0.87,0
30.761,0.44,-0.26,0.87,0
30.771,0.26,-0.26,0.87,0
30.781,0.44,-0.26,0.87,0
30.792,0.44,-0.26,0.87,0
30.802,0.44,-0.44,0.86,0
30.812,0.26,-0.44,0.86,0
30.822,0.26,-0.44,0.86,0
30.832,0.26,-0.44,0.86,0
30.842,0.44,-0.26,0.84,0
30.852,0.44,-0.26,0.84,0
30.862,0.26,-0.26,0.84,0
30.872,0.26,-0.26,0.84,0
30.882,0.26,-0.26,0.84,0
30.892,0.26,-0.26,0.84,0
30.902,0.26,-0.26,0.83,0
30.912,0.26,-0.26,0.83,0
30.922,0.26,-0.26,0.83,0
30.932,0.26,-0.26,0.82,0
30.942,0.44,-0.26,0.82,0
30.952,0.26,-0.26,0.82,0
30.963,0.26,-0.26,0.81,0
30.973,0.26,-0.26,0.81,0
30.983,0.26,-0.26,0.81,0
30.993,0.26,-0.26,0.8,0
31.003,0.26,-0.26,0.8,0
31.013,0.26,-0.26,0.8,0
31.023,0.26,-0.26,0.8,0
31.033,0.26,-0.26,0.8,0
31.043,0.26,-0.26,0.8,0
31.053,0.26,-0.26,0.79,0
31.063,0.26,-0.26,0.79,0
31.073,0.26,-0.26,0.79,0
31.083,0.26,-0.26,0.78,0
31.093,0.26,-0.26,0.78,0
31.103,0.26,-0.26,0.78,0
31.113,0.26,-0.26,0.77,0
31.123,0.26,-0.26,0.77,0
31.133,0.26,-0.26,0.77,0
31.143,0.26,-0.26,0.77,0
31.153,0.26,-0.26,0.77,0
31.163,0.26,-0.26,0.77,0
31.173,0.26,-0.26,0.76,0
31.183,0.26,-0.26,0.76,0
31.193,0.26,-0.26,0.76,0
31.203,0.26,-0.26,0.75,0
31.213,0.26,-0.26,0.75,0
31.223,0.26,-0.26,0.75,0
31.233,0.26,-0.26,0.74,0
31.243,0.26,-0.26,0.74,0
31.253,0.26,-0.26,0.74,0
31.263,0.44,-0.26,0.73,0
31.273,0.26,-0.26,0.73,0
31.283,0.26,-0.26,0.73,0
31.293,0.26,-0.26,0.73,0
31.304,0.26,-0.26,0.73,0
31.314,0.26,-0.26,0.73,0
31.324,0.26,-0.26,0.72,0
31.334,0.26,-0.26,0.72,0
31.344,0.26,-0.26,0.72,0
31.354,0.26,-0.26,0.71,0
31.364,0.26,-0.26,0.71,0
31.374,0.26,-0.26,0.71,0
31.384,0.26,-0.26,0.7,0
31.394,0.44,-0.26,0.7,0
31.404,0.26,-0.26,0.7,0
31.414,0.26,-0.26,0.69,0
31.424,0.26,-0.26,0.69,0
31.434,0.26,-0.26,0.69,0
31.444,0.26,-0.26,0.69,0
31.454,0.26,-0.26,0.69,0
31.464,0.26,-0.26,0.69,0
31.475,0.26,-0.26,0.68,0
31.485,0.26,-0.26,0.68,0
31.495,0.26,-0.26,0.67,0
31.505,0.26,-0.26,0.67,0
31.515,0.26,-0.26,0.67,0
31.525,0.26,-0.26,0.66,0
31.535,0.26,-0.26,0.66,0
31.545,0.26,-0.26,0.66,0
31.555,0.26,-0.26,0.66,0
31.565,0.26,-0.26,0.66,0
31.575,0.26,-0.26,0.66,0
31.585,0.26,-0.26,0.65,0
31.595,0.26,-0.26,0.65,0
31.605,0.26,-0.26,0.65,0
31.615,0.26,-0.26,0.64,0
31.625,0.26,-0.26,0.64,0
31.635,0.26,-0.26,0.64,0
31.645,0.26,-0.26,0.64,0
31.655,0.26,-0.26,0.63,0
31.665,0.26,-0.26,0.63,0
31.675,0.26,-0.26,0.63,0
31.685,0.26,-0.26,0.62,0
31.695,0.26,-0.26,0.62,0
31.705,0.26,-0.26,0.62,0
31.715,0.26,-0.26,0.62,0
31.725,0.26,-0.26,0.62,0
31.735,0.26,-0.26,0.62,0
31.745,0.26,-0.26,0.61,0
31.755,0.26,-0.26,0.61,0
31.765,0.26,-0.26,0.61,0
31.775,0.26,-0.26,0.6,0
31.785,0.26,-0.26,0.6,0
31.795,0.26,-0.26,0.6,0
31.805,0.26,-0.26,0.59,0
31.816,0.26,-0.26,0.59,0
31.826,0.26,-0.26,0.58,0
31.836,0.26,-0.26,0.58,0
31.846,0.26,-0.26,0.58,0
31.856,0.26,-0.26,0.58,0
31.866,0.26,-0.26,0.58,0
31.876,0.26,-0.26,0.58,0
31.886,0.26,-0.26,0.58,0
31.896,0.26,-0.26,0.57,0
31.906,0.26,-0.26,0.57,0
31.916,0.26,-0.26,0.57,0
31.926,0.26,-0.26,0.56,0
31.936,0.26,-0.26,0.56,0
31.946,0.26,-0.26,0.56,0
31.956,0.26,-0.26,0.55,0
31.966,0.26,-0.26,0.55,0
31.976,0.26,-0.26,0.55,0
31.987,0.26,-0.26,0.55,0
31.997,0.26,-0.26,0.55,0
32.007,0.26,-0.26,0.54,0
32.017,0.26,-0.26,0.54,0
32.027,0.26,-0.26,0.54,0
32.037,0.26,-0.26,0.54,0
32.047,0.26,-0.26,0.53,0
32.048,0.26,0,0,1
32.069,0.26,0,0,0
32.079,0.26,0,0,0
32.089,0.26,0,0,0
32.099,0.26,-0.26,-0,0
32.109,0.26,-0.26,-0,0
32.119,0.26,-0.26,-0,0
32.129,0.26,-0.26,-0.01,0
32.139,0.26,-0.26,-0.01,0
32.149,0.26,-0.26,-0.01,0
32.159,0.26,-0.26,-0.02,0
32.169,0.26,-0.26,-0.02,0
32.179,0.26,-0.26,-0.02,0
32.189,0.26,-0.26,-0.03,0
32.2,0.26,-0.26,-0.03,0
32.21,0.26,-0.26,-0.03,0
32.22,0.26,-0.26,-0.04,0
32.23,0.26,-0.26,-0.04,0
32.24,0.26,-0.26,-0.04,0
32.25,0.26,-0.26,-0.04,0
32.26,0.26,-0.26,-0.04,0
32.27,0.26,-0.26,-0.04,0
32.28,0.44,-0.26,-0.05,0
32.29,0.26,-0.26,-0.05,0
32.3,0.26,-0.26,-0.05,0
32.31,0.26,-0.26,-0.06,0
32.32,0.26,-0.26,-0.06,0
32.33,0.26,-0.26,-0.06,0
32.34,0.26,-0.26,-0.07,0
32.35,0.26,-0.26,-0.07,0
32.36,0.26,-0.26,-0.07,0
32.371,0.26,-0.26,-0.07,0
32.381,0.26,-0.26,-0.07,0
32.391,0.26,-0.26,-0.07,0
32.401,0.26,-0.26,-0.08,0
32.411,0.26,-0.26,-0.08,0
32.421,0.26,-0.26,-0.08,0
32.431,0.26,-0.26,-0.09,0
32.441,0.26,-0.26,-0.09,0
32.451,0.26,-0.26,-0.09,0
32.461,0.26,-0.26,-0.1,0
32.471,0.26,-0.26,-0.1,0
32.481,0.26,-0.26,-0.1,0
32.491,0.26,-0.26,-0.11,0
32.501,0.26,-0.26,-0.11,0
32.511,0.26,-0.26,-0.11,0
32.521,0.26,-0.26,-0.11,0
32.531,0.44,-0.26,-0.11,0
32.541,0.26,-0.26,-0.11,0
32.551,0.26,-0.26,-0.12,0
32.561,0.26,-0.26,-0.12,0
32.571,0.26,-0.26,-0.12,0
32.581,0.26,-0.26,-0.13,0
32.591,0.26,-0.26,-0.13,0
32.601,0.26,-0.26,-0.13,0
32.611,0.26,-0.26,-0.14,0
32.621,0.26,-0.26,-0.14,0
32.631,0.26,-0.26,-0.14,0
32.641,0.26,-0.26,-0.15,0
32.651,0.26,-0.26,-0.15,0
32.661,0.26,-0.26,-0.15,0
32.671,0.26,-0.26,-0.15,0
32.681,0.26,-0.26,-0.15,0
32.691,0.26,-0.26,-0.15,0
32.701,0.26,-0.26,-0.16,0
32.712,0.26,-0.26,-0.16,0
32.722,0.26,-0.26,-0.16,0
32.732,0.26,-0.26,-0.17,0
32.742,0.26,-0.26,-0.17,0
32.752,0.26,-0.26,-0.17,0
32.762,0.44,-0.26,-0.18,0
32.772,0.26,-0.26,-0.18,0
32.782,0.26,-0.26,-0.18,0
32.792,0.26,-0.26,-0.18,0
32.802,0.26,-0.26,-0.18,0
32.812,0.26,-0.26,-0.18,0
32.822,0.26,-0.26,-0.19,0
32.832,0.26,-0.26,-0.19,0
32.842,0.26,-0.26,-0.19,0
32.852,0.26,-0.26,-0.2,0
32.862,0.26,-0.26,-0.2,0
32.872,0.26,-0.26,-0.2,0
32.883,0.26,-0.26,-0.21,0
32.893,0.26,-0.26,-0.21,0
32.903,0.26,-0.26,-0.21,0
32.913,0.26,-0.26,-0.22,0
32.923,0.26,-0.26,-0.22,0
32.933,0.26,-0.26,-0.22,0
32.943,0.26,-0.26,-0.22,0
32.953,0.26,-0.26,-0.22,0
32.963,0.26,-0.26,-0.22,0
32.973,0.26,-0.26,-0.23,0
32.983,0.26,-0.26,-0.23,0
32.993,0.26,-0.26,-0.23,0
33.003,0.26,-0.26,-0.24,0
33.013,0.26,-0.26,-0.24,0
33.023,0.44,-0.26,-0.24,0
33.033,0.26,-0.44,-0.25,0
33.043,0.26,-0.44,-0.25,0
33.053,0.26,-0.44,-0.25,0
33.063,0.26,-0.26,-0.26,0
33.073,0.26,-0.26,-0.26,0
33.083,0.26,-0.26,-0.26,0
33.093,0.44,-0.26,-0.27,0
33.103,0.26,-0.26,-0.27,0
33.113,0.26,-0.26,-0.27,0
33.123,0.26,10.24,-0.12,0
33.133,0.26,10.24,-0.12,0
33.143,0.26,10.24,-0.12,0
33.153,2.46,17.24,0.29,0
33.163,4.84,17.24,0.29,0
33.173,6.86,17.24,0.29,0
33.183,8.51,10.64,0.71,0
33.193,9.98,10.64,0.71,0
33.203,11.26,10.64,0.71,0
33.213,12.36,6.24,0.96,0
33.224,13.46,6.24,0.96,0
33.234,14.19,6.24,0.96,0
33.244,15.11,3.31,1.11,0
33.254,15.66,3.31,1.11,0
33.264,16.39,3.31,1.11,0
33.274,16.94,1.11,1.17,0
33.284,17.31,1.11,1.17,0
33.294,17.86,1.11,1.17,0
33.304,18.22,-0.36,1.19,0
33.314,18.41,-0.36,1.19,0
33.324,18.22,-0.36,1.19,0
33.334,18.22,-0.72,1.17,0
33.344,18.22,-0.72,1.17,0
33.354,18.04,-0.72,1.17,0
33.364,17.86,-0.54,1.15,0
33.374,17.67,-0.54,1.15,0
33.384,17.49,-0.54,1.15,0
33.395,17.49,0.01,1.14,0
33.405,17.49,0.01,1.14,0
33.415,17.31,0.01,1.14,0
33.425,17.31,0.19,1.15,0
33.435,17.31,0.19,1.15,0
33.445,17.31,0.19,1.15,0
33.455,17.31,0.19,1.15,0
33.465,17.31,0.19,1.15,0
33.475,17.31,0.19,1.15,0
33.485,17.49,0.19,1.16,0
33.495,17.49,0.19,1.16,0
33.505,17.31,0.19,1.16,0
33.515,17.31,0.19,1.16,0
33.525,17.31,0.19,1.16,0
33.535,17.12,0.19,1.16,0
33.545,17.12,0.38,1.17,0
33.555,17.12,0.38,1.17,0
33.565,16.94,0.38,1.17,0
33.575,17.12,0.56,1.19,0
33.585,16.94,0.56,1.19,0
33.595,17.12,0.56,1.19,0
33.605,17.12,0.38,1.2,0
33.615,17.12,0.38,1.2,0
33.625,17.12,0.38,1.2,0
33.635,17.12,0.38,1.21,0
33.645,17.12,0.38,1.21,0
33.655,17.12,0.38,1.21,0
33.665,17.12,0.38,1.22,0
33.675,16.94,0.38,1.22,0
33.685,16.94,0.38,1.22,0
33.695,16.94,0.56,1.24,0
33.705,16.94,0.56,1.24,0
33.715,16.94,0.56,1.24,0
33.725,16.94,0.56,1.25,0
33.736,16.94,0.56,1.25,0
33.746,16.94,0.56,1.25,0
33.756,16.76,0.56,1.27,0
33.766,16.94,0.56,1.27,0
33.776,16.94,0.56,1.27,0
33.786,16.94,0.56,1.29,0
33.796,16.94,0.56,1.29,0
33.806,16.94,0.56,1.29,0
33.816,16.94,0.56,1.3,0
33.826,16.94,0.56,1.3,0
33.836,16.76,0.56,1.3,0
33.846,16.76,0.74,1.32,0
33.856,16.76,0.74,1.32,0
33.866,16.76,0.74,1.32,0
33.876,16.94,0.74,1.35,0
33.886,17.12,0.74,1.35,0
33.896,17.31,0.74,1.35,0
33.907,17.12,0.19,1.36,0
33.917,17.31,0.19,1.36,0
33.927,17.31,0.19,1.36,0
33.937,17.31,0.19,1.36,0
33.947,17.31,0.19,1.36,0
33.957,17.31,0.19,1.36,0
33.967,17.31,0.19,1.37,0
33.977,17.31,0.19,1.37,0
33.987,17.12,0.19,1.37,0
33.997,17.12,0.38,1.38,0
34.007,17.12,0.38,1.38,0
34.017,17.12,0.38,1.38,0
34.027,17.12,0.38,1.39,0
34.037,17.12,0.38,1.39,0
34.047,17.12,0.38,1.39,0
34.057,17.12,0.38,1.4,0
34.067,17.12,0.38,1.4,0
34.077,17.12,0.38,1.4,0
34.087,17.12,0.38,1.41,0
34.097,17.12,0.38,1.41,0
34.107,17.12,0.38,1.41,0
34.117,17.12,0.38,1.42,0
34.127,17.12,0.38,1.42,0
34.137,17.12,0.38,1.42,0
34.147,16.94,0.38,1.44,0
34.157,16.94,0.38,1.44,0
34.167,16.94,0.38,1.44,0
34.177,16.94,0.56,1.45,0
34.187,16.94,0.56,1.45,0
34.197,16.94,0.56,1.45,0
34.207,17.12,0.56,1.47,0
34.217,16.94,0.56,1.47,0
34.227,16.94,0.56,1.47,0
34.237,16.94,0.56,1.48,0
34.248,16.94,0.56,1.48,0
34.258,16.94,0.56,1.48,0
34.268,16.94,0.56,1.5,0
34.278,16.94,0.56,1.5,0
34.288,16.94,0.56,1.5,0
34.298,16.94,0.56,1.52,0
34.308,16.76,0.56,1.52,0
34.318,16.94,0.56,1.52,0
34.328,16.76,0.56,1.53,0
34.338,16.94,0.56,1.53,0
34.348,16.94,0.56,1.53,0
34.358,16.94,0.56,1.55,0
34.368,16.94,0.56,1.55,0
34.378,16.94,0.56,1.55,0
34.388,16.94,0.56,1.57,0
34.398,16.94,0.56,1.57,0
34.408,16.94,0.56,1.57,0
34.419,16.76,0.56,1.58,0
34.429,16.94,0.56,1.58,0
34.439,16.94,0.56,1.58,0
34.449,16.76,0.56,1.6,0
34.459,16.76,0.56,1.6,0
34.469,16.76,0.56,1.6,0
34.479,16.76,0.74,1.62,0
34.489,16.76,0.74,1.62,0
34.499,16.76,0.74,1.62,0
34.509,16.94,0.74,1.64,0
34.519,17.12,0.74,1.64,0
34.529,17.12,0.74,1.64,0
34.539,17.31,0.38,1.66,0
34.549,17.31,0.38,1.66,0
34.559,17.31,0.38,1.66,0
34.569,17.12,0.19,1.67,0
34.579,17.12,0.19,1.67,0
34.589,17.12,0.19,1.67,0
34.599,17.12,0.38,1.68,0
34.609,17.12,0.38,1.68,0
34.619,17.12,0.38,1.68,0
34.629,17.12,0.38,1.69,0
34.639,17.12,0.38,1.69,0
34.649,17.12,0.38,1.69,0
34.659,17.12,0.38,1.7,0
34.669,17.12,0.38,1.7,0
34.679,17.12,0.38,1.7,0
34.689,17.12,0.38,1.71,0
34.699,17.12,0.38,1.71,0
34.709,17.12,0.38,1.71,0
34.719,17.12,0.38,1.72,0
34.729,17.12,0.38,1.72,0
34.739,16.94,0.38,1.72,0
34.749,17.12,0.56,1.74,0
34.76,16.94,0.56,1.74,0
34.77,16.94,0.56,1.74,0
34.78,16.94,0.56,1.75,0
34.79,16.94,0.56,1.75,0
34.8,16.94,0.56,1.75,0
34.81,16.94,0.56,1.77,0
34.82,16.94,0.56,1.77,0
34.83,16.94,0.56,1.77,0
34.84,16.94,0.56,1.79,0
34.85,17.12,0.56,1.79,0
34.86,16.94,0.56,1.79,0
34.87,16.94,0.56,1.8,0
34.88,16.94,0.56,1.8,0
34.89,16.94,0.56,1.8,0
34.9,16.94,0.56,1.82,0
34.91,16.94,0.56,1.82,0
34.92,16.94,0.56,1.82,0
34.931,16.94,0.56,1.84,0
34.941,16.94,0.56,1.84,0
34.951,16.94,0.56,1.84,0
34.961,16.94,0.56,1.85,0
34.971,16.94,0.56,1.85,0
34.981,16.94,0.56,1.85,0
34.991,16.94,0.56,1.87,0
35.001,16.94,0.56,1.87,0
35.011,16.94,0.56,1.87,0
35.021,16.94,0.56,1.89,0
35.031,16.76,0.56,1.89,0
35.041,16.76,0.56,1.89,0
35.051,16.94,0.74,1.91,0
35.061,16.94,0.74,1.91,0
35.071,16.94,0.74,1.91,0
35.081,16.76,0.56,1.93,0
35.091,16.94,0.56,1.93,0
35.101,16.94,0.56,1.93,0
35.111,16.94,0.56,1.94,0
35.121,16.94,0.56,1.94,0
35.131,16.94,0.56,1.94,0
35.141,16.94,0.56,1.96,0
35.151,16.94,0.56,1.96,0
35.161,16.94,0.56,1.96,0
35.171,16.94,0.56,1.98,0
35.181,16.94,0.56,1.98,0
35.191,16.94,0.56,1.98,0
35.201,16.94,0.56,1.99,0
35.211,16.94,0.56,1.99,0
35.221,16.94,0.56,1.99,0
35.231,16.94,0.56,2.01,0
35.241,16.94,0.56,2.01,0
35.251,16.94,0.56,2.01,0
35.261,16.94,0.56,2.03,0
35.272,16.76,0.56,2.03,0
35.282,16.94,0.56,2.03,0
35.292,16.94,0.56,2.04,0
35.302,16.94,0.56,2.04,0
35.312,16.94,0.56,2.04,0
35.322,16.94,0.56,2.06,0
35.332,16.94,0.56,2.06,0
35.342,16.76,0.56,2.06,0
35.352,16.76,0.74,2.08,0
35.362,16.94,0.74,2.08,0
35.372,16.94,0.74,2.08,0
35.382,16.94,0.56,2.1,0
35.392,17.12,0.56,2.1,0
35.402,17.12,0.56,2.1,0
35.412,16.94,0.38,2.11,0
35.422,16.94,0.38,2.11,0
35.432,16.94,0.38,2.11,0
35.443,16.94,0.56,2.13,0
35.453,16.94,0.56,2.13,0
35.463,16.94,0.56,2.15,0
35.473,16.94,0.56,2.15,0
35.483,16.94,0.56,2.15,0
35.493,16.94,0.56,2.16,0
35.503,16.94,0.56,2.16,0
35.513,16.94,0.56,2.16,0
35.523,16.94,0.56,2.16,0
35.533,16.94,0.56,2.18,0
35.543,16.94,0.56,2.18,0
35.553,16.94,0.56,2.18,0
35.563,16.94,0.56,2.2,0
35.573,16.94,0.56,2.2,0
35.583,16.94,0.56,2.2,0
35.593,16.76,0.56,2.21,0
35.603,16.94,0.56,2.21,0
35.613,16.94,0.56,2.21,0
35.623,16.94,0.56,2.23,0
35.633,16.94,0.56,2.23,0
35.643,16.94,0.56,2.23,0
35.653,16.94,0.56,2.25,0
35.663,16.94,0.56,2.25,0
35.673,16.94,0.56,2.25,0
35.683,16.94,0.56,2.26,0
35.693,16.94,0.56,2.26,0
35.703,16.94,0.56,2.26,0
35.713,16.94,0.56,2.28,0
35.723,16.94,0.56,2.28,0
35.733,16.94,0.56,2.28,0
35.743,16.76,0.56,2.3,0
35.753,16.94,0.56,2.3,0
35.763,16.94,0.56,2.3,0
35.773,16.94,0.56,2.31,0
35.784,16.94,0.56,2.31,0
35.794,16.94,0.56,2.31,0
35.804,16.94,0.56,2.33,0
35.814,16.76,0.56,2.33,0
35.824,16.94,0.56,2.33,0
35.834,16.76,0.56,2.35,0
35.844,16.76,0.56,2.35,0
35.854,16.94,0.56,2.35,0
35.864,16.76,0.56,2.36,0
35.874,16.94,0.56,2.36,0
35.884,16.76,0.56,2.36,0
35.894,16.76,0.74,2.38,0
35.904,16.94,0.74,2.38,0
35.914,16.94,0.74,2.38,0
35.924,16.94,0.56,2.4,0
35.934,16.94,0.56,2.4,0
35.944,16.94,0.56,2.4,0
35.955,16.94,0.56,2.42,0
35.965,16.94,0.56,2.42,0
35.975,16.94,0.56,2.42,0
35.985,16.94,0.56,2.44,0
35.995,16.94,0.56,2.44,0
36.005,16.94,0.56,2.44,0
36.015,16.94,0.56,2.45,0
36.025,16.94,0.56,2.45,0
36.035,16.94,0.56,2.45,0
36.045,16.94,0.56,2.47,0
36.055,16.94,0.56,2.47,0
36.065,16.94,0.56,2.47,0
36.075,16.94,0.56,2.49,0
36.085,16.94,0.56,2.49,0
36.095,16.94,0.56,2.49,0
36.105,16.94,0.56,2.51,0
36.115,16.76,0.56,2.51,0
36.125,16.94,0.56,2.51,0
36.135,16.94,0.56,2.52,0
36.145,16.76,0.56,2.52,0
36.155,16.94,0.56,2.52,0
36.165,16.76,0.56,2.54,0
36.175,16.94,0.56,2.54,0
36.185,16.94,0.56,2.54,0
36.195,16.94,0.56,2.56,0
36.205,16.94,0.56,2.56,0
36.215,16.76,0.56,2.56,0
36.225,16.94,0.74,2.58,0
36.235,16.94,0.74,2.58,0
36.245,16.94,0.74,2.58,0
36.255,16.94,0.56,2.59,0
36.265,16.94,0.56,2.59,0
36.275,16.94,0.56,2.59,0
36.285,16.94,0.56,2.61,0
36.296,16.94,0.56,2.61,0
36.306,16.94,0.56,2.61,0
36.316,16.94,0.56,2.63,0
36.326,16.94,0.56,2.63,0
36.336,16.94,0.56,2.63,0
36.346,16.94,0.56,2.65,0
36.356,16.94,0.56,2.65,0
36.366,16.94,0.56,2.65,0
36.376,16.94,0.56,2.66,0
36.386,17.12,0.56,2.66,0
36.396,16.94,0.56,2.66,0
36.406,16.94,0.56,2.68,0
36.416,16.94,0.56,2.68,0
36.426,16.94,0.56,2.68,0
36.436,16.94,0.56,2.7,0
36.446,16.94,0.56,2.7,0
36.456,16.94,0.56,2.7,0
36.467,16.94,0.56,2.71,0
36.477,16.94,0.56,2.71,0
36.487,16.94,0.56,2.73,0
36.497,16.94,0.56,2.73,0
36.507,16.94,0.56,2.73,0
36.517,16.94,0.56,2.75,0
36.527,16.94,0.56,2.75,0
36.537,16.94,0.56,2.75,0
36.547,16.94,0.56,2.76,0
36.557,16.94,0.56,2.76,0
36.567,16.94,0.56,2.76,0
36.577,16.94,0.56,2.78,0
36.587,16.94,0.56,2.78,0
36.597,16.94,0.56,2.78,0
36.607,16.94,0.56,2.8,0
36.617,16.94,0.56,2.8,0
36.627,16.94,0.56,2.8,0
36.637,16.94,0.56,2.81,0
36.647,16.94,0.56,2.81,0
36.657,16.94,0.56,2.81,0
36.667,16.94,0.56,2.81,0
36.677,16.94,0.56,2.83,0
36.687,16.94,0.56,2.83,0
36.697,16.94,0.56,2.83,0
36.707,16.94,0.56,2.85,0
36.717,16.94,0.56,2.85,0
36.727,16.94,0.56,2.85,0
36.737,16.76,0.56,2.86,0
36.747,16.94,0.56,2.86,0
36.757,16.94,0.56,2.86,0
36.767,16.94,0.56,2.88,0
36.777,16.76,0.56,2.88,0
36.787,16.94,0.56,2.88,0
36.797,16.94,0.56,2.9,0
36.808,16.76,0.56,2.9,0
36.818,16.76,0.56,2.9,0
36.828,16.94,0.74,2.92,0
36.838,16.94,0.74,2.92,0
36.848,16.94,0.74,2.92,0
36.858,16.94,0.56,2.94,0
36.868,17.12,0.56,2.94,0
36.878,16.94,0.56,2.94,0
36.888,16.94,0.56,2.95,0
36.898,16.94,0.56,2.95,0
36.908,16.94,0.56,2.95,0
36.918,16.94,0.56,2.97,0
36.928,16.94,0.56,2.97,0
36.938,16.94,0.56,2.97,0
36.948,16.94,0.56,2.99,0
36.958,16.94,0.56,2.99,0
36.968,16.94,0.56,2.99,0
36.979,16.94,0.56,3,0
36.989,16.94,0.56,3,0
36.999,16.94,0.56,3.02,0
37.009,16.94,0.56,3.02,0
37.019,16.94,0.56,3.02,0
37.029,16.94,0.56,3.02,0
37.039,16.94,0.56,3.04,0
37.049,16.94,0.56,3.04,0
37.059,16.94,0.56,3.04,0
37.069,16.94,0.56,3.06,0
37.079,16.94,0.56,3.06,0
37.089,16.94,0.56,3.06,0
37.099,16.94,0.56,3.07,0
37.109,16.94,0.56,3.07,0
37.119,16.94,0.56,3.07,0
37.129,16.76,0.56,3.09,0
37.139,16.94,0.56,3.09,0
37.149,16.94,0.56,3.09,0
37.159,16.94,0.56,3.11,0
37.169,16.94,0.56,3.11,0
37.179,16.94,0.56,3.11,0
37.189,16.94,0.56,3.12,0
37.199,16.94,0.56,3.12,0
37.209,16.94,0.56,3.12,0
37.219,16.94,0.56,3.14,0
37.229,16.94,0.56,3.14,0
37.239,16.94,0.56,3.14,0
37.249,16.94,0.56,3.16,0
37.259,16.94,0.56,3.16,0
37.269,16.94,0.56,3.16,0
37.279,16.94,0.56,3.17,0
37.289,16.94,0.56,3.17,0
37.299,16.76,0.56,3.17,0
37.309,16.76,0.74,3.19,0
37.32,16.94,0.74,3.19,0
37.33,16.94,0.74,3.19,0
37.34,16.94,0.56,3.21,0
37.35,17.12,0.56,3.21,0
37.36,16.94,0.56,3.21,0
37.37,16.94,0.56,3.23,0
37.38,16.94,0.56,3.23,0
37.39,16.94,0.56,3.23,0
37.4,16.94,0.56,3.25,0
37.41,16.94,0.56,3.25,0
37.42,16.94,0.56,3.25,0
37.43,16.94,0.56,3.26,0
37.44,16.94,0.56,3.26,0
37.45,16.94,0.56,3.26,0
37.46,16.94,0.56,3.28,0
37.47,16.94,0.56,3.28,0
37.48,16.94,0.56,3.28,0
37.491,16.94,0.56,3.3,0
37.501,16.94,0.56,3.3,0
37.511,16.94,0.56,3.3,0
37.521,16.94,0.56,3.31,0
37.531,16.94,0.56,3.31,0
37.541,16.94,0.56,3.31,0
37.551,16.94,0.56,3.33,0
37.561,16.94,0.56,3.33,0
37.571,16.94,0.56,3.33,0
37.581,16.94,0.56,3.35,0
37.591,16.94,0.56,3.35,0
37.601,16.94,0.56,3.35,0
37.611,16.94,0.56,3.36,0
37.621,16.94,0.56,3.36,0
37.631,16.94,0.56,3.36,0
37.641,16.94,0.56,3.38,0
37.651,16.94,0.56,3.38,0
37.661,16.94,0.56,3.38,0
37.671,16.94,0.56,3.4,0
37.681,16.94,0.56,3.4,0
37.691,16.94,0.56,3.4,0
37.701,16.94,0.56,3.42,0
37.711,16.94,0.56,3.42,0
37.721,16.94,0.56,3.42,0
37.731,16.94,0.56,3.43,0
37.741,16.94,0.56,3.43,0
37.751,16.94,0.56,3.43,0
37.761,16.94,0.56,3.45,0
37.771,16.94,0.56,3.45,0
37.781,16.94,0.56,3.45,0
37.791,16.94,0.56,3.47,0
37.801,16.94,0.56,3.47,0
37.811,16.94,0.56,3.47,0
37.821,16.94,0.56,3.48,0
37.832,16.94,0.56,3.48,0
37.842,16.94,0.56,3.48,0
37.852,16.94,0.56,3.5,0
37.862,16.94,0.56,3.5,0
37.872,16.94,0.56,3.5,0
37.882,16.94,0.56,3.52,0
37.892,16.76,0.56,3.52,0
37.902,16.94,0.56,3.52,0
37.912,16.94,0.56,3.53,0
37.922,16.94,0.56,3.53,0
37.932,16.76,0.56,3.53,0
37.942,16.76,0.74,3.55,0
37.952,16.94,0.74,3.55,0
37.962,16.94,0.74,3.55,0
37.972,16.94,0.56,3.57,0
37.982,16.94,0.56,3.57,0
37.992,16.94,0.56,3.57,0
38.003,16.94,0.56,3.59,0
38.013,16.94,0.56,3.59,0
38.023,16.94,0.56,3.61,0
38.033,16.94,0.56,3.61,0
38.043,16.94,0.56,3.61,0
38.053,16.94,0.56,3.62,0
38.063,16.94,0.56,3.62,0
38.073,16.94,0.56,3.62,0
38.083,16.94,0.56,3.62,0
38.093,16.94,0.56,3.64,0
38.103,16.94,0.56,3.64,0
38.113,16.94,0.56,3.64,0
38.123,16.94,0.56,3.66,0
38.133,16.94,0.56,3.66,0
38.143,16.94,0.56,3.66,0
38.153,16.94,0.56,3.67,0
38.163,16.94,0.56,3.67,0
38.173,16.94,0.56,3.67,0
38.183,16.94,0.56,3.69,0
38.193,16.94,0.56,3.69,0
38.203,16.94,0.56,3.69,0
38.213,16.94,0.56,3.71,0
38.223,16.94,0.56,3.71,0
38.233,16.94,0.56,3.71,0
38.243,16.94,0.56,3.72,0
38.253,16.94,0.56,3.72,0
38.263,16.94,0.56,3.72,0
38.273,16.94,0.56,3.74,0
38.283,16.94,0.56,3.74,0
38.293,16.94,0.56,3.74,0
38.303,16.94,0.56,3.76,0
38.313,16.94,0.56,3.76,0
38.323,16.94,0.56,3.76,0
38.333,16.94,0.56,3.77,0
38.344,16.94,0.56,3.77,0
38.354,16.94,0.56,3.77,0
38.364,16.94,0.56,3.79,0
38.374,16.94,0.56,3.79,0
38.384,16.94,0.56,3.79,0
38.394,16.94,0.56,3.81,0
38.404,16.94,0.56,3.81,0
38.414,16.94,0.56,3.81,0
38.424,16.94,0.56,3.83,0
38.434,16.76,0.56,3.83,0
38.444,16.94,0.56,3.83,0
38.454,16.94,0.56,3.84,0
38.464,16.94,0.56,3.84,0
38.474,16.76,0.56,3.84,0
38.484,16.76,0.74,3.86,0
38.494,16.76,0.74,3.86,0
38.504,16.94,0.74,3.86,0
38.515,16.94,0.56,3.88,0
38.525,16.94,0.56,3.88,0
38.535,16.94,0.56,3.88,0
38.545,16.94,0.56,3.9,0
38.555,16.94,0.56,3.9,0
38.565,16.94,0.56,3.9,0
38.575,16.94,0.56,3.92,0
38.585,16.94,0.56,3.92,0
38.595,16.94,0.56,3.92,0
38.605,16.94,0.56,3.93,0
38.615,16.94,0.56,3.93,0
38.625,16.94,0.56,3.93,0
38.635,16.94,0.56,3.95,0
38.645,16.94,0.56,3.95,0
38.655,16.94,0.56,3.95,0
38.665,16.94,0.56,3.97,0
38.675,16.94,0.56,3.97,0
38.685,16.94,0.56,3.97,0
38.695,16.94,0.56,3.98,0
38.705,16.94,0.56,3.98,0
38.715,16.94,0.56,3.98,0
38.725,16.94,0.56,4,0
38.735,16.94,0.56,4,0
38.745,16.94,0.56,4,0
38.755,16.94,0.56,4.02,0
38.765,16.94,0.56,4.02,0
38.775,16.94,0.56,4.02,0
38.785,16.94,0.56,4.03,0
38.795,16.94,0.56,4.03,0
38.805,16.94,0.56,4.03,0
38.815,16.94,0.56,4.05,0
38.825,16.94,0.56,4.05,0
38.835,16.94,0.56,4.05,0
38.845,16.94,0.56,4.07,0
38.856,16.94,0.56,4.07,0
38.866,16.94,0.56,4.08,0
38.876,16.94,0.56,4.08,0
38.886,16.94,0.56,4.08,0
38.896,16.94,0.56,4.08,0
38.906,16.94,0.56,4.1,0
38.916,16.94,0.56,4.1,0
38.926,16.94,0.56,4.1,0
38.936,16.94,0.56,4.12,0
38.946,16.94,0.56,4.12,0
38.956,16.94,0.56,4.12,0
38.966,16.94,0.56,4.13,0
38.976,16.76,0.56,4.13,0
38.986,16.94,0.56,4.13,0
38.996,16.94,0.56,4.15,0
39.006,16.94,0.56,4.15,0
39.016,16.76,0.56,4.15,0
39.027,16.94,0.74,4.17,0
39.037,16.76,0.74,4.17,0
39.047,16.94,0.74,4.19,0
39.057,16.94,0.74,4.19,0
39.067,17.12,0.74,4.19,0
39.077,17.12,0.38,4.21,0
39.087,17.31,0.38,4.21,0
39.097,17.12,0.38,4.21,0
39.107,17.12,0.38,4.22,0
39.117,17.12,0.38,4.22,0
39.127,17.12,0.38,4.22,0
39.137,17.12,0.38,4.23,0
39.147,17.12,0.38,4.23,0
39.157,17.12,0.38,4.23,0
39.167,17.12,0.38,4.24,0
39.177,17.12,0.38,4.24,0
39.187,17.12,0.38,4.24,0
39.197,17.12,0.38,4.25,0
39.207,17.12,0.38,4.25,0
39.217,17.12,0.38,4.25,0
39.227,17.12,0.38,4.25,0
39.237,17.12,0.38,4.27,0
39.247,17.12,0.38,4.27,0
39.257,17.12,0.38,4.27,0
39.267,17.12,0.38,4.28,0
39.277,17.12,0.38,4.28,0
39.287,17.12,0.38,4.28,0
39.297,17.12,0.38,4.29,0
39.307,17.12,0.38,4.29,0
39.317,17.12,0.38,4.29,0
39.327,17.12,0.38,4.3,0
39.337,17.12,0.38,4.3,0
39.347,17.12,0.38,4.3,0
39.357,17.12,0.38,4.31,0
39.368,16.94,0.38,4.31,0
39.378,16.94,0.56,4.33,0
39.388,16.94,0.56,4.33,0
39.398,16.94,0.56,4.33,0
39.408,16.94,0.56,4.34,0
39.418,16.94,0.56,4.34,0
39.428,16.94,0.56,4.34,0
39.438,16.94,0.56,4.36,0
39.448,16.94,0.56,4.36,0
39.458,16.94,0.56,4.36,0
39.468,16.94,0.56,4.38,0
39.478,16.94,0.56,4.38,0
39.488,16.94,0.56,4.38,0
39.498,16.94,0.56,4.39,0
39.508,16.94,0.56,4.39,0
39.518,16.94,0.56,4.39,0
39.528,16.94,0.56,4.39,0
39.539,16.94,0.56,4.41,0
39.549,16.94,0.56,4.41,0
39.559,16.94,0.56,4.43,0
39.569,16.94,0.56,4.43,0
39.579,16.94,0.56,4.43,0
39.589,16.94,0.56,4.44,0
39.599,16.94,0.56,4.44,0
39.609,16.94,0.56,4.44,0
39.619,16.94,0.56,4.44,0
39.629,16.94,0.56,4.46,0
39.639,16.94,0.56,4.46,0
39.649,16.94,0.56,4.46,0
39.659,16.94,0.56,4.48,0
39.669,16.94,0.56,4.48,0
39.679,16.94,0.56,4.48,0
39.689,16.94,0.56,4.49,0
39.699,16.94,0.56,4.49,0
39.709,16.94,0.56,4.49,0
39.719,16.94,0.56,4.51,0
39.729,16.94,0.56,4.51,0
39.739,16.94,0.56,4.51,0
39.749,16.94,0.56,4.53,0
39.759,16.94,0.56,4.53,0
39.769,16.94,0.56,4.53,0
39.779,16.94,0.56,4.54,0
39.789,16.94,0.56,4.54,0
39.799,16.94,0.56,4.54,0
39.809,16.94,0.56,4.56,0
39.819,16.76,0.56,4.56,0
39.829,16.94,0.56,4.56,0
39.839,16.94,0.56,4.58,0
39.849,16.94,0.56,4.58,0
39.859,16.94,0.56,4.58,0
39.869,16.94,0.56,4.59,0
39.88,16.76,0.56,4.59,0
39.89,16.76,0.74,4.61,0
39.9,16.94,0.74,4.61,0
39.91,16.94,0.74,4.61,0
39.92,16.76,0.74,4.61,0
39.93,16.94,0.74,4.64,0
39.94,17.12,0.74,4.64,0
39.95,17.12,0.74,4.64,0
39.96,17.12,0.38,4.65,0
39.97,17.31,0.38,4.65,0
39.98,17.12,0.38,4.65,0
39.99,17.12,0.38,4.67,0
40,17.12,0.38,4.67,0
40.01,17.12,0.38,4.67,0
40.02,17.12,0.38,4.68,0
40.03,17.12,0.38,4.68,0
40.04,17.12,0.38,4.68,0
40.051,17.12,0.38,4.69,0
40.061,17.12,0.38,4.69,0
40.071,17.12,0.38,4.69,0
40.081,17.12,0.38,4.7,0
40.091,17.12,0.38,4.7,0
40.101,17.12,0.38,4.7,0
40.111,17.12,0.38,4.71,0
40.121,17.12,0.38,4.71,0
40.131,17.12,0.38,4.71,0
40.141,17.12,0.38,4.72,0
40.151,17.12,0.38,4.72,0
40.161,17.12,0.38,4.72,0
40.171,17.12,0.38,4.73,0
40.181,16.94,0.38,4.73,0
40.191,17.12,0.38,4.73,0
40.201,16.94,0.38,4.74,0
40.211,17.12,0.38,4.74,0
40.221,17.12,0.38,4.74,0
40.231,16.94,0.38,4.76,0
40.241,16.94,0.38,4.76,0
40.251,16.94,0.38,4.76,0
40.261,16.94,0.56,4.77,0
40.271,16.94,0.56,4.77,0
40.281,16.94,0.56,4.77,0
40.291,16.94,0.56,4.79,0
40.301,16.94,0.56,4.79,0
40.311,16.94,0.56,4.79,0
40.321,16.94,0.56,4.8,0
40.331,16.94,0.56,4.8,0
40.341,16.94,0.56,4.8,0
40.351,16.94,0.56,4.82,0
40.361,16.94,0.56,4.82,0
40.371,16.94,0.56,4.82,0
40.381,16.94,0.56,4.84,0
40.392,16.94,0.56,4.84,0
40.402,16.94,0.56,4.84,0
40.412,16.94,0.56,4.85,0
40.422,16.94,0.56,4.85,0
40.432,16.94,0.56,4.85,0
40.442,16.94,0.56,4.87,0
40.452,16.94,0.56,4.87,0
40.462,16.94,0.56,4.87,0
40.472,16.94,0.56,4.89,0
40.482,16.94,0.56,4.89,0
40.492,16.94,0.56,4.89,0
40.502,16.94,0.56,4.91,0
40.512,16.94,0.56,4.91,0
40.522,16.94,0.56,4.91,0
40.532,16.94,0.56,4.92,0
40.542,16.94,0.56,4.92,0
40.552,16.94,0.56,4.92,0
40.563,16.94,0.56,4.94,0
40.573,16.94,0.56,4.94,0
40.583,16.94,0.56,4.96,0
40.593,16.94,0.56,4.96,0
40.603,16.94,0.56,4.96,0
40.613,16.94,0.56,4.96,0
40.623,16.94,-16.94,4.7,0
40.633,16.94,-16.94,4.7,0
40.643,16.76,-16.94,4.7,0
40.653,16.02,-16.76,4.2,0
40.663,15.47,-16.76,4.2,0
40.673,14.19,-16.76,4.2,0
40.683,11.81,-14.19,3.73,0
40.693,10.53,-14.19,3.73,0
40.703,9.24,-14.19,3.73,0
40.713,7.96,-9.24,3.38,0
40.723,6.86,-9.24,3.38,0
40.733,5.76,-9.24,3.38,0
40.743,4.84,-5.76,3.16,0
40.753,3.74,-5.76,3.16,0
40.763,3.01,-5.76,3.16,0
40.773,2.28,-3.01,3.02,0
40.783,1.73,-3.01,3.02,0
40.793,1.18,-3.01,3.02,0
40.803,0.81,-1.18,2.96,0
40.813,0.44,-1.18,2.96,0
40.823,0.26,-1.18,2.96,0
40.833,0.08,-0.26,2.94,0
40.843,-0.1,-0.26,2.94,0
40.853,-0.1,-0.26,2.94,0
40.863,-0.1,0.1,2.94,0
40.873,-0.1,0.1,2.94,0
40.883,-0.1,0.1,2.94,0
40.893,-0.1,0.1,2.94,0
40.904,0.08,0.1,2.94,0
40.914,0.08,0.1,2.94,0
40.924,0.08,-0.08,2.94,0
40.934,0.08,-0.08,2.94,0
40.944,0.08,-0.08,2.94,0
40.954,0.08,-0.08,2.94,0
40.964,0.08,-0.08,2.94,0
40.974,0.26,-0.08,2.94,0
40.984,0.26,-0.26,2.93,0
40.994,0.26,-0.26,2.93,0
41.004,0.26,-0.26,2.93,0
41.014,0.26,-0.26,2.93,0
41.024,0.26,-0.26,2.93,0
41.034,0.26,-0.26,2.93,0
41.044,0.26,-0.26,2.92,0
41.054,0.26,-0.26,2.92,0
41.064,0.26,-0.26,2.92,0
41.075,0.26,-0.26,2.91,0
41.085,0.26,-0.26,2.91,0
41.095,0.26,-0.26,2.91,0
41.105,0.26,-0.26,2.9,0
41.115,0.26,-0.26,2.9,0
41.125,0.26,-0.26,2.9,0
41.135,0.26,-0.26,2.89,0
41.145,0.26,-0.26,2.89,0
41.155,0.26,-0.26,2.89,0
41.165,0.26,-0.26,2.89,0
41.175,0.26,-0.26,2.89,0
41.185,0.26,-0.26,2.89,0
41.195,0.44,-0.26,2.88,0
41.205,0.44,-0.26,2.88,0
41.215,0.26,-0.26,2.88,0
41.225,0.26,-0.26,2.87,0
41.235,0.26,-0.26,2.87,0
41.245,0.26,-0.26,2.87,0
41.255,0.26,-0.26,2.86,0
41.265,0.26,-0.26,2.86,0
41.275,0.26,-0.26,2.86,0
41.285,0.26,-0.26,2.85,0
41.295,0.26,-0.26,2.85,0
41.305,0.26,-0.26,2.85,0
41.315,0.26,-0.26,2.85,0
41.325,0.26,-0.26,2.85,0
41.335,0.26,-0.26,2.85,0
41.345,0.26,-0.26,2.84,0
41.355,0.26,-0.26,2.84,0
41.365,0.26,-0.26,2.84,0
41.375,0.44,-0.26,2.83,0
41.385,0.26,-0.26,2.83,0
41.395,0.44,-0.26,2.83,0
41.405,0.26,-0.44,2.82,0
41.416,0.44,-0.44,2.82,0
41.426,0.26,-0.44,2.81,0
41.436,0.26,-0.44,2.81,0
41.446,0.26,-0.44,2.81,0
41.456,0.26,-0.26,2.8,0
41.466,0.26,-0.26,2.8,0
41.476,0.44,-0.26,2.8,0
41.486,0.26,-0.44,2.79,0
41.496,0.26,-0.44,2.79,0
41.506,0.26,-0.44,2.79,0
41.516,0.26,-0.44,2.79,0
41.526,0.26,-0.26,2.77,0
41.536,0.26,-0.26,2.77,0
41.546,0.26,-0.26,2.77,0
41.556,0.26,-0.26,2.77,0
41.566,0.44,-0.26,2.77,0
41.576,0.44,-0.26,2.77,0
41.587,0.44,-0.44,2.76,0
41.597,0.44,-0.44,2.76,0
41.607,0.44,-0.44,2.74,0
41.617,0.44,-0.44,2.74,0
41.627,0.44,-0.44,2.74,0
41.637,0.26,-0.44,2.73,0
41.647,0.26,-0.44,2.73,0
41.657,0.26,-0.44,2.73,0
41.667,0.26,-0.26,2.72,0
41.677,0.26,-0.26,2.72,0
41.687,0.26,-0.26,2.72,0
41.697,0.26,-0.26,2.72,0
41.707,0.26,-0.26,2.71,0
41.717,0.26,-0.26,2.71,0
41.727,0.26,-0.26,2.71,0
41.737,0.26,-0.26,2.7,0
41.747,0.26,-0.26,2.7,0
41.757,0.44,-0.26,2.7,0
41.767,0.44,-0.44,2.69,0
41.777,0.44,-0.44,2.69,0
41.787,0.26,-0.44,2.69,0
41.797,0.44,-0.26,2.68,0
41.807,0.44,-0.26,2.68,0
41.817,0.44,-0.26,2.68,0
41.827,0.44,-0.44,2.67,0
41.837,0.44,-0.44,2.67,0
41.847,0.26,-0.44,2.67,0
41.857,0.26,-0.26,2.66,0
41.867,0.26,-0.26,2.66,0
41.877,0.26,-0.26,2.66,0
41.887,0.26,-0.26,2.65,0
41.897,0.26,-0.26,2.65,0
41.907,0.26,-0.26,2.65,0
41.917,0.26,-0.26,2.64,0
41.928,0.26,-0.26,2.64,0
41.938,0.26,-0.26,2.64,0
41.948,0.44,-0.26,2.64,0
41.958,0.26,-0.26,2.64,0
41.968,0.44,-0.26,2.64,0
41.978,0.26,-0.44,2.63,0
41.988,0.26,-0.44,2.63,0
41.998,0.44,-0.44,2.63,0
42.008,0.44,-0.44,2.61,0
42.018,0.44,-0.44,2.61,0
42.028,0.26,-0.44,2.61,0
42.038,0.26,-0.26,2.6,0
42.048,0.44,-0.26,2.6,0
42.058,0.26,-0.26,2.6,0
42.068,0.26,-0.26,2.59,0
42.078,0.26,-0.26,2.59,0
42.088,0.26,-0.26,2.59,0
42.099,0.26,-0.26,2.59,0
42.109,0.26,-0.26,2.59,0
42.119,0.26,-0.26,2.58,0
