Settings:,,
Use KPA,0,
KP,0.75,
KI,0,
KD,0,
Traj Follow Error Pressure Threshold,4.35,
Traj Follow Error Time Threshold,1500,
Filter alpha,0,
Sensor offset,-0.05,
Pressure Read Delay,10,
Interpolation Calculation Delay,30,
Controller Delay,30,
"Traj times","0.00, 1000.00, 1050.00, 8500.00, 8500.00, 16000.00, ",""
"Traj pressures","0.00, 0.00, 17.50, 17.50, 0.00, 0.00, ",""
time,pressure,error,integral,cycle_start
0,-0.1,0,0,0
0.01,-0.1,0.1,0.57,0
0.02,-0.1,0.1,0.57,0
0.03,-0.1,0.1,0.57,0
0.04,-0.1,0.1,0.58,0
0.05,-0.1,0.1,0.58,0
0.06,-0.1,0.1,0.58,0
0.07,-0.1,0.1,0.58,0
0.08,-0.1,0.1,0.58,0
0.09,-0.1,0.1,0.58,0
0.1,-0.1,0.1,0.58,0
0.11,-0.1,0.1,0.58,0
0.12,-0.1,0.1,0.58,0
0.13,-0.1,0.1,0.59,0
0.14,-0.1,0.1,0.59,0
0.15,-0.1,0.1,0.59,0
0.16,-0.1,0.1,0.59,0
0.17,-0.1,0.1,0.59,0
0.18,-0.1,0.1,0.59,0
0.19,-0.1,0.1,0.59,0
0.2,-0.1,0.1,0.59,0
0.21,-0.1,0.1,0.59,0
0.22,-0.1,0.1,0.6,0
0.23,-0.1,0.1,0.6,0
0.24,-0.1,0.1,0.6,0
0.25,-0.1,0.1,0.6,0
0.26,-0.1,0.1,0.6,0
0.27,-0.1,0.1,0.6,0
0.28,-0.1,0.1,0.6,0
0.29,-0.1,0.1,0.6,0
0.3,-0.1,0.1,0.6,0
0.31,-0.1,0.1,0.6,0
0.32,-0.1,0.1,0.6,0
0.33,-0.1,0.1,0.6,0
0.34,-0.1,0.1,0.61,0
0.35,-0.1,0.1,0.61,0
0.36,-0.1,0.1,0.61,0
0.37,-0.1,0.1,0.61,0
0.38,-0.1,0.1,0.61,0
0.39,-0.1,0.1,0.61,0
0.4,-0.1,0.1,0.61,0
0.41,-0.1,0.1,0.61,0
0.42,-0.1,0.1,0.61,0
0.43,-0.1,0.1,0.62,0
0.44,-0.1,0.1,0.62,0
0.45,-0.1,0.1,0.62,0
0.46,-0.1,0.1,0.62,0
0.47,-0.1,0.1,0.62,0
0.48,-0.1,0.1,0.62,0
0.49,-0.1,0.1,0.62,0
0.5,-0.1,0.1,0.62,0
0.51,-0.1,0.1,0.62,0
0.521,-0.1,0.1,0.63,0
0.531,-0.1,0.1,0.63,0
0.541,-0.1,0.1,0.63,0
0.551,-0.1,0.1,0.63,0
0.561,-0.1,0.1,0.63,0
0.571,-0.1,0.1,0.63,0
0.581,-0.1,0.1,0.63,0
0.591,-0.1,0.1,0.63,0
0.601,-0.29,0.1,0.63,0
0.611,-0.29,0.29,0.64,0
0.621,-0.1,0.29,0.64,0
0.631,-0.1,0.29,0.64,0
0.641,-0.1,0.1,0.64,0
0.651,-0.1,0.1,0.64,0
0.661,-0.1,0.1,0.64,0
0.671,-0.1,0.1,0.65,0
0.681,-0.1,0.1,0.65,0
0.692,-0.1,0.1,0.65,0
0.702,-0.1,0.1,0.65,0
0.712,-0.1,0.1,0.65,0
0.722,-0.1,0.1,0.65,0
0.732,-0.1,0.1,0.65,0
0.742,-0.1,0.1,0.65,0
0.752,-0.1,0.1,0.65,0
0.762,-0.1,0.1,0.66,0
0.772,-0.1,0.1,0.66,0
0.782,-0.1,0.1,0.66,0
0.792,-0.1,0.1,0.66,0
0.802,-0.1,0.1,0.66,0
0.812,-0.1,0.1,0.66,0
0.822,-0.1,0.1,0.66,0
0.832,-0.1,0.1,0.66,0
0.842,-0.1,0.1,0.66,0
0.852,-0.1,0.1,0.67,0
0.862,-0.1,0.1,0.67,0
0.872,-0.1,0.1,0.67,0
0.882,-0.1,0.1,0.67,0
0.892,-0.1,0.1,0.67,0
0.902,-0.1,0.1,0.67,0
0.912,-0.1,0.1,0.67,0
0.922,-0.1,0.1,0.67,0
0.932,-0.1,0.1,0.67,0
0.942,-0.1,0.1,0.68,0
0.952,-0.1,0.1,0.68,0
0.962,-0.1,0.1,0.68,0
0.972,-0.1,0.1,0.68,0
0.982,-0.1,0.1,0.68,0
0.992,-0.1,0.1,0.68,0
1.002,-0.1,0.1,0.68,0
1.012,-0.1,0.1,0.68,0
1.022,-0.1,0.1,0.68,0
1.033,-0.1,7.1,0.79,0
1.043,-0.1,7.1,0.79,0
1.053,-0.1,7.1,0.79,0
1.063,-0.1,17.6,1.17,0
1.073,-0.1,17.6,1.17,0
1.083,-0.1,17.6,1.17,0
1.093,-0.1,17.6,1.7,0
1.103,-0.1,17.6,1.7,0
1.113,-0.1,17.6,1.7,0
1.123,-0.1,17.6,2.23,0
1.133,-0.1,17.6,2.23,0
1.143,-0.1,17.6,2.23,0
1.153,-0.1,17.6,2.76,0
1.163,-0.1,17.6,2.76,0
1.173,-0.1,17.6,2.76,0
1.183,-0.1,17.6,3.29,0
1.193,3.01,17.6,3.29,0
1.204,4.84,17.6,3.29,0
1.214,6.86,12.66,3.76,0
1.224,8.69,12.66,3.76,0
1.234,10.34,12.66,3.76,0
1.244,11.44,7.16,4.05,0
1.254,12.36,7.16,4.05,0
1.264,13.46,7.16,4.05,0
1.274,14.37,4.04,4.22,0
1.284,15.11,4.04,4.22,0
1.294,15.66,4.04,4.22,0
1.304,16.39,1.84,4.31,0
1.314,16.94,1.84,4.31,0
1.324,17.49,1.84,4.31,0
1.334,17.86,0.01,4.34,0
1.344,18.41,0.01,4.34,0
1.354,18.59,0.01,4.34,0
1.364,18.77,-1.09,4.32,0
1.374,18.77,-1.09,4.32,0
1.384,18.59,-1.09,4.32,0
1.394,18.22,-1.09,4.29,0
1.404,17.31,-1.09,4.29,0
1.414,16.39,-1.09,4.29,0
1.424,15.84,1.11,4.29,0
1.434,16.02,1.11,4.29,0
1.444,16.39,1.11,4.29,0
1.454,16.57,1.11,4.32,0
1.464,16.57,1.11,4.32,0
1.474,16.94,1.11,4.32,0
1.484,17.12,0.56,4.35,0
1.494,17.31,0.56,4.35,0
1.504,17.31,0.56,4.35,0
1.514,17.12,0.19,4.36,0
1.524,17.12,0.19,4.36,0
1.534,17.12,0.19,4.36,0
1.545,17.12,0.38,4.37,0
1.555,17.12,0.38,4.37,0
1.565,17.12,0.38,4.37,0
1.575,16.94,0.38,4.38,0
1.585,16.94,0.38,4.38,0
1.595,16.94,0.38,4.38,0
1.605,16.76,0.56,4.39,0
1.615,16.94,0.56,4.39,0
1.625,16.94,0.56,4.39,0
1.635,16.94,0.56,4.41,0
1.645,16.94,0.56,4.41,0
1.655,16.94,0.56,4.41,0
1.665,16.94,0.56,4.43,0
1.675,16.94,0.56,4.43,0
1.685,16.94,0.56,4.43,0
1.695,16.94,0.56,4.44,0
1.705,16.76,0.56,4.44,0
1.716,16.76,0.74,4.46,0
1.726,16.76,0.74,4.46,0
1.736,16.76,0.74,4.46,0
1.746,16.76,0.74,4.48,0
1.756,16.76,0.74,4.48,0
1.766,16.76,0.74,4.48,0
1.776,16.76,0.74,4.48,0
1.786,16.76,0.74,4.51,0
1.796,16.76,0.74,4.51,0
1.806,16.76,0.74,4.51,0
1.816,16.76,0.74,4.53,0
1.826,16.76,0.74,4.53,0
1.836,16.76,0.74,4.53,0
1.846,16.76,0.74,4.55,0
1.856,16.76,0.74,4.55,0
1.866,16.57,0.74,4.55,0
1.876,16.57,0.93,4.58,0
1.886,16.57,0.93,4.58,0
1.896,16.76,0.93,4.58,0
1.906,16.57,0.74,4.6,0
1.916,16.76,0.74,4.6,0
1.926,16.76,0.74,4.6,0
1.936,16.76,0.74,4.62,0
1.946,16.76,0.74,4.62,0
1.956,16.76,0.74,4.62,0
1.966,16.76,0.74,4.65,0
1.976,16.76,0.74,4.65,0
1.986,16.76,0.74,4.65,0
1.996,16.76,0.74,4.67,0
2.006,16.76,0.74,4.67,0
2.016,16.76,0.74,4.67,0
2.026,16.57,0.74,4.69,0
2.036,16.57,0.74,4.69,0
2.046,16.57,0.74,4.69,0
2.057,16.57,0.93,4.72,0
2.067,16.76,0.93,4.72,0
2.077,16.76,0.74,4.74,0
2.087,16.94,0.74,4.74,0
2.097,16.94,0.74,4.74,0
2.107,16.94,0.74,4.74,0
2.117,16.94,0.56,4.76,0
2.127,16.94,0.56,4.76,0
2.137,16.94,0.56,4.76,0
2.147,16.94,0.56,4.78,0
2.157,16.76,0.56,4.78,0
2.167,16.76,0.56,4.78,0
2.177,16.76,0.74,4.8,0
2.187,16.76,0.74,4.8,0
2.197,16.76,0.74,4.8,0
2.207,16.76,0.74,4.82,0
2.217,16.76,0.74,4.82,0
2.228,16.76,0.74,4.84,0
2.238,16.76,0.74,4.84,0
2.248,16.76,0.74,4.84,0
2.258,16.76,0.74,4.84,0
2.268,16.76,0.74,4.86,0
2.278,16.76,0.74,4.86,0
2.288,16.76,0.74,4.86,0
2.298,16.76,0.74,4.89,0
2.308,16.76,0.74,4.89,0
2.318,16.76,0.74,4.89,0
2.328,16.76,0.74,4.91,0
2.338,16.57,0.74,4.91,0
2.348,16.57,0.74,4.91,0
2.358,16.57,0.93,4.93,0
2.368,16.76,0.93,4.93,0
2.378,16.76,0.93,4.93,0
2.388,16.76,0.74,4.96,0
2.398,16.94,0.74,4.96,0
2.408,16.76,0.74,4.96,0
2.418,16.76,0.74,4.98,0
2.428,16.76,0.74,4.98,0
2.438,16.76,0.74,4.98,0
2.448,16.94,0.74,5,0
2.458,16.76,0.74,5,0
2.468,16.76,0.74,5,0
2.478,16.76,0.74,5.03,0
2.488,16.76,0.74,5.03,0
2.498,16.76,0.74,5.03,0
2.508,16.76,0.74,5.05,0
2.518,16.76,0.74,5.05,0
2.528,16.76,0.74,5.05,0
2.538,16.76,0.74,5.07,0
2.548,16.76,0.74,5.07,0
2.558,16.76,0.74,5.07,0
2.569,16.76,0.74,5.09,0
2.579,16.76,0.74,5.09,0
2.589,16.76,0.74,5.09,0
2.599,16.76,0.74,5.12,0
2.609,16.76,0.74,5.12,0
2.619,16.76,0.74,5.12,0
2.629,16.76,0.74,5.14,0
2.639,16.76,0.74,5.14,0
2.649,16.76,0.74,5.14,0
2.659,16.76,0.74,5.16,0
2.669,16.76,0.74,5.16,0
2.679,16.76,0.74,5.16,0
2.689,16.76,0.74,5.18,0
2.699,16.76,0.74,5.18,0
2.709,16.76,0.74,5.18,0
2.719,16.76,0.74,5.21,0
2.729,16.76,0.74,5.21,0
2.74,16.76,0.74,5.23,0
2.75,16.76,0.74,5.23,0
2.76,16.76,0.74,5.23,0
2.77,16.76,0.74,5.23,0
2.78,16.76,0.74,5.25,0
2.79,16.76,0.74,5.25,0
2.8,16.76,0.74,5.25,0
2.81,16.76,0.74,5.27,0
2.82,16.76,0.74,5.27,0
2.83,16.76,0.74,5.27,0
2.84,16.76,0.74,5.3,0
2.85,16.76,0.74,5.3,0
2.86,16.76,0.74,5.3,0
2.87,16.76,0.74,5.32,0
2.88,16.76,0.74,5.32,0
2.89,16.76,0.74,5.32,0
2.9,16.57,0.74,5.34,0
2.91,16.76,0.74,5.34,0
2.92,16.57,0.74,5.34,0
2.93,16.76,0.93,5.36,0
2.94,16.76,0.93,5.36,0
2.95,16.76,0.93,5.36,0
2.96,16.76,0.74,5.39,0
2.97,16.94,0.74,5.39,0
2.98,16.94,0.74,5.39,0
2.99,16.94,0.56,5.41,0
3,16.94,0.56,5.41,0
3.01,16.94,0.56,5.41,0
3.02,16.94,0.56,5.43,0
3.03,16.94,0.56,5.43,0
3.04,16.76,0.56,5.43,0
3.05,16.94,0.74,5.45,0
3.06,16.76,0.74,5.45,0
3.07,16.76,0.74,5.45,0
3.081,16.76,0.74,5.47,0
3.091,16.76,0.74,5.47,0
3.101,16.76,0.74,5.47,0
3.111,16.76,0.74,5.49,0
3.121,16.76,0.74,5.49,0
3.131,16.76,0.74,5.49,0
3.141,16.76,0.74,5.51,0
3.151,16.76,0.74,5.51,0
3.161,16.76,0.74,5.51,0
3.171,16.76,0.74,5.54,0
3.181,16.76,0.74,5.54,0
3.191,16.76,0.74,5.54,0
3.201,16.76,0.74,5.56,0
3.211,16.76,0.74,5.56,0
3.221,16.76,0.74,5.56,0
3.231,16.76,0.74,5.58,0
3.241,16.76,0.74,5.58,0
3.252,16.76,0.74,5.6,0
3.262,16.76,0.74,5.6,0
3.272,16.76,0.74,5.6,0
3.282,16.76,0.74,5.62,0
3.292,16.76,0.74,5.62,0
3.302,16.76,0.74,5.62,0
3.312,16.76,0.74,5.62,0
3.322,16.76,0.74,5.65,0
3.332,16.76,0.74,5.65,0
3.342,16.76,0.74,5.65,0
3.352,16.76,0.74,5.67,0
3.362,16.76,0.74,5.67,0
3.372,16.76,0.74,5.67,0
3.382,16.76,0.74,5.69,0
3.392,16.76,0.74,5.69,0
3.402,16.76,0.74,5.69,0
3.412,16.76,0.74,5.71,0
3.422,16.76,0.74,5.71,0
3.432,16.76,0.74,5.71,0
3.442,16.76,0.74,5.74,0
3.452,16.57,0.74,5.74,0
3.462,16.76,0.74,5.74,0
3.472,16.76,0.74,5.76,0
3.482,16.57,0.74,5.76,0
3.492,16.76,0.74,5.76,0
3.502,16.76,0.74,5.78,0
3.512,16.57,0.74,5.78,0
3.522,16.76,0.74,5.78,0
3.532,16.76,0.74,5.8,0
3.542,16.76,0.74,5.8,0
3.552,16.57,0.74,5.8,0
3.562,16.57,0.93,5.83,0
3.572,16.76,0.93,5.83,0
3.582,16.76,0.93,5.83,0
3.593,16.76,0.74,5.85,0
3.603,16.76,0.74,5.85,0
3.613,16.76,0.74,5.88,0
3.623,16.76,0.74,5.88,0
3.633,16.76,0.74,5.88,0
3.643,16.76,0.74,5.9,0
3.653,16.76,0.74,5.9,0
3.663,16.76,0.74,5.9,0
3.673,16.76,0.74,5.9,0
3.683,16.76,0.74,5.92,0
3.693,16.76,0.74,5.92,0
3.703,16.76,0.74,5.92,0
3.713,16.76,0.74,5.94,0
3.723,16.76,0.74,5.94,0
3.733,16.76,0.74,5.94,0
3.743,16.76,0.74,5.97,0
3.753,16.76,0.74,5.97,0
3.764,16.76,0.74,5.99,0
3.774,16.76,0.74,5.99,0
3.784,16.76,0.74,5.99,0
3.794,16.76,0.74,5.99,0
3.804,16.76,0.74,6.01,0
3.814,16.76,0.74,6.01,0
3.824,16.76,0.74,6.01,0
3.834,16.76,0.74,6.03,0
3.844,16.76,0.74,6.03,0
3.854,16.76,0.74,6.03,0
3.864,16.76,0.74,6.06,0
3.874,16.76,0.74,6.06,0
3.884,16.76,0.74,6.06,0
3.894,16.76,0.74,6.08,0
3.904,16.76,0.74,6.08,0
3.914,16.76,0.74,6.08,0
3.924,16.76,0.74,6.1,0
3.934,16.76,0.74,6.1,0
3.944,16.76,0.74,6.1,0
3.954,16.76,0.74,6.12,0
3.964,16.76,0.74,6.12,0
3.974,16.76,0.74,6.12,0
3.984,16.76,0.74,6.15,0
3.994,16.76,0.74,6.15,0
4.004,16.76,0.74,6.15,0
4.014,16.76,0.74,6.17,0
4.024,16.76,0.74,6.17,0
4.034,16.76,0.74,6.17,0
4.044,16.76,0.74,6.19,0
4.054,16.76,0.74,6.19,0
4.064,16.76,0.74,6.19,0
4.074,16.76,0.74,6.21,0
4.084,16.76,0.74,6.21,0
4.094,16.57,0.74,6.21,0
4.105,16.76,0.93,6.24,0
4.115,16.76,0.93,6.24,0
4.125,16.76,0.74,6.26,0
4.135,16.76,0.74,6.26,0
4.145,16.94,0.74,6.26,0
4.155,16.76,0.74,6.26,0
4.165,16.76,0.74,6.29,0
4.175,16.76,0.74,6.29,0
4.185,16.76,0.74,6.29,0
4.195,16.76,0.74,6.31,0
4.205,16.76,0.74,6.31,0
4.215,16.76,0.74,6.31,0
4.225,16.76,0.74,6.33,0
4.235,16.76,0.74,6.33,0
4.245,16.76,0.74,6.33,0
4.255,16.76,0.74,6.35,0
4.265,16.76,0.74,6.35,0
4.276,16.76,0.74,6.37,0
4.286,16.76,0.74,6.37,0
4.296,16.76,0.74,6.37,0
4.306,16.76,0.74,6.37,0
4.316,16.76,0.74,6.4,0
4.326,16.76,0.74,6.4,0
4.336,16.76,0.74,6.4,0
4.346,16.76,0.74,6.42,0
4.356,16.76,0.74,6.42,0
4.366,16.76,0.74,6.42,0
4.376,16.76,0.74,6.44,0
4.386,16.76,0.74,6.44,0
4.396,16.76,0.74,6.44,0
4.406,16.76,0.74,6.46,0
4.416,16.76,0.74,6.46,0
4.426,16.76,0.74,6.46,0
4.436,16.76,0.74,6.49,0
4.446,16.76,0.74,6.49,0
4.456,16.76,0.74,6.49,0
4.466,16.76,0.74,6.51,0
4.476,16.76,0.74,6.51,0
4.486,16.76,0.74,6.51,0
4.496,16.76,0.74,6.53,0
4.506,16.76,0.74,6.53,0
4.516,16.76,0.74,6.53,0
4.526,16.76,0.74,6.55,0
4.536,16.76,0.74,6.55,0
4.546,16.76,0.74,6.55,0
4.556,16.76,0.74,6.58,0
4.566,16.76,0.74,6.58,0
4.576,16.76,0.74,6.58,0
4.586,16.76,0.74,6.6,0
4.596,16.76,0.74,6.6,0
4.606,16.76,0.74,6.6,0
4.617,16.76,0.74,6.62,0
4.627,16.76,0.74,6.62,0
4.637,16.76,0.74,6.62,0
4.647,16.76,0.74,6.64,0
4.657,16.76,0.74,6.64,0
4.667,16.76,0.74,6.64,0
4.677,16.76,0.74,6.67,0
4.687,16.76,0.74,6.67,0
4.697,16.76,0.74,6.67,0
4.707,16.76,0.74,6.69,0
4.717,16.76,0.74,6.69,0
4.727,16.76,0.74,6.69,0
4.737,16.76,0.74,6.71,0
4.747,16.76,0.74,6.71,0
4.757,16.76,0.74,6.71,0
4.767,16.76,0.74,6.73,0
4.777,16.76,0.74,6.73,0
4.788,16.76,0.74,6.75,0
4.798,16.76,0.74,6.75,0
4.808,16.76,0.74,6.75,0
4.818,16.76,0.74,6.78,0
4.828,16.57,0.74,6.78,0
4.838,16.76,0.74,6.78,0
4.848,16.57,0.74,6.8,0
4.858,16.76,0.74,6.8,0
4.868,16.76,0.74,6.8,0
4.878,16.57,0.74,6.82,0
4.888,16.57,0.74,6.82,0
4.898,16.76,0.74,6.82,0
4.908,16.76,0.74,6.82,0
4.918,16.57,0.74,6.84,0
4.928,16.76,0.74,6.84,0
4.938,16.57,0.74,6.84,0
4.948,16.57,0.93,6.87,0
4.958,16.76,0.93,6.87,0
4.968,16.76,0.93,6.87,0
4.978,16.76,0.74,6.89,0
4.988,16.76,0.74,6.89,0
4.998,16.76,0.74,6.89,0
5.008,16.76,0.74,6.92,0
5.018,16.76,0.74,6.92,0
5.028,16.76,0.74,6.92,0
5.038,16.76,0.74,6.94,0
5.048,16.76,0.74,6.94,0
5.058,16.76,0.74,6.94,0
5.068,16.76,0.74,6.96,0
5.078,16.76,0.74,6.96,0
5.088,16.76,0.74,6.96,0
5.098,16.76,0.74,6.98,0
5.108,16.76,0.74,6.98,0
5.118,16.76,0.74,6.98,0
5.129,16.76,0.74,7.01,0
5.139,16.76,0.74,7.01,0
5.149,16.76,0.74,7.01,0
5.159,16.76,0.74,7.03,0
5.169,16.76,0.74,7.03,0
5.179,16.76,0.74,7.03,0
5.189,16.76,0.74,7.05,0
5.199,16.76,0.74,7.05,0
5.209,16.76,0.74,7.05,0
5.219,16.76,0.74,7.07,0
5.229,16.76,0.74,7.07,0
5.239,16.76,0.74,7.07,0
5.249,16.76,0.74,7.1,0
5.259,16.76,0.74,7.1,0
5.269,16.76,0.74,7.1,0
5.279,16.76,0.74,7.12,0
5.289,16.76,0.74,7.12,0
5.3,16.76,0.74,7.14,0
5.31,16.76,0.74,7.14,0
5.32,16.76,0.74,7.14,0
5.33,16.76,0.74,7.14,0
5.34,16.76,0.74,7.16,0
5.35,16.76,0.74,7.16,0
5.36,16.76,0.74,7.16,0
5.37,16.76,0.74,7.19,0
5.38,16.76,0.74,7.19,0
5.39,16.57,0.74,7.19,0
5.4,16.76,0.93,7.21,0
5.41,16.76,0.93,7.21,0
5.42,16.94,0.93,7.21,0
5.43,16.94,0.56,7.23,0
5.44,16.94,0.56,7.23,0
5.45,16.94,0.56,7.23,0
5.46,16.76,0.56,7.25,0
5.47,16.76,0.56,7.25,0
5.48,16.76,0.56,7.25,0
5.49,16.76,0.74,7.27,0
5.5,16.76,0.74,7.27,0
5.51,16.76,0.74,7.27,0
5.52,16.76,0.74,7.29,0
5.53,16.76,0.74,7.29,0
5.54,16.76,0.74,7.29,0
5.55,16.76,0.74,7.31,0
5.56,16.76,0.74,7.31,0
5.57,16.76,0.74,7.31,0
5.58,16.76,0.74,7.34,0
5.59,16.76,0.74,7.34,0
5.6,16.76,0.74,7.34,0
5.61,16.76,0.74,7.36,0
5.62,16.76,0.74,7.36,0
5.63,16.76,0.74,7.36,0
5.641,16.76,0.74,7.38,0
5.651,16.76,0.74,7.38,0
5.661,16.76,0.74,7.38,0
5.671,16.76,0.74,7.4,0
5.681,16.76,0.74,7.4,0
5.691,16.76,0.74,7.4,0
5.701,16.76,0.74,7.43,0
5.711,16.76,0.74,7.43,0
5.721,16.76,0.74,7.43,0
5.731,16.94,0.74,7.45,0
5.741,16.76,0.74,7.45,0
5.751,16.76,0.74,7.45,0
5.761,16.76,0.74,7.47,0
5.771,16.76,0.74,7.47,0
5.781,16.76,0.74,7.47,0
5.791,16.76,0.74,7.49,0
5.801,16.76,0.74,7.49,0
5.812,16.76,0.74,7.49,0
5.822,16.76,0.74,7.52,0
5.832,16.76,0.74,7.52,0
5.842,16.76,0.74,7.52,0
5.852,16.76,0.74,7.54,0
5.862,16.76,0.74,7.54,0
5.872,16.76,0.74,7.54,0
5.882,16.76,0.74,7.56,0
5.892,16.76,0.74,7.56,0
5.902,16.76,0.74,7.56,0
5.912,16.76,0.74,7.58,0
5.922,16.76,0.74,7.58,0
5.932,16.76,0.74,7.58,0
5.942,16.76,0.74,7.61,0
5.952,16.76,0.74,7.61,0
5.962,16.76,0.74,7.61,0
5.972,16.76,0.74,7.63,0
5.982,16.57,0.74,7.63,0
5.992,16.76,0.74,7.63,0
6.002,16.57,0.74,7.65,0
6.012,16.76,0.74,7.65,0
6.022,16.57,0.74,7.65,0
6.032,16.76,0.93,7.67,0
6.042,16.76,0.93,7.67,0
6.052,16.76,0.93,7.67,0
6.062,16.76,0.74,7.7,0
6.072,16.76,0.74,7.7,0
6.082,16.76,0.74,7.7,0
6.092,16.76,0.74,7.72,0
6.102,16.76,0.74,7.72,0
6.112,16.76,0.74,7.72,0
6.122,16.94,0.74,7.74,0
6.132,16.76,0.74,7.74,0
6.142,16.76,0.74,7.74,0
6.153,16.76,0.74,7.77,0
6.163,16.76,0.74,7.77,0
6.173,16.76,0.74,7.79,0
6.183,16.76,0.74,7.79,0
6.193,16.76,0.74,7.79,0
6.203,16.76,0.74,7.79,0
6.213,16.76,0.74,7.81,0
6.223,16.76,0.74,7.81,0
6.233,16.76,0.74,7.81,0
6.243,16.76,0.74,7.83,0
6.253,16.76,0.74,7.83,0
6.263,16.76,0.74,7.83,0
6.273,16.76,0.74,7.86,0
6.283,16.76,0.74,7.86,0
6.293,16.76,0.74,7.86,0
6.303,16.76,0.74,7.88,0
6.313,16.76,0.74,7.88,0
6.324,16.76,0.74,7.88,0
6.334,16.76,0.74,7.9,0
6.344,16.76,0.74,7.9,0
6.354,16.76,0.74,7.9,0
6.364,16.76,0.74,7.92,0
6.374,16.76,0.74,7.92,0
6.384,16.76,0.74,7.92,0
6.394,16.76,0.74,7.95,0
6.404,16.76,0.74,7.95,0
6.414,16.76,0.74,7.95,0
6.424,16.76,0.74,7.97,0
6.434,16.76,0.74,7.97,0
6.444,16.76,0.74,7.97,0
6.454,16.76,0.74,7.99,0
6.464,16.76,0.74,7.99,0
6.474,16.76,0.74,7.99,0
6.484,16.76,0.74,8.01,0
6.494,16.76,0.74,8.01,0
6.504,16.76,0.74,8.01,0
6.514,16.76,0.74,8.04,0
6.524,16.76,0.74,8.04,0
6.534,16.76,0.74,8.04,0
6.544,16.76,0.74,8.06,0
6.554,16.76,0.74,8.06,0
6.564,16.76,0.74,8.06,0
6.574,16.76,0.74,8.08,0
6.584,16.76,0.74,8.08,0
6.594,16.76,0.74,8.08,0
6.604,16.76,0.74,8.1,0
6.614,16.76,0.74,8.1,0
6.624,16.76,0.74,8.1,0
6.634,16.76,0.74,8.12,0
6.644,16.76,0.74,8.12,0
6.654,16.57,0.74,8.12,0
6.665,16.57,0.93,8.15,0
6.675,16.76,0.93,8.15,0
6.685,16.76,0.93,8.15,0
6.695,16.76,0.74,8.18,0
6.705,16.76,0.74,8.18,0
6.715,16.76,0.74,8.18,0
6.725,16.76,0.74,8.2,0
6.735,16.76,0.74,8.2,0
6.745,16.76,0.74,8.2,0
6.755,16.76,0.74,8.22,0
6.765,16.76,0.74,8.22,0
6.775,16.76,0.74,8.22,0
6.785,16.76,0.74,8.24,0
6.795,16.76,0.74,8.24,0
6.805,16.76,0.74,8.24,0
6.815,16.76,0.74,8.26,0
6.825,16.76,0.74,8.26,0
6.836,16.76,0.74,8.29,0
6.846,16.76,0.74,8.29,0
6.856,16.76,0.74,8.29,0
6.866,16.76,0.74,8.31,0
6.876,16.76,0.74,8.31,0
6.886,16.76,0.74,8.31,0
6.896,16.76,0.74,8.33,0
6.906,16.76,0.74,8.33,0
6.916,16.76,0.74,8.33,0
6.926,16.76,0.74,8.35,0
6.936,16.76,0.74,8.35,0
6.946,16.76,0.74,8.35,0
6.956,16.76,0.74,8.35,0
6.966,16.76,0.74,8.38,0
6.976,16.57,0.74,8.38,0
6.986,16.76,0.74,8.38,0
6.996,16.76,0.74,8.4,0
7.006,16.76,0.74,8.4,0
7.016,16.76,0.74,8.4,0
7.026,16.76,0.74,8.42,0
7.036,16.76,0.74,8.42,0
7.046,16.76,0.74,8.42,0
7.056,16.76,0.74,8.44,0
7.066,16.76,0.74,8.44,0
7.076,16.76,0.74,8.44,0
7.086,16.76,0.74,8.47,0
7.096,16.76,0.74,8.47,0
7.106,16.76,0.74,8.47,0
7.116,16.76,0.74,8.49,0
7.126,16.76,0.74,8.49,0
7.136,16.76,0.74,8.49,0
7.146,16.76,0.74,8.51,0
7.156,16.76,0.74,8.51,0
7.166,16.76,0.74,8.51,0
7.177,16.76,0.74,8.53,0
7.187,16.76,0.74,8.53,0
7.197,16.76,0.74,8.56,0
7.207,16.76,0.74,8.56,0
7.217,16.57,0.74,8.56,0
7.227,16.76,0.93,8.58,0
7.237,16.76,0.93,8.58,0
7.247,16.76,0.93,8.58,0
7.257,16.76,0.93,8.58,0
7.267,16.76,0.74,8.61,0
7.277,16.76,0.74,8.61,0
7.287,16.94,0.74,8.61,0
7.297,16.76,0.56,8.63,0
7.307,16.76,0.56,8.63,0
7.317,16.76,0.56,8.63,0
7.327,16.76,0.74,8.65,0
7.337,16.76,0.74,8.65,0
7.348,16.76,0.74,8.67,0
7.358,16.76,0.74,8.67,0
7.368,16.76,0.74,8.67,0
7.378,16.76,0.74,8.67,0
7.388,16.76,0.74,8.69,0
7.398,16.76,0.74,8.69,0
7.408,16.76,0.74,8.69,0
7.418,16.76,0.74,8.71,0
7.428,16.76,0.74,8.71,0
7.438,16.76,0.74,8.71,0
7.448,16.76,0.74,8.73,0
7.458,16.76,0.74,8.73,0
7.468,16.76,0.74,8.73,0
7.478,16.76,0.74,8.76,0
7.488,16.76,0.74,8.76,0
7.498,16.76,0.74,8.76,0
7.508,16.76,0.74,8.78,0
7.518,16.76,0.74,8.78,0
7.528,16.76,0.74,8.78,0
7.538,16.76,0.74,8.8,0
7.548,16.76,0.74,8.8,0
7.558,16.76,0.74,8.8,0
7.568,16.76,0.74,8.82,0
7.578,16.76,0.74,8.82,0
7.588,16.76,0.74,8.82,0
7.598,16.76,0.74,8.85,0
7.608,16.76,0.74,8.85,0
7.618,16.76,0.74,8.85,0
7.628,16.76,0.74,8.87,0
7.638,16.76,0.74,8.87,0
7.648,16.76,0.74,8.87,0
7.658,16.76,0.74,8.89,0
7.668,16.76,0.74,8.89,0
7.678,16.76,0.74,8.89,0
7.689,16.76,0.74,8.91,0
7.699,16.76,0.74,8.91,0
7.709,16.76,0.74,8.94,0
7.719,16.76,0.74,8.94,0
7.729,16.76,0.74,8.94,0
7.739,16.76,0.74,8.94,0
7.749,16.76,0.74,8.96,0
7.759,16.76,0.74,8.96,0
7.769,16.76,0.74,8.96,0
7.779,16.76,0.74,8.98,0
7.789,16.57,0.74,8.98,0
7.799,16.76,0.74,8.98,0
7.809,16.76,0.74,9,0
7.819,16.76,0.74,9,0
7.829,16.76,0.74,9,0
7.839,16.57,0.74,9.03,0
7.849,16.57,0.74,9.03,0
7.86,16.76,0.74,9.03,0
7.87,16.76,0.74,9.05,0
7.88,16.76,0.74,9.05,0
7.89,16.57,0.74,9.05,0
7.9,16.76,0.93,9.07,0
7.91,16.76,0.93,9.07,0
7.92,16.76,0.93,9.07,0
7.93,16.76,0.74,9.1,0
7.94,16.76,0.74,9.1,0
7.95,16.76,0.74,9.1,0
7.96,16.76,0.74,9.12,0
7.97,16.76,0.74,9.12,0
7.98,16.76,0.74,9.12,0
7.99,16.76,0.74,9.14,0
8,16.76,0.74,9.14,0
8.01,16.76,0.74,9.14,0
8.02,16.76,0.74,9.17,0
8.03,16.76,0.74,9.17,0
8.04,16.76,0.74,9.17,0
8.05,16.76,0.74,9.19,0
8.06,16.76,0.74,9.19,0
8.07,16.76,0.74,9.19,0
8.08,16.76,0.74,9.21,0
8.09,16.76,0.74,9.21,0
8.1,16.76,0.74,9.21,0
8.11,16.76,0.74,9.23,0
8.12,16.76,0.74,9.23,0
8.13,16.76,0.74,9.23,0
8.14,16.76,0.74,9.25,0
8.15,16.76,0.74,9.25,0
8.16,16.76,0.74,9.25,0
8.17,16.76,0.74,9.28,0
8.18,16.76,0.74,9.28,0
8.19,16.76,0.74,9.28,0
8.201,16.76,0.74,9.3,0
8.211,16.76,0.74,9.3,0
8.221,16.76,0.74,9.32,0
8.231,16.76,0.74,9.32,0
8.241,16.76,0.74,9.32,0
8.251,16.76,0.74,9.34,0
8.261,16.76,0.74,9.34,0
8.271,16.76,0.74,9.34,0
8.281,16.76,0.74,9.37,0
8.291,16.76,0.74,9.37,0
8.301,16.76,0.74,9.37,0
8.311,16.76,0.74,9.39,0
8.321,16.57,0.74,9.39,0
8.331,16.76,0.74,9.39,0
8.341,16.57,0.74,9.39,0
8.351,16.57,0.93,9.41,0
8.361,16.76,0.93,9.41,0
8.372,16.76,0.74,9.44,0
8.382,16.76,0.74,9.44,0
8.392,16.76,0.74,9.44,0
8.402,16.76,0.74,9.46,0
8.412,16.76,0.74,9.46,0
8.422,16.76,0.74,9.46,0
8.432,16.76,0.74,9.48,0
8.442,16.76,0.74,9.48,0
8.452,16.76,0.74,9.48,0
8.462,16.76,0.74,9.51,0
8.472,16.76,0.74,9.51,0
8.482,16.76,0.74,9.51,0
8.492,16.76,0.74,9.53,0
8.502,16.76,0.74,9.53,0
8.512,16.76,0.74,9.53,0
8.522,16.76,0.74,9.55,0
8.532,16.76,0.74,9.55,0
8.542,16.76,0.74,9.55,0
8.552,16.76,-16.76,9.31,0
8.562,16.76,-16.76,9.31,0
8.572,16.76,-16.76,9.31,0
8.582,16.02,-16.76,9.31,0
8.592,15.11,-16.02,8.8,0
8.602,12.72,-16.02,8.8,0
8.612,11.26,-16.02,8.8,0
8.622,9.79,-11.26,8.39,0
8.632,8.51,-11.26,8.39,0
8.642,7.23,-11.26,8.39,0
8.652,6.13,-7.23,8.12,0
8.662,5.03,-7.23,8.12,0
8.672,4.11,-7.23,8.12,0
8.682,3.38,-4.11,7.95,0
8.692,2.64,-4.11,7.95,0
8.702,1.73,-4.11,7.95,0
8.713,1.36,-1.73,7.86,0
8.723,0.81,-1.73,7.86,0
8.733,0.63,-1.73,7.86,0
8.743,0.26,-0.63,7.82,0
8.753,0.08,-0.63,7.82,0
8.763,-0.1,-0.63,7.82,0
8.773,-0.1,0.1,7.81,0
8.783,-0.1,0.1,7.81,0
8.793,-0.1,0.1,7.81,0
8.803,-0.1,0.1,7.82,0
8.813,-0.1,0.1,7.82,0
8.823,0.08,0.1,7.82,0
8.833,0.08,-0.08,7.82,0
8.843,0.08,-0.08,7.82,0
8.853,0.08,-0.08,7.82,0
8.863,0.08,-0.08,7.81,0
8.873,0.26,-0.08,7.81,0
8.884,0.26,-0.26,7.81,0
8.894,0.26,-0.26,7.81,0
8.904,0.26,-0.26,7.81,0
8.914,0.26,-0.26,7.8,0
8.924,0.26,-0.26,7.8,0
8.934,0.26,-0.26,7.8,0
8.944,0.26,-0.26,7.8,0
8.954,0.26,-0.26,7.79,0
8.964,0.26,-0.26,7.79,0
8.974,0.26,-0.26,7.79,0
8.984,0.26,-0.26,7.79,0
8.994,0.26,-0.26,7.79,0
9.004,0.26,-0.26,7.79,0
9.014,0.26,-0.26,7.78,0
9.024,0.26,-0.26,7.78,0
9.034,0.26,-0.26,7.78,0
9.044,0.26,-0.26,7.77,0
9.054,0.26,-0.26,7.77,0
9.064,0.26,-0.26,7.77,0
9.074,0.26,-0.26,7.76,0
9.084,0.26,-0.26,7.76,0
9.094,0.26,-0.26,7.76,0
9.104,0.44,-0.26,7.75,0
9.114,0.44,-0.26,7.75,0
9.124,0.44,-0.26,7.75,0
9.134,0.44,-0.44,7.74,0
9.144,0.44,-0.44,7.74,0
9.154,0.44,-0.44,7.74,0
9.164,0.26,-0.44,7.73,0
9.174,0.26,-0.44,7.73,0
9.184,0.26,-0.44,7.73,0
9.194,0.26,-0.26,7.72,0
9.204,0.26,-0.26,7.72,0
9.214,0.26,-0.26,7.72,0
9.225,0.26,-0.26,7.71,0
9.235,0.26,-0.26,7.71,0
9.245,0.26,-0.26,7.71,0
9.255,0.26,-0.26,7.7,0
9.265,0.26,-0.26,7.7,0
9.275,0.26,-0.26,7.7,0
9.285,0.44,-0.26,7.7,0
9.295,0.26,-0.26,7.7,0
9.305,0.44,-0.26,7.7,0
9.315,0.44,-0.44,7.69,0
9.325,0.44,-0.44,7.69,0
9.335,0.44,-0.44,7.69,0
9.345,0.44,-0.44,7.67,0
9.355,0.44,-0.44,7.67,0
9.365,0.44,-0.44,7.67,0
9.375,0.26,-0.44,7.66,0
9.385,0.26,-0.44,7.66,0
9.396,0.26,-0.26,7.65,0
9.406,0.26,-0.26,7.65,0
9.416,0.26,-0.26,7.65,0
9.426,0.26,-0.26,7.64,0
9.436,0.26,-0.26,7.64,0
9.446,0.26,-0.26,7.64,0
9.456,0.26,-0.26,7.64,0
9.466,0.44,-0.26,7.63,0
9.476,0.26,-0.26,7.63,0
9.486,0.44,-0.26,7.63,0
9.496,0.44,-0.44,7.62,0
9.506,0.44,-0.44,7.62,0
9.516,0.44,-0.44,7.62,0
9.526,0.44,-0.44,7.61,0
9.536,0.44,-0.44,7.61,0
9.546,0.44,-0.44,7.61,0
9.556,0.44,-0.44,7.6,0
9.566,0.44,-0.44,7.6,0
9.576,0.44,-0.44,7.6,0
9.586,0.26,-0.44,7.58,0
9.596,0.26,-0.44,7.58,0
9.606,0.26,-0.44,7.58,0
9.616,0.26,-0.26,7.57,0
9.626,0.26,-0.26,7.57,0
9.636,0.26,-0.26,7.57,0
9.646,0.26,-0.26,7.56,0
9.656,0.26,-0.26,7.56,0
9.666,0.44,-0.26,7.56,0
9.676,0.44,-0.44,7.55,0
9.686,0.44,-0.44,7.55,0
9.696,0.44,-0.44,7.55,0
9.706,0.44,-0.44,7.54,0
9.716,0.44,-0.44,7.54,0
9.726,0.44,-0.44,7.54,0
9.737,0.44,-0.44,7.53,0
9.747,0.44,-0.44,7.53,0
9.757,0.44,-0.44,7.51,0
9.767,0.44,-0.44,7.51,0
9.777,0.26,-0.44,7.51,0
9.787,0.26,-0.26,7.5,0
9.797,0.26,-0.26,7.5,0
9.807,0.26,-0.26,7.5,0
9.817,0.26,-0.26,7.49,0
9.827,0.26,-0.26,7.49,0
9.837,0.26,-0.26,7.49,0
9.847,0.44,-0.26,7.49,0
9.857,0.44,-0.26,7.49,0
9.867,0.44,-0.26,7.49,0
9.877,0.44,-0.26,7.49,0
9.887,0.44,-0.44,7.48,0
9.897,0.26,-0.44,7.48,0
9.908,0.44,-0.26,7.46,0
9.918,0.44,-0.26,7.46,0
9.928,0.44,-0.26,7.46,0
9.938,0.44,-0.44,7.45,0
9.948,0.44,-0.44,7.45,0
9.958,0.44,-0.44,7.45,0
9.968,0.44,-0.44,7.45,0
9.978,0.26,-0.44,7.44,0
9.988,0.26,-0.44,7.44,0
9.998,0.26,-0.44,7.44,0
10.008,0.26,-0.26,7.43,0
10.018,0.26,-0.26,7.43,0
10.028,0.26,-0.26,7.43,0
10.038,0.26,-0.26,7.42,0
10.048,0.44,-0.26,7.42,0
10.058,0.44,-0.26,7.42,0
10.068,0.44,-0.44,7.41,0
10.078,0.44,-0.44,7.41,0
10.088,0.44,-0.44,7.41,0
10.098,0.44,-0.44,7.4,0
10.108,0.44,-0.44,7.4,0
10.118,0.44,-0.44,7.4,0
10.128,0.44,-0.44,7.38,0
10.138,0.44,-0.44,7.38,0
10.148,0.44,-0.44,7.38,0
10.158,0.44,-0.44,7.37,0
10.168,0.26,-0.44,7.37,0
10.178,0.26,-0.44,7.37,0
10.188,0.26,-0.26,7.36,0
10.198,0.26,-0.26,7.36,0
10.208,0.26,-0.26,7.36,0
10.218,0.26,-0.26,7.35,0
10.228,0.44,-0.26,7.35,0
10.238,0.44,-0.26,7.35,0
10.249,0.44,-0.44,7.34,0
10.259,0.44,-0.44,7.34,0
10.269,0.44,-0.44,7.34,0
10.279,0.44,-0.44,7.33,0
10.289,0.44,-0.44,7.33,0
10.299,0.44,-0.44,7.33,0
10.309,0.44,-0.44,7.32,0
10.319,0.44,-0.44,7.32,0
10.329,0.44,-0.44,7.32,0
10.339,0.44,-0.44,7.3,0
10.349,0.26,-0.44,7.3,0
10.359,0.44,-0.44,7.3,0
10.369,0.44,-0.44,7.29,0
10.379,0.44,-0.44,7.29,0
10.389,0.26,-0.44,7.29,0
10.399,0.26,-0.26,7.28,0
10.409,0.44,-0.26,7.28,0
10.42,0.44,-0.26,7.28,0
10.43,0.44,-0.44,7.27,0
10.44,0.26,-0.44,7.27,0
10.45,0.44,-0.44,7.27,0
10.46,0.44,-0.44,7.25,0
10.47,0.44,-0.44,7.25,0
10.48,0.44,-0.44,7.25,0
10.49,0.44,-0.44,7.24,0
10.5,0.44,-0.44,7.24,0
10.51,0.44,-0.44,7.24,0
10.52,0.44,-0.44,7.23,0
10.53,0.44,-0.44,7.23,0
10.54,0.44,-0.44,7.23,0
10.55,0.44,-0.44,7.21,0
10.56,0.44,-0.44,7.21,0
10.57,0.44,-0.44,7.21,0
10.58,0.44,-0.44,7.2,0
10.59,0.44,-0.44,7.2,0
10.6,0.44,-0.44,7.2,0
10.61,0.44,-0.44,7.19,0
10.62,0.44,-0.44,7.19,0
10.63,0.44,-0.44,7.19,0
10.64,0.26,-0.44,7.17,0
10.65,0.44,-0.44,7.17,0
10.66,0.44,-0.44,7.17,0
10.67,0.44,-0.44,7.16,0
10.68,0.44,-0.44,7.16,0
10.69,0.44,-0.44,7.16,0
10.7,0.44,-0.44,7.15,0
10.71,0.44,-0.44,7.15,0
10.72,0.44,-0.44,7.15,0
10.73,0.44,-0.44,7.13,0
10.74,0.44,-0.44,7.13,0
10.75,0.44,-0.44,7.13,0
10.761,0.26,-0.44,7.12,0
10.771,0.44,-0.44,7.12,0
10.781,0.26,-0.44,7.12,0
10.791,0.26,-0.26,7.11,0
10.801,0.44,-0.26,7.11,0
10.811,0.44,-0.26,7.11,0
10.821,0.44,-0.44,7.1,0
10.831,0.44,-0.44,7.1,0
10.841,0.44,-0.44,7.1,0
10.851,0.44,-0.44,7.09,0
10.861,0.44,-0.44,7.09,0
10.871,0.44,-0.44,7.09,0
10.881,0.44,-0.44,7.07,0
10.891,0.44,-0.44,7.07,0
10.901,0.44,-0.44,7.07,0
10.911,0.44,-0.44,7.06,0
10.921,0.44,-0.44,7.06,0
10.932,0.44,-0.44,7.05,0
10.942,0.44,-0.44,7.05,0
10.952,0.26,-0.44,7.05,0
10.962,0.44,-0.26,7.03,0
10.972,0.44,-0.26,7.03,0
10.982,0.44,-0.26,7.03,0
10.992,0.44,-0.26,7.03,0
11.002,0.44,-0.44,7.02,0
11.012,0.44,-0.44,7.02,0
11.022,0.44,-0.44,7.02,0
11.032,0.44,-0.44,7.01,0
11.042,0.44,-0.44,7.01,0
11.052,0.44,-0.44,7.01,0
11.062,0.44,-0.44,7,0
11.072,0.44,-0.44,7,0
11.082,0.44,-0.44,7,0
11.092,0.44,-0.44,6.98,0
11.102,0.44,-0.44,6.98,0
11.112,0.44,-0.44,6.98,0
11.122,0.26,-0.44,6.97,0
11.132,0.44,-0.44,6.97,0
11.142,0.44,-0.44,6.97,0
11.152,0.44,-0.44,6.96,0
11.162,0.44,-0.44,6.96,0
11.172,0.44,-0.44,6.96,0
11.182,0.44,-0.44,6.94,0
11.192,0.44,-0.44,6.94,0
11.202,0.44,-0.44,6.94,0
11.212,0.44,-0.44,6.93,0
11.222,0.44,-0.44,6.93,0
11.232,0.44,-0.44,6.93,0
11.242,0.44,-0.44,6.92,0
11.252,0.44,-0.44,6.92,0
11.262,0.44,-0.44,6.92,0
11.273,0.44,-0.44,6.9,0
11.283,0.44,-0.44,6.9,0
11.293,0.44,-0.44,6.89,0
11.303,0.26,-0.44,6.89,0
11.313,0.44,-0.44,6.89,0
11.323,0.44,-0.44,6.88,0
11.333,0.44,-0.44,6.88,0
11.343,0.44,-0.44,6.88,0
11.353,0.44,-0.44,6.86,0
11.363,0.26,-0.44,6.86,0
11.373,0.44,-0.44,6.86,0
11.383,0.44,-0.44,6.85,0
11.393,0.44,-0.44,6.85,0
11.403,0.26,-0.44,6.85,0
11.413,0.44,-0.44,6.85,0
11.423,0.44,-0.44,6.84,0
11.433,0.44,-0.44,6.84,0
11.444,0.44,-0.44,6.82,0
11.454,0.44,-0.44,6.82,0
11.464,0.44,-0.44,6.82,0
11.474,0.44,-0.44,6.81,0
11.484,0.44,-0.44,6.81,0
11.494,0.44,-0.44,6.81,0
11.504,0.44,-0.44,6.8,0
11.514,0.44,-0.44,6.8,0
11.524,0.44,-0.44,6.8,0
11.534,0.26,-0.44,6.8,0
11.544,0.26,-0.26,6.79,0
11.554,0.44,-0.26,6.79,0
11.564,0.44,-0.26,6.79,0
11.574,0.44,-0.44,6.77,0
11.584,0.26,-0.44,6.77,0
11.594,0.44,-0.44,6.77,0
11.604,0.44,-0.44,6.76,0
11.614,0.44,-0.44,6.76,0
11.624,0.44,-0.44,6.76,0
11.634,0.44,-0.44,6.75,0
11.644,0.44,-0.44,6.75,0
11.654,0.44,-0.44,6.75,0
11.664,0.44,-0.44,6.73,0
11.674,0.44,-0.44,6.73,0
11.684,0.44,-0.44,6.73,0
11.694,0.26,-0.44,6.72,0
11.704,0.26,-0.44,6.72,0
11.714,0.26,-0.44,6.72,0
11.724,0.44,-0.26,6.71,0
11.734,0.44,-0.26,6.71,0
11.744,0.44,-0.26,6.71,0
11.754,0.44,-0.44,6.7,0
11.764,0.44,-0.44,6.7,0
11.774,0.44,-0.44,6.7,0
11.785,0.44,-0.44,6.69,0
11.795,0.26,-0.44,6.69,0
11.805,0.44,-0.44,6.69,0
11.815,0.44,-0.44,6.67,0
11.825,0.44,-0.44,6.67,0
11.835,0.44,-0.44,6.67,0
11.845,0.44,-0.44,6.66,0
11.855,0.44,-0.44,6.66,0
11.865,0.44,-0.44,6.66,0
11.875,0.44,-0.44,6.65,0
11.885,0.26,-0.44,6.65,0
11.895,0.44,-0.44,6.65,0
11.905,0.44,-0.44,6.63,0
11.915,0.44,-0.44,6.63,0
11.925,0.44,-0.44,6.63,0
11.935,0.44,-0.44,6.62,0
11.945,0.44,-0.44,6.62,0
11.956,0.26,-0.44,6.61,0
11.966,0.44,-0.44,6.61,0
11.976,0.44,-0.44,6.61,0
11.986,0.44,-0.44,6.61,0
11.996,0.44,-0.44,6.59,0
12.006,0.44,-0.44,6.59,0
12.016,0.44,-0.44,6.59,0
12.026,0.44,-0.44,6.58,0
12.036,0.44,-0.44,6.58,0
12.046,0.44,-0.44,6.58,0
12.056,0.44,-0.44,6.57,0
12.066,0.44,-0.44,6.57,0
12.076,0.44,-0.44,6.57,0
12.086,0.44,-0.44,6.55,0
12.096,0.44,-0.44,6.55,0
12.106,0.44,-0.44,6.55,0
12.116,0.44,-0.44,6.54,0
12.126,0.44,-0.44,6.54,0
12.136,0.26,-0.44,6.54,0
12.146,0.44,-0.26,6.53,0
12.156,0.26,-0.26,6.53,0
12.166,0.44,-0.26,6.53,0
12.176,0.44,-0.44,6.52,0
12.186,0.44,-0.44,6.52,0
12.196,0.44,-0.44,6.52,0
12.206,0.44,-0.44,6.5,0
12.216,0.44,-0.44,6.5,0
12.226,0.44,-0.44,6.5,0
12.236,0.44,-0.44,6.49,0
12.246,0.44,-0.44,6.49,0
12.256,0.44,-0.44,6.49,0
12.266,0.44,-0.44,6.48,0
12.276,0.44,-0.44,6.48,0
12.286,0.44,-0.44,6.48,0
12.297,0.44,-0.44,6.46,0
12.307,0.26,-0.44,6.46,0
12.317,0.44,-0.26,6.45,0
12.327,0.44,-0.26,6.45,0
12.337,0.44,-0.26,6.45,0
12.347,0.44,-0.44,6.44,0
12.357,0.44,-0.44,6.44,0
12.367,0.44,-0.44,6.44,0
12.377,0.44,-0.44,6.43,0
12.387,0.44,-0.44,6.43,0
12.397,0.44,-0.44,6.43,0
12.407,0.44,-0.44,6.42,0
12.417,0.44,-0.44,6.42,0
12.427,0.44,-0.44,6.42,0
12.437,0.44,-0.44,6.4,0
12.447,0.44,-0.44,6.4,0
12.457,0.44,-0.44,6.4,0
12.468,0.44,-0.44,6.39,0
12.478,0.44,-0.44,6.39,0
12.488,0.44,-0.44,6.39,0
12.498,0.44,-0.44,6.39,0
12.508,0.44,-0.44,6.38,0
12.518,0.44,-0.44,6.38,0
12.528,0.44,-0.44,6.38,0
12.538,0.44,-0.44,6.36,0
12.548,0.44,-0.44,6.36,0
12.558,0.44,-0.44,6.36,0
12.568,0.44,-0.44,6.35,0
12.578,0.44,-0.44,6.35,0
12.588,0.44,-0.44,6.35,0
12.598,0.44,-0.44,6.34,0
12.608,0.44,-0.44,6.34,0
12.618,0.44,-0.44,6.34,0
12.628,0.44,-0.44,6.32,0
12.638,0.44,-0.44,6.32,0
12.648,0.44,-0.44,6.32,0
12.658,0.44,-0.44,6.31,0
12.668,0.44,-0.44,6.31,0
12.678,0.44,-0.44,6.31,0
12.688,0.44,-0.44,6.3,0
12.698,0.44,-0.44,6.3,0
12.708,0.44,-0.44,6.3,0
12.718,0.44,-0.44,6.28,0
12.728,0.44,-0.44,6.28,0
12.738,0.44,-0.44,6.28,0
12.748,0.44,-0.44,6.27,0
12.758,0.44,-0.44,6.27,0
12.768,0.44,-0.44,6.27,0
12.778,0.44,-0.44,6.26,0
12.788,0.44,-0.44,6.26,0
12.798,0.44,-0.44,6.26,0
12.809,0.44,-0.44,6.24,0
12.819,0.44,-0.44,6.24,0
12.829,0.44,-0.44,6.24,0
12.839,0.44,-0.44,6.23,0
12.849,0.44,-0.44,6.23,0
12.859,0.44,-0.44,6.23,0
12.869,0.44,-0.44,6.22,0
12.879,0.44,-0.44,6.22,0
12.889,0.44,-0.44,6.22,0
12.899,0.26,-0.44,6.2,0
12.909,0.44,-0.44,6.2,0
12.919,0.26,-0.44,6.2,0
12.929,0.26,-0.26,6.19,0
12.939,0.44,-0.26,6.19,0
12.949,0.44,-0.26,6.19,0
12.959,0.44,-0.44,6.18,0
12.969,0.44,-0.44,6.18,0
12.98,0.44,-0.44,6.17,0
12.99,0.44,-0.44,6.17,0
13,0.44,-0.44,6.17,0
13.01,0.44,-0.44,6.17,0
13.02,0.44,-0.44,6.15,0
13.03,0.44,-0.44,6.15,0
13.04,0.44,-0.44,6.15,0
13.05,0.44,-0.44,6.14,0
13.06,0.44,-0.44,6.14,0
13.07,0.26,-0.44,6.14,0
13.08,0.44,-0.26,6.13,0
13.09,0.26,-0.26,6.13,0
13.1,0.44,-0.26,6.13,0
13.11,0.26,-0.44,6.12,0
13.12,0.44,-0.44,6.12,0
13.13,0.26,-0.44,6.12,0
13.14,0.44,-0.26,6.11,0
13.15,0.44,-0.26,6.11,0
13.16,0.44,-0.26,6.11,0
13.17,0.44,-0.44,6.1,0
13.18,0.44,-0.44,6.1,0
13.19,0.44,-0.44,6.1,0
13.2,0.44,-0.44,6.08,0
13.21,0.44,-0.44,6.08,0
13.22,0.44,-0.44,6.08,0
13.23,0.44,-0.44,6.07,0
13.24,0.44,-0.44,6.07,0
13.25,0.44,-0.44,6.07,0
13.26,0.44,-0.44,6.06,0
13.27,0.44,-0.44,6.06,0
13.28,0.44,-0.44,6.06,0
13.29,0.44,-0.44,6.04,0
13.3,0.44,-0.44,6.04,0
13.31,0.44,-0.44,6.04,0
13.321,0.44,-0.44,6.03,0
13.331,0.44,-0.44,6.03,0
13.341,0.44,-0.44,6.02,0
13.351,0.44,-0.44,6.02,0
13.361,0.44,-0.44,6.02,0
13.371,0.44,-0.44,6.02,0
13.381,0.44,-0.44,6,0
13.391,0.44,-0.44,6,0
13.401,0.44,-0.44,6,0
13.411,0.44,-0.44,5.99,0
13.421,0.44,-0.44,5.99,0
13.431,0.44,-0.44,5.99,0
13.441,0.44,-0.44,5.98,0
13.451,0.44,-0.44,5.98,0
13.461,0.44,-0.44,5.98,0
13.471,0.44,-0.44,5.96,0
13.481,0.44,-0.44,5.96,0
13.492,0.44,-0.44,5.95,0
13.502,0.44,-0.44,5.95,0
13.512,0.44,-0.44,5.95,0
13.522,0.44,-0.44,5.95,0
13.532,0.44,-0.44,5.94,0
13.542,0.44,-0.44,5.94,0
13.552,0.44,-0.44,5.94,0
13.562,0.44,-0.44,5.92,0
13.572,0.44,-0.44,5.92,0
13.582,0.44,-0.44,5.92,0
13.592,0.44,-0.44,5.91,0
13.602,0.44,-0.44,5.91,0
13.612,0.44,-0.44,5.91,0
13.622,0.44,-0.44,5.9,0
13.632,0.44,-0.44,5.9,0
13.642,0.26,-0.44,5.9,0
13.652,0.44,-0.26,5.89,0
13.662,0.44,-0.26,5.89,0
13.672,0.26,-0.26,5.89,0
13.682,0.44,-0.26,5.88,0
13.692,0.44,-0.26,5.88,0
13.702,0.44,-0.26,5.88,0
13.712,0.44,-0.44,5.87,0
13.722,0.44,-0.44,5.87,0
13.732,0.44,-0.44,5.87,0
13.742,0.44,-0.44,5.85,0
13.752,0.44,-0.44,5.85,0
13.762,0.44,-0.44,5.85,0
13.772,0.44,-0.44,5.84,0
13.782,0.44,-0.44,5.84,0
13.792,0.44,-0.44,5.84,0
13.802,0.26,-0.44,5.83,0
13.812,0.44,-0.44,5.83,0
13.822,0.44,-0.44,5.83,0
13.833,0.44,-0.44,5.81,0
13.843,0.26,-0.44,5.81,0
13.853,0.44,-0.26,5.8,0
13.863,0.44,-0.26,5.8,0
13.873,0.44,-0.26,5.8,0
13.883,0.26,-0.44,5.79,0
13.893,0.44,-0.44,5.79,0
13.903,0.44,-0.44,5.79,0
13.913,0.26,-0.44,5.79,0
13.923,0.44,-0.26,5.78,0
13.933,0.26,-0.26,5.78,0
13.943,0.44,-0.26,5.78,0
13.953,0.44,-0.44,5.77,0
13.963,0.44,-0.44,5.77,0
13.973,0.44,-0.44,5.77,0
13.983,0.44,-0.44,5.76,0
13.993,0.26,-0.44,5.76,0
14.004,0.44,-0.44,5.76,0
14.014,0.44,-0.44,5.74,0
14.024,0.44,-0.44,5.74,0
14.034,0.26,-0.44,5.74,0
14.044,0.44,-0.26,5.73,0
14.054,0.44,-0.26,5.73,0
14.064,0.44,-0.26,5.73,0
14.074,0.44,-0.44,5.72,0
14.084,0.44,-0.44,5.72,0
14.094,0.26,-0.44,5.72,0
14.104,0.44,-0.26,5.71,0
14.114,0.26,-0.26,5.71,0
14.124,0.44,-0.26,5.71,0
14.134,0.44,-0.44,5.7,0
14.144,0.44,-0.44,5.7,0
14.154,0.44,-0.44,5.7,0
14.164,0.26,-0.44,5.69,0
14.174,0.26,-0.44,5.69,0
14.184,0.44,-0.44,5.69,0
14.194,0.44,-0.44,5.68,0
14.204,0.44,-0.44,5.68,0
14.214,0.26,-0.44,5.68,0
14.224,0.44,-0.26,5.66,0
14.234,0.26,-0.26,5.66,0
14.244,0.44,-0.26,5.66,0
14.254,0.26,-0.44,5.65,0
14.264,0.44,-0.44,5.65,0
14.274,0.26,-0.44,5.65,0
14.284,0.44,-0.26,5.64,0
14.294,0.44,-0.26,5.64,0
14.304,0.26,-0.26,5.64,0
14.314,0.26,-0.26,5.64,0
14.324,0.44,-0.26,5.64,0
14.334,0.26,-0.26,5.64,0
14.345,0.44,-0.26,5.63,0
14.355,0.44,-0.26,5.63,0
14.365,0.44,-0.44,5.62,0
14.375,0.44,-0.44,5.62,0
14.385,0.44,-0.44,5.62,0
14.395,0.44,-0.44,5.6,0
14.405,0.44,-0.44,5.6,0
14.415,0.44,-0.44,5.6,0
14.425,0.44,-0.44,5.6,0
14.435,0.44,-0.44,5.59,0
14.445,0.44,-0.44,5.59,0
14.455,0.44,-0.44,5.59,0
14.465,0.44,-0.44,5.58,0
14.475,0.44,-0.44,5.58,0
14.485,0.44,-0.44,5.58,0
14.495,0.44,-0.44,5.56,0
14.505,0.44,-0.44,5.56,0
14.516,0.44,-0.44,5.55,0
14.526,0.44,-0.44,5.55,0
14.536,0.44,-0.44,5.55,0
14.546,0.44,-0.44,5.55,0
14.556,0.26,-0.44,5.54,0
14.566,0.44,-0.44,5.54,0
14.576,0.44,-0.44,5.54,0
14.586,0.26,-0.44,5.52,0
14.596,0.44,-0.44,5.52,0
14.606,0.44,-0.44,5.52,0
14.616,0.26,-0.44,5.51,0
14.626,0.44,-0.44,5.51,0
14.636,0.44,-0.44,5.51,0
14.646,0.44,-0.44,5.5,0
14.656,0.44,-0.44,5.5,0
14.666,0.26,-0.44,5.5,0
14.676,0.44,-0.26,5.49,0
14.686,0.44,-0.26,5.49,0
14.696,0.44,-0.26,5.49,0
14.706,0.44,-0.44,5.48,0
14.716,0.44,-0.44,5.48,0
14.726,0.44,-0.44,5.48,0
14.736,0.44,-0.44,5.46,0
14.746,0.44,-0.44,5.46,0
14.756,0.44,-0.44,5.46,0
14.766,0.44,-0.44,5.45,0
14.776,0.44,-0.44,5.45,0
14.786,0.44,-0.44,5.45,0
14.796,0.26,-0.44,5.43,0
14.806,0.44,-0.44,5.43,0
14.816,0.44,-0.44,5.43,0
14.826,0.44,-0.44,5.42,0
14.836,0.44,-0.44,5.42,0
14.846,0.44,-0.44,5.42,0
14.857,0.44,-0.44,5.41,0
14.867,0.44,-0.44,5.41,0
14.877,0.26,-0.44,5.39,0
14.887,0.44,-0.44,5.39,0
14.897,0.44,-0.44,5.39,0
14.907,0.44,-0.44,5.39,0
14.917,0.44,-0.44,5.38,0
14.927,0.44,-0.44,5.38,0
14.937,0.44,-0.44,5.38,0
14.947,0.44,-0.44,5.37,0
14.957,0.44,-0.44,5.37,0
14.967,0.44,-0.44,5.37,0
14.977,0.44,-0.44,5.35,0
14.987,0.44,-0.44,5.35,0
14.997,0.44,-0.44,5.35,0
15.007,0.26,-0.44,5.34,0
15.017,0.44,-0.44,5.34,0
15.028,0.44,-0.44,5.33,0
15.038,0.26,-0.44,5.33,0
15.048,0.44,-0.44,5.33,0
15.058,0.44,-0.44,5.31,0
15.068,0.26,-0.44,5.31,0
15.078,0.26,-0.44,5.31,0
15.088,0.44,-0.26,5.3,0
15.098,0.44,-0.26,5.3,0
15.108,0.26,-0.26,5.3,0
15.118,0.44,-0.26,5.3,0
15.128,0.44,-0.44,5.29,0
15.138,0.44,-0.44,5.29,0
15.148,0.44,-0.44,5.29,0
15.158,0.44,-0.44,5.28,0
15.168,0.26,-0.44,5.28,0
15.178,0.44,-0.44,5.28,0
15.188,0.26,-0.44,5.27,0
15.198,0.26,-0.44,5.27,0
15.208,0.44,-0.44,5.27,0
15.218,0.44,-0.44,5.25,0
15.228,0.44,-0.44,5.25,0
15.238,0.44,-0.44,5.25,0
15.248,0.44,-0.44,5.24,0
15.258,0.26,-0.44,5.24,0
15.268,0.26,-0.44,5.24,0
15.278,0.44,-0.26,5.23,0
15.288,0.44,-0.26,5.23,0
15.298,0.26,-0.26,5.23,0
15.308,0.26,-0.26,5.22,0
15.318,0.44,-0.26,5.22,0
15.328,0.26,-0.26,5.22,0
15.338,0.44,-0.26,5.21,0
15.348,0.44,-0.26,5.21,0
15.358,0.44,-0.26,5.21,0
15.369,0.26,-0.44,5.2,0
15.379,0.44,-0.44,5.2,0
15.389,0.26,-0.44,5.19,0
15.399,0.44,-0.44,5.19,0
15.409,0.44,-0.44,5.19,0
15.419,0.44,-0.44,5.18,0
15.429,0.44,-0.44,5.18,0
15.439,0.44,-0.44,5.18,0
15.449,0.44,-0.44,5.16,0
15.459,0.44,-0.44,5.16,0
15.469,0.44,-0.44,5.16,0
15.479,0.44,-0.44,5.15,0
15.489,0.44,-0.44,5.15,0
15.499,0.44,-0.44,5.15,0
15.509,0.44,-0.44,5.14,0
15.519,0.44,-0.44,5.14,0
15.529,0.44,-0.44,5.14,0
15.54,0.44,-0.44,5.14,0
15.55,0.44,-0.44,5.12,0
15.56,0.44,-0.44,5.12,0
15.57,0.44,-0.44,5.12,0
15.58,0.44,-0.44,5.11,0
15.59,0.44,-0.44,5.11,0
15.6,0.44,-0.44,5.11,0
15.61,0.44,-0.44,5.09,0
15.62,0.44,-0.44,5.09,0
15.63,0.44,-0.44,5.09,0
15.64,0.44,-0.44,5.08,0
15.65,0.44,-0.44,5.08,0
15.66,0.44,-0.44,5.08,0
15.67,0.44,-0.44,5.07,0
15.68,0.44,-0.44,5.07,0
15.69,0.44,-0.44,5.07,0
15.7,0.44,-0.44,5.05,0
15.71,0.44,-0.44,5.05,0
15.72,0.44,-0.44,5.05,0
15.73,0.44,-0.44,5.04,0
15.74,0.44,-0.44,5.04,0
15.75,0.44,-0.44,5.04,0
15.76,0.44,-0.44,5.03,0
15.77,0.44,-0.44,5.03,0
15.78,0.44,-0.44,5.03,0
15.79,0.44,-0.44,5.01,0
15.8,0.44,-0.44,5.01,0
15.81,0.44,-0.44,5.01,0
15.82,0.26,-0.44,5,0
15.83,0.44,-0.44,5,0
15.84,0.26,-0.44,5,0
15.85,0.44,-0.26,4.99,0
15.86,0.44,-0.26,4.99,0
15.87,0.44,-0.26,4.99,0
15.881,0.26,-0.44,4.98,0
15.891,0.26,-0.44,4.98,0
15.901,0.44,-0.44,4.98,0
15.911,0.26,-0.44,4.97,0
15.921,0.26,-0.44,4.97,0
15.931,0.44,-0.44,4.97,0
15.941,0.44,-0.44,4.95,0
15.951,0.26,-0.44,4.95,0
15.961,0.44,-0.44,4.95,0
15.971,0.44,-0.44,4.94,0
15.981,0.44,-0.44,4.94,0
15.991,0.44,-0.44,4.94,0
16.001,0.44,-0.44,4.93,0
16.002,0.44,0,0,1
16.024,0.26,0,0,0
16.034,0.44,0,0,0
16.044,0.26,0,0,0
16.054,0.44,-0.26,-0,0
16.064,0.26,-0.26,-0,0
16.074,0.44,-0.26,-0,0
16.084,0.44,-0.44,-0.01,0
16.094,0.44,-0.44,-0.01,0
16.104,0.26,-0.44,-0.01,0
16.114,0.44,-0.26,-0.03,0
16.124,0.44,-0.26,-0.03,0
16.134,0.44,-0.26,-0.03,0
16.144,0.44,-0.44,-0.04,0
16.154,0.44,-0.44,-0.04,0
16.164,0.44,-0.44,-0.04,0
16.174,0.26,-0.44,-0.05,0
16.184,0.44,-0.44,-0.05,0
16.194,0.44,-0.44,-0.05,0
16.204,0.44,-0.44,-0.06,0
16.214,0.26,-0.44,-0.06,0
16.224,0.44,-0.44,-0.06,0
16.234,0.26,-0.44,-0.08,0
16.244,0.44,-0.44,-0.08,0
16.254,0.44,-0.44,-0.08,0
16.265,0.26,-0.44,-0.09,0
16.275,0.44,-0.44,-0.09,0
16.285,0.44,-0.44,-0.09,0
16.295,0.44,-0.44,-0.1,0
16.305,0.44,-0.44,-0.1,0
16.315,0.44,-0.44,-0.1,0
16.325,0.26,-0.44,-0.12,0
16.335,0.44,-0.44,-0.12,0
16.345,0.44,-0.44,-0.12,0
16.355,0.44,-0.44,-0.13,0
16.365,0.44,-0.44,-0.13,0
16.375,0.44,-0.44,-0.13,0
16.385,0.44,-0.44,-0.14,0
16.395,0.44,-0.44,-0.14,0
16.405,0.26,-0.44,-0.14,0
16.415,0.44,-0.26,-0.15,0
16.425,0.44,-0.26,-0.15,0
16.436,0.44,-0.26,-0.15,0
16.446,0.44,-0.44,-0.16,0
16.456,0.44,-0.44,-0.16,0
16.466,0.44,-0.44,-0.16,0
16.476,0.44,-0.44,-0.18,0
16.486,0.26,-0.44,-0.18,0
16.496,0.44,-0.44,-0.18,0
16.506,0.44,-0.44,-0.19,0
16.516,0.44,-0.44,-0.19,0
16.526,0.26,-0.44,-0.19,0
16.536,0.44,-0.26,-0.2,0
16.546,0.44,-0.26,-0.2,0
16.556,0.44,-0.26,-0.2,0
16.566,0.44,-0.44,-0.21,0
16.576,0.44,-0.44,-0.21,0
16.586,0.44,-0.44,-0.21,0
16.596,0.44,-0.44,-0.23,0
16.606,0.44,-0.44,-0.23,0
16.616,0.44,-0.44,-0.23,0
16.626,0.26,-0.44,-0.24,0
16.636,0.26,-0.44,-0.24,0
16.646,0.44,-0.44,-0.24,0
16.656,0.26,-0.44,-0.25,0
16.666,0.44,-0.44,-0.25,0
16.676,0.44,-0.44,-0.25,0
16.686,0.44,-0.44,-0.27,0
16.696,0.44,-0.44,-0.27,0
16.706,0.44,-0.44,-0.27,0
16.716,0.44,-0.44,-0.28,0
16.726,0.44,-0.44,-0.28,0
16.736,0.44,-0.44,-0.28,0
16.746,0.44,-0.44,-0.29,0
16.756,0.44,-0.44,-0.29,0
16.766,0.44,-0.44,-0.29,0
16.777,0.44,-0.44,-0.31,0
16.787,0.44,-0.44,-0.31,0
16.797,0.26,-0.44,-0.31,0
16.807,0.26,-0.26,-0.32,0
16.817,0.26,-0.26,-0.32,0
16.827,0.44,-0.26,-0.32,0
16.837,0.44,-0.44,-0.33,0
16.847,0.44,-0.44,-0.33,0
16.857,0.44,-0.44,-0.33,0
16.867,0.44,-0.44,-0.34,0
16.877,0.44,-0.44,-0.34,0
16.887,0.44,-0.44,-0.34,0
16.897,0.26,-0.44,-0.35,0
16.907,0.26,-0.44,-0.35,0
16.917,0.44,-0.44,-0.35,0
16.927,0.44,-0.44,-0.37,0
16.937,0.44,-0.44,-0.37,0
16.948,0.44,-0.44,-0.37,0
16.958,0.44,-0.44,-0.38,0
16.968,0.44,-0.44,-0.38,0
16.978,0.44,-0.44,-0.38,0
16.988,0.44,-0.44,-0.39,0
16.998,0.44,-0.44,-0.39,0
17.008,0.44,-0.44,-0.39,0
17.018,0.26,-0.44,-0.41,0
17.028,0.44,-0.44,-0.41,0
17.038,0.44,-0.44,-0.41,0
17.048,0.44,-0.44,-0.42,0
17.058,0.26,-0.44,-0.42,0
17.068,0.44,-0.44,-0.42,0
17.078,0.44,9.71,-0.28,0
17.088,0.44,9.71,-0.28,0
17.098,0.44,9.71,-0.28,0
17.108,2.64,17.06,0.12,0
17.118,4.84,17.06,0.12,0
17.128,6.68,17.06,0.12,0
17.138,8.51,10.82,0.54,0
17.148,9.98,10.82,0.54,0
17.158,11.26,10.82,0.54,0
17.168,12.54,6.24,0.79,0
17.178,13.46,6.24,0.79,0
17.188,14.19,6.24,0.79,0
17.198,14.92,3.31,0.94,0
17.208,15.66,3.31,0.94,0
17.218,16.21,3.31,0.94,0
17.228,16.76,1.29,1.01,0
17.238,17.49,1.29,1.01,0
17.248,17.67,1.29,1.01,0
17.258,18.22,-0.17,1.02,0
17.268,18.41,-0.17,1.02,0
17.278,18.41,-0.17,1.02,0
17.289,18.22,-0.91,1.01,0
17.299,18.22,-0.91,1.01,0
17.309,18.04,-0.91,1.01,0
17.319,17.67,-0.54,0.99,0
17.329,17.49,-0.54,0.99,0
17.339,17.31,-0.54,0.99,0
17.349,17.31,0.19,0.98,0
17.359,17.12,0.19,0.98,0
17.369,17.12,0.19,0.98,0
17.379,17.12,0.38,0.99,0
17.389,17.12,0.38,0.99,0
17.399,17.12,0.38,0.99,0
17.409,17.12,0.38,1,0
17.419,17.12,0.38,1,0
17.429,17.12,0.38,1,0
17.439,17.31,0.38,1.01,0
17.449,17.12,0.38,1.01,0
17.46,17.12,0.38,1.01,0
17.47,17.12,0.38,1.02,0
17.48,17.12,0.38,1.02,0
17.49,16.94,0.38,1.02,0
17.5,16.94,0.56,1.04,0
17.51,16.94,0.56,1.04,0
17.52,16.76,0.56,1.04,0
17.53,16.76,0.74,1.06,0
17.54,16.94,0.74,1.06,0
17.55,16.94,0.74,1.06,0
17.56,16.94,0.56,1.08,0
17.57,16.94,0.56,1.08,0
17.58,16.94,0.56,1.08,0
17.59,16.94,0.56,1.09,0
17.6,16.94,0.56,1.09,0
17.61,16.94,0.56,1.09,0
17.62,16.94,0.56,1.11,0
17.63,16.94,0.56,1.11,0
17.64,16.76,0.56,1.11,0
17.65,16.76,0.74,1.13,0
17.66,16.76,0.74,1.13,0
17.67,16.57,0.74,1.13,0
17.68,16.76,0.93,1.15,0
17.69,16.76,0.93,1.15,0
17.7,16.76,0.93,1.15,0
17.71,16.76,0.74,1.18,0
17.72,16.76,0.74,1.18,0
17.73,16.76,0.74,1.18,0
17.74,16.76,0.74,1.2,0
17.75,16.76,0.74,1.2,0
17.76,16.76,0.74,1.2,0
17.77,16.76,0.74,1.22,0
17.78,16.76,0.74,1.22,0
17.79,16.76,0.74,1.22,0
17.801,16.76,0.74,1.25,0
17.811,16.57,0.74,1.25,0
17.821,16.57,0.74,1.25,0
17.831,16.57,0.93,1.27,0
17.841,16.76,0.93,1.27,0
17.851,16.76,0.93,1.27,0
17.861,16.76,0.74,1.3,0
17.871,16.76,0.74,1.3,0
17.881,16.76,0.74,1.3,0
17.891,16.76,0.74,1.32,0
17.901,16.76,0.74,1.32,0
17.911,16.76,0.74,1.32,0
17.921,16.76,0.74,1.34,0
17.931,16.76,0.74,1.34,0
17.941,16.76,0.74,1.34,0
17.951,16.76,0.74,1.36,0
17.961,16.57,0.74,1.36,0
17.972,16.76,0.74,1.36,0
17.982,16.76,0.74,1.39,0
17.992,16.76,0.74,1.39,0
18.002,16.57,0.74,1.39,0
18.012,16.76,0.93,1.41,0
18.022,16.76,0.93,1.41,0
18.032,16.76,0.93,1.41,0
18.042,16.76,0.74,1.44,0
18.052,16.76,0.74,1.44,0
18.062,16.76,0.74,1.44,0
18.072,16.76,0.74,1.46,0
18.082,16.76,0.74,1.46,0
18.092,16.76,0.74,1.46,0
18.102,16.76,0.74,1.48,0
18.112,16.76,0.74,1.48,0
18.122,16.57,0.74,1.48,0
18.132,16.76,0.93,1.5,0
18.142,16.57,0.93,1.5,0
18.152,16.76,0.93,1.5,0
18.162,16.76,0.74,1.53,0
18.172,16.76,0.74,1.53,0
18.182,16.76,0.74,1.53,0
18.192,16.76,0.74,1.55,0
18.202,16.76,0.74,1.55,0
18.212,16.76,0.74,1.55,0
18.222,16.76,0.74,1.58,0
18.232,16.76,0.74,1.58,0
18.242,16.76,0.74,1.58,0
18.252,16.76,0.74,1.6,0
18.262,16.76,0.74,1.6,0
18.272,16.76,0.74,1.6,0
18.282,16.76,0.74,1.62,0
18.292,16.76,0.74,1.62,0
18.302,16.76,0.74,1.62,0
18.313,16.76,0.74,1.64,0
18.323,16.76,0.74,1.64,0
18.333,16.76,0.74,1.64,0
18.343,16.76,0.74,1.66,0
18.353,16.76,0.74,1.66,0
18.363,16.76,0.74,1.66,0
18.373,16.76,0.74,1.69,0
18.383,16.76,0.74,1.69,0
18.393,16.76,0.74,1.69,0
18.403,16.57,0.74,1.71,0
18.413,16.76,0.74,1.71,0
18.423,16.57,0.74,1.71,0
18.433,16.57,0.93,1.73,0
18.443,16.57,0.93,1.73,0
18.453,16.76,0.93,1.73,0
18.463,16.57,0.74,1.76,0
18.473,16.76,0.74,1.76,0
18.484,16.76,0.74,1.76,0
18.494,16.76,0.74,1.78,0
18.504,16.76,0.74,1.78,0
18.514,16.76,0.74,1.78,0
18.524,16.76,0.74,1.8,0
18.534,16.76,0.74,1.8,0
18.544,16.76,0.74,1.8,0
18.554,16.57,0.74,1.83,0
18.564,16.76,0.74,1.83,0
18.574,16.76,0.74,1.83,0
18.584,16.76,0.74,1.85,0
18.594,16.76,0.74,1.85,0
18.604,16.57,0.74,1.85,0
18.614,16.76,0.93,1.87,0
18.624,16.57,0.93,1.87,0
18.634,16.76,0.93,1.87,0
18.644,16.76,0.74,1.9,0
18.654,16.76,0.74,1.9,0
18.664,16.76,0.74,1.9,0
18.674,16.76,0.74,1.92,0
18.684,16.76,0.74,1.92,0
18.694,16.76,0.74,1.92,0
18.704,16.76,0.74,1.94,0
18.714,16.57,0.74,1.94,0
18.724,16.76,0.74,1.94,0
18.734,16.76,0.74,1.97,0
18.744,16.76,0.74,1.97,0
18.754,16.76,0.74,1.97,0
18.764,16.76,0.74,1.99,0
18.774,16.76,0.74,1.99,0
18.784,16.76,0.74,1.99,0
18.794,16.76,0.74,2.01,0
18.804,16.76,0.74,2.01,0
18.814,16.76,0.74,2.01,0
18.825,16.57,0.74,2.03,0
18.835,16.76,0.74,2.03,0
18.845,16.57,0.74,2.05,0
18.855,16.57,0.74,2.05,0
18.865,16.57,0.74,2.05,0
18.875,16.57,0.93,2.08,0
18.885,16.57,0.93,2.08,0
18.895,16.76,0.93,2.08,0
18.905,16.76,0.93,2.08,0
18.915,16.57,0.74,2.11,0
18.925,16.76,0.74,2.11,0
18.935,16.76,0.74,2.11,0
18.945,16.76,0.74,2.13,0
18.955,16.76,0.74,2.13,0
18.965,16.76,0.74,2.13,0
18.975,16.76,0.74,2.15,0
18.985,16.76,0.74,2.15,0
18.996,16.76,0.74,2.15,0
19.006,16.76,0.74,2.17,0
19.016,16.76,0.74,2.17,0
19.026,16.76,0.74,2.17,0
19.036,16.57,0.74,2.19,0
19.046,16.57,0.74,2.19,0
19.056,16.76,0.74,2.19,0
19.066,16.57,0.74,2.22,0
19.076,16.76,0.74,2.22,0
19.086,16.76,0.74,2.22,0
19.096,16.76,0.74,2.24,0
19.106,16.76,0.74,2.24,0
19.116,16.57,0.74,2.24,0
19.126,16.57,0.93,2.26,0
19.136,16.57,0.93,2.26,0
19.146,16.57,0.93,2.26,0
19.156,16.76,0.93,2.29,0
19.166,16.76,0.93,2.29,0
19.176,16.76,0.93,2.29,0
19.186,16.76,0.74,2.32,0
19.196,16.94,0.74,2.32,0
19.206,16.76,0.74,2.32,0
19.216,16.76,0.74,2.34,0
19.226,16.76,0.74,2.34,0
19.236,16.94,0.74,2.34,0
19.246,16.76,0.56,2.36,0
19.256,16.76,0.56,2.36,0
19.266,16.76,0.56,2.36,0
19.276,16.76,0.74,2.38,0
19.286,16.76,0.74,2.38,0
19.296,16.76,0.74,2.38,0
19.306,16.76,0.74,2.4,0
19.316,16.76,0.74,2.4,0
19.326,16.76,0.74,2.4,0
19.337,16.76,0.74,2.42,0
19.347,16.76,0.74,2.42,0
19.357,16.76,0.74,2.42,0
19.367,16.76,0.74,2.45,0
19.377,16.76,0.74,2.45,0
19.387,16.76,0.74,2.45,0
19.397,16.76,0.74,2.47,0
19.407,16.76,0.74,2.47,0
19.417,16.76,0.74,2.47,0
19.427,16.76,0.74,2.49,0
19.437,16.76,0.74,2.49,0
19.447,16.76,0.74,2.49,0
19.457,16.76,0.74,2.51,0
19.467,16.76,0.74,2.51,0
19.477,16.76,0.74,2.51,0
19.487,16.76,0.74,2.54,0
19.497,16.76,0.74,2.54,0
19.508,16.76,0.74,2.56,0
19.518,16.76,0.74,2.56,0
19.528,16.76,0.74,2.56,0
19.538,16.76,0.74,2.58,0
19.548,16.76,0.74,2.58,0
19.558,16.76,0.74,2.58,0
19.568,16.76,0.74,2.6,0
19.578,16.57,0.74,2.6,0
19.588,16.57,0.74,2.6,0
19.598,16.76,0.74,2.6,0
19.608,16.76,0.74,2.63,0
19.618,16.57,0.74,2.63,0
19.628,16.57,0.74,2.63,0
19.638,16.76,0.93,2.65,0
19.648,16.76,0.93,2.65,0
19.658,16.76,0.93,2.65,0
19.668,16.57,0.74,2.68,0
19.678,16.76,0.74,2.68,0
19.688,16.76,0.74,2.68,0
19.698,16.57,0.74,2.7,0
19.708,16.76,0.74,2.7,0
19.718,16.57,0.74,2.7,0
19.728,16.76,0.93,2.72,0
19.738,16.76,0.93,2.72,0
19.748,16.76,0.93,2.72,0
19.758,16.76,0.74,2.75,0
19.768,16.76,0.74,2.75,0
19.778,16.76,0.74,2.75,0
19.788,16.76,0.74,2.77,0
19.798,16.76,0.74,2.77,0
19.808,16.76,0.74,2.77,0
19.818,16.76,0.74,2.79,0
19.828,16.76,0.74,2.79,0
19.838,16.76,0.74,2.79,0
19.849,16.76,0.74,2.81,0
19.859,16.76,0.74,2.81,0
19.869,16.76,0.74,2.81,0
19.879,16.76,0.74,2.84,0
19.889,16.76,0.74,2.84,0
19.899,16.76,0.74,2.84,0
19.909,16.76,0.74,2.86,0
19.919,16.76,0.74,2.86,0
19.929,16.76,0.74,2.86,0
19.939,16.76,0.74,2.88,0
19.949,16.76,0.74,2.88,0
19.959,16.76,0.74,2.88,0
19.969,16.76,0.74,2.9,0
19.979,16.76,0.74,2.9,0
19.989,16.76,0.74,2.9,0
19.999,16.57,0.74,2.93,0
20.009,16.57,0.74,2.93,0
20.02,16.57,0.93,2.95,0
20.03,16.76,0.93,2.95,0
20.04,16.76,0.93,2.95,0
20.05,16.76,0.93,2.95,0
20.06,16.76,0.74,2.98,0
20.07,16.76,0.74,2.98,0
20.08,16.76,0.74,2.98,0
20.09,16.76,0.74,3,0
20.1,16.76,0.74,3,0
20.11,16.76,0.74,3,0
20.12,16.76,0.74,3.02,0
20.13,16.76,0.74,3.02,0
20.14,16.76,0.74,3.02,0
20.15,16.76,0.74,3.04,0
20.16,16.76,0.74,3.04,0
20.17,16.76,0.74,3.04,0
20.18,16.57,0.74,3.07,0
20.19,16.76,0.74,3.07,0
20.2,16.76,0.74,3.07,0
20.21,16.76,0.74,3.09,0
20.22,16.57,0.74,3.09,0
20.23,16.57,0.74,3.09,0
20.24,16.57,0.93,3.11,0
20.25,16.76,0.93,3.11,0
20.26,16.57,0.93,3.11,0
20.27,16.76,0.93,3.14,0
20.28,16.76,0.93,3.14,0
20.29,16.76,0.93,3.14,0
20.3,16.94,0.74,3.17,0
20.31,16.76,0.74,3.17,0
20.32,16.76,0.74,3.17,0
20.33,16.76,0.74,3.19,0
20.34,16.76,0.74,3.19,0
20.35,16.76,0.74,3.19,0
20.361,16.76,0.74,3.21,0
20.371,16.76,0.74,3.21,0
20.381,16.76,0.74,3.23,0
20.391,16.76,0.74,3.23,0
20.401,16.76,0.74,3.23,0
20.411,16.76,0.74,3.23,0
20.421,16.76,0.74,3.26,0
20.431,16.76,0.74,3.26,0
20.441,16.76,0.74,3.26,0
20.451,16.76,0.74,3.28,0
20.461,16.76,0.74,3.28,0
20.471,16.76,0.74,3.28,0
20.481,16.76,0.74,3.3,0
20.491,16.76,0.74,3.3,0
20.501,16.76,0.74,3.3,0
20.511,16.76,0.74,3.32,0
20.521,16.76,0.74,3.32,0
20.532,16.76,0.74,3.32,0
20.542,16.76,0.74,3.35,0
20.552,16.76,0.74,3.35,0
20.562,16.76,0.74,3.35,0
20.572,16.76,0.74,3.37,0
20.582,16.76,0.74,3.37,0
20.592,16.76,0.74,3.37,0
20.602,16.76,0.74,3.39,0
20.612,16.76,0.74,3.39,0
20.622,16.76,0.74,3.39,0
20.632,16.76,0.74,3.41,0
20.642,16.76,0.74,3.41,0
20.652,16.76,0.74,3.41,0
20.662,16.76,0.74,3.44,0
20.672,16.76,0.74,3.44,0
20.682,16.76,0.74,3.44,0
20.692,16.76,0.74,3.46,0
20.702,16.76,0.74,3.46,0
20.712,16.76,0.74,3.46,0
20.722,16.76,0.74,3.48,0
20.732,16.76,0.74,3.48,0
20.742,16.76,0.74,3.48,0
20.752,16.76,0.74,3.5,0
20.762,16.76,0.74,3.5,0
20.772,16.76,0.74,3.5,0
20.782,16.76,0.74,3.52,0
20.792,16.76,0.74,3.52,0
20.802,16.76,0.74,3.52,0
20.812,16.76,0.74,3.55,0
20.822,16.76,0.74,3.55,0
20.832,16.76,0.74,3.55,0
20.842,16.76,0.74,3.57,0
20.852,16.76,0.74,3.57,0
20.862,16.76,0.74,3.57,0
20.873,16.76,0.74,3.59,0
20.883,16.76,0.74,3.59,0
20.893,16.57,0.74,3.59,0
20.903,16.57,0.93,3.62,0
20.913,16.57,0.93,3.62,0
20.923,16.76,0.93,3.62,0
20.933,16.57,0.74,3.64,0
20.943,16.57,0.74,3.64,0
20.953,16.76,0.74,3.64,0
20.963,16.57,0.74,3.67,0
20.973,16.57,0.74,3.67,0
20.983,16.76,0.74,3.67,0
20.993,16.76,0.74,3.69,0
21.003,16.76,0.74,3.69,0
21.013,16.57,0.74,3.69,0
21.023,16.57,0.93,3.71,0
21.033,16.76,0.93,3.71,0
21.044,16.57,0.74,3.74,0
21.054,16.76,0.74,3.74,0
21.064,16.76,0.74,3.74,0
21.074,16.76,0.74,3.74,0
21.084,16.76,0.74,3.76,0
21.094,16.76,0.74,3.76,0
21.104,16.76,0.74,3.76,0
21.114,16.76,0.74,3.78,0
21.124,16.76,0.74,3.78,0
21.134,16.57,0.74,3.78,0
21.144,16.76,0.93,3.81,0
21.154,16.76,0.93,3.81,0
21.164,16.76,0.93,3.81,0
21.174,16.76,0.74,3.83,0
21.184,16.76,0.74,3.83,0
21.194,16.76,0.74,3.83,0
21.204,16.76,0.74,3.86,0
21.214,16.76,0.74,3.86,0
21.224,16.76,0.74,3.86,0
21.234,16.76,0.74,3.88,0
21.244,16.76,0.74,3.88,0
21.254,16.76,0.74,3.88,0
21.264,16.76,0.74,3.9,0
21.274,16.76,0.74,3.9,0
21.284,16.76,0.74,3.9,0
21.294,16.76,0.74,3.92,0
21.304,16.76,0.74,3.92,0
21.314,16.76,0.74,3.92,0
21.324,16.76,0.74,3.94,0
21.334,16.76,0.74,3.94,0
21.344,16.76,0.74,3.94,0
21.354,16.57,0.74,3.97,0
21.364,16.57,0.74,3.97,0
21.374,16.57,0.74,3.97,0
21.385,16.76,0.93,3.99,0
21.395,16.76,0.93,3.99,0
21.405,16.57,0.93,3.99,0
21.415,16.76,0.93,4.02,0
21.425,16.76,0.93,4.02,0
21.435,16.76,0.93,4.02,0
21.445,16.94,0.74,4.05,0
21.455,16.94,0.74,4.05,0
21.465,16.76,0.74,4.05,0
21.475,16.76,0.74,4.07,0
21.485,16.76,0.74,4.07,0
21.495,16.76,0.74,4.07,0
21.505,16.76,0.74,4.09,0
21.515,16.76,0.74,4.09,0
21.525,16.76,0.74,4.09,0
21.535,16.76,0.74,4.11,0
21.545,16.76,0.74,4.11,0
21.556,16.76,0.74,4.13,0
21.566,16.76,0.74,4.13,0
21.576,16.76,0.74,4.13,0
21.586,16.76,0.74,4.16,0
21.596,16.76,0.74,4.16,0
21.606,16.76,0.74,4.16,0
21.616,16.76,0.74,4.16,0
21.626,16.76,0.74,4.18,0
21.636,16.76,0.74,4.18,0
21.646,16.76,0.74,4.18,0
21.656,16.76,0.74,4.2,0
21.666,16.76,0.74,4.2,0
21.676,16.76,0.74,4.2,0
21.686,16.76,0.74,4.22,0
21.696,16.76,0.74,4.22,0
21.706,16.76,0.74,4.22,0
21.716,16.76,0.74,4.25,0
21.726,16.76,0.74,4.25,0
21.736,16.76,0.74,4.25,0
21.746,16.76,0.74,4.27,0
21.756,16.76,0.74,4.27,0
21.766,16.76,0.74,4.27,0
21.776,16.76,0.74,4.29,0
21.786,16.76,0.74,4.29,0
21.796,16.76,0.74,4.29,0
21.806,16.76,0.74,4.31,0
21.816,16.76,0.74,4.31,0
21.826,16.76,0.74,4.31,0
21.836,16.76,0.74,4.34,0
21.846,16.76,0.74,4.34,0
21.856,16.76,0.74,4.34,0
21.866,16.76,0.74,4.36,0
21.876,16.76,0.74,4.36,0
21.886,16.76,0.74,4.36,0
21.897,16.76,0.74,4.38,0
21.907,16.76,0.74,4.38,0
21.917,16.76,0.74,4.38,0
21.927,16.76,0.74,4.4,0
21.937,16.76,0.74,4.4,0
21.947,16.76,0.74,4.4,0
21.957,16.76,0.74,4.43,0
21.967,16.76,0.74,4.43,0
21.977,16.76,0.74,4.43,0
21.987,16.76,0.74,4.45,0
21.997,16.76,0.74,4.45,0
22.007,16.76,0.74,4.45,0
22.017,16.76,0.74,4.47,0
22.027,16.76,0.74,4.47,0
22.037,16.76,0.74,4.47,0
22.047,16.76,0.74,4.49,0
22.057,16.57,0.74,4.49,0
22.068,16.57,0.93,4.52,0
22.078,16.76,0.93,4.52,0
22.088,16.76,0.93,4.52,0
22.098,16.76,0.74,4.54,0
22.108,16.76,0.74,4.54,0
22.118,16.76,0.74,4.54,0
22.128,16.76,0.74,4.54,0
22.138,16.76,0.74,4.57,0
22.148,16.76,0.74,4.57,0
22.158,16.76,0.74,4.57,0
22.168,16.76,0.74,4.59,0
22.178,16.76,0.74,4.59,0
22.188,16.76,0.74,4.59,0
22.198,16.76,0.74,4.61,0
22.208,16.57,0.74,4.61,0
22.218,16.57,0.74,4.61,0
22.228,16.76,0.93,4.64,0
22.238,16.76,0.93,4.64,0
22.248,16.76,0.93,4.64,0
22.258,16.76,0.74,4.66,0
22.268,16.76,0.74,4.66,0
22.278,16.76,0.74,4.66,0
22.288,16.76,0.74,4.68,0
22.298,16.76,0.74,4.68,0
22.308,16.76,0.74,4.68,0
22.318,16.57,0.74,4.7,0
22.328,16.57,0.74,4.7,0
22.338,16.57,0.74,4.7,0
22.348,16.76,0.93,4.73,0
22.358,16.57,0.93,4.73,0
22.368,16.76,0.93,4.73,0
22.378,16.76,0.74,4.75,0
22.388,16.76,0.74,4.75,0
22.398,16.57,0.74,4.75,0
22.409,16.76,0.93,4.78,0
22.419,16.76,0.93,4.78,0
22.429,16.76,0.74,4.8,0
22.439,16.76,0.74,4.8,0
22.449,16.76,0.74,4.8,0
22.459,16.76,0.74,4.8,0
22.469,16.76,0.74,4.83,0
22.479,16.57,0.74,4.83,0
22.489,16.76,0.74,4.83,0
22.499,16.76,0.74,4.85,0
22.509,16.76,0.74,4.85,0
22.519,16.76,0.74,4.85,0
22.529,16.76,0.74,4.87,0
22.539,16.76,0.74,4.87,0
22.549,16.76,0.74,4.87,0
22.559,16.76,0.74,4.89,0
22.569,16.76,0.74,4.89,0
22.58,16.76,0.74,4.89,0
22.59,16.76,0.74,4.92,0
22.6,16.76,0.74,4.92,0
22.61,16.76,0.74,4.92,0
22.62,16.76,0.74,4.94,0
22.63,16.76,0.74,4.94,0
22.64,16.76,0.74,4.94,0
22.65,16.76,0.74,4.96,0
22.66,16.76,0.74,4.96,0
22.67,16.76,0.74,4.96,0
22.68,16.76,0.74,4.98,0
22.69,16.57,0.74,4.98,0
22.7,16.76,0.74,4.98,0
22.71,16.57,0.74,5.01,0
22.72,16.57,0.74,5.01,0
22.73,16.76,0.74,5.01,0
22.74,16.76,0.74,5.03,0
22.75,16.76,0.74,5.03,0
22.76,16.76,0.74,5.03,0
22.77,16.76,0.74,5.05,0
22.78,16.76,0.74,5.05,0
22.79,16.57,0.74,5.05,0
22.8,16.57,0.93,5.08,0
22.81,16.76,0.93,5.08,0
22.82,16.76,0.93,5.08,0
22.83,16.57,0.74,5.1,0
22.84,16.76,0.74,5.1,0
22.85,16.57,0.74,5.1,0
22.86,16.76,0.93,5.13,0
22.87,16.76,0.93,5.13,0
22.88,16.76,0.93,5.13,0
22.89,16.76,0.74,5.15,0
22.9,16.76,0.74,5.15,0
22.91,16.76,0.74,5.15,0
22.921,16.76,0.74,5.17,0
22.931,16.76,0.74,5.17,0
22.941,16.76,0.74,5.17,0
22.951,16.76,0.74,5.2,0
22.961,16.57,0.74,5.2,0
22.971,16.76,0.74,5.2,0
22.981,16.76,0.74,5.22,0
22.991,16.57,0.74,5.22,0
23.001,16.76,0.74,5.22,0
23.011,16.57,0.74,5.24,0
23.021,16.57,0.74,5.24,0
23.031,16.76,0.74,5.24,0
23.041,16.76,0.74,5.26,0
23.051,16.57,0.74,5.26,0
23.061,16.57,0.74,5.26,0
23.071,16.76,0.93,5.29,0
23.081,16.57,0.93,5.29,0
23.092,16.76,0.93,5.32,0
23.102,16.76,0.93,5.32,0
23.112,16.76,0.93,5.32,0
23.122,16.76,0.93,5.32,0
23.132,16.76,0.74,5.34,0
23.142,16.76,0.74,5.34,0
23.152,16.76,0.74,5.34,0
23.162,16.76,0.74,5.36,0
23.172,16.76,0.74,5.36,0
23.182,16.76,0.74,5.36,0
23.192,16.76,0.74,5.39,0
23.202,16.76,0.74,5.39,0
23.212,16.76,0.74,5.39,0
23.222,16.76,0.74,5.41,0
23.232,16.76,0.74,5.41,0
23.242,16.76,0.74,5.41,0
23.252,16.76,0.74,5.43,0
23.262,16.76,0.74,5.43,0
23.272,16.76,0.74,5.43,0
23.282,16.76,0.74,5.45,0
23.292,16.76,0.74,5.45,0
23.302,16.76,0.74,5.45,0
23.312,16.76,0.74,5.48,0
23.322,16.76,0.74,5.48,0
23.332,16.76,0.74,5.48,0
23.342,16.76,0.74,5.5,0
23.352,16.76,0.74,5.5,0
23.362,16.76,0.74,5.5,0
23.372,16.76,0.74,5.52,0
23.382,16.76,0.74,5.52,0
23.392,16.76,0.74,5.52,0
23.402,16.76,0.74,5.54,0
23.412,16.76,0.74,5.54,0
23.422,16.76,0.74,5.54,0
23.433,16.76,0.74,5.57,0
23.443,16.76,0.74,5.57,0
23.453,16.57,0.74,5.59,0
23.463,16.76,0.74,5.59,0
23.473,16.76,0.74,5.59,0
23.483,16.76,0.74,5.59,0
23.493,16.76,0.74,5.61,0
23.503,16.76,0.74,5.61,0
23.513,16.76,0.74,5.61,0
23.523,16.76,0.74,5.63,0
23.533,16.76,0.74,5.63,0
23.543,16.76,0.74,5.63,0
23.553,16.76,0.74,5.66,0
23.563,16.76,0.74,5.66,0
23.573,16.76,0.74,5.66,0
23.583,16.76,0.74,5.68,0
23.593,16.76,0.74,5.68,0
23.604,16.76,0.74,5.68,0
23.614,16.76,0.74,5.7,0
23.624,16.57,0.74,5.7,0
23.634,16.57,0.74,5.7,0
23.644,16.76,0.93,5.73,0
23.654,16.76,0.93,5.73,0
23.664,16.57,0.93,5.73,0
23.674,16.76,0.93,5.75,0
23.684,16.76,0.93,5.75,0
23.694,16.76,0.93,5.75,0
23.704,16.76,0.74,5.78,0
23.714,16.76,0.74,5.78,0
23.724,16.76,0.74,5.78,0
23.734,16.76,0.74,5.8,0
23.744,16.76,0.74,5.8,0
23.754,16.76,0.74,5.8,0
23.764,16.76,0.74,5.82,0
23.774,16.76,0.74,5.82,0
23.784,16.76,0.74,5.82,0
23.794,16.76,0.74,5.85,0
23.804,16.76,0.74,5.85,0
23.814,16.76,0.74,5.85,0
23.824,16.76,0.74,5.87,0
23.834,16.76,0.74,5.87,0
23.844,16.76,0.74,5.87,0
23.854,16.76,0.74,5.89,0
23.864,16.76,0.74,5.89,0
23.874,16.76,0.74,5.89,0
23.884,16.76,0.74,5.91,0
23.894,16.76,0.74,5.91,0
23.904,16.76,0.74,5.91,0
23.914,16.76,0.74,5.93,0
23.924,16.76,0.74,5.93,0
23.934,16.76,0.74,5.93,0
23.945,16.76,0.74,5.96,0
23.955,16.76,0.74,5.96,0
23.965,16.76,0.74,5.96,0
23.975,16.76,0.74,5.98,0
23.985,16.76,0.74,5.98,0
23.995,16.76,0.74,5.98,0
24.005,16.76,0.74,6,0
24.015,16.76,0.74,6,0
24.025,16.76,0.74,6,0
24.035,16.76,0.74,6.02,0
24.045,16.76,0.74,6.02,0
24.055,16.76,0.74,6.02,0
24.065,16.76,0.74,6.05,0
24.075,16.76,0.74,6.05,0
24.085,16.76,0.74,6.05,0
24.095,16.76,0.74,6.07,0
24.105,16.76,0.74,6.07,0
24.116,16.76,0.74,6.09,0
24.126,16.76,0.74,6.09,0
24.136,16.57,0.74,6.09,0
24.146,16.76,0.93,6.12,0
24.156,16.76,0.93,6.12,0
24.166,16.76,0.93,6.12,0
24.176,16.76,0.93,6.12,0
24.186,16.57,0.74,6.14,0
24.196,16.76,0.74,6.14,0
24.206,16.76,0.74,6.14,0
24.216,16.76,0.74,6.16,0
24.226,16.76,0.74,6.16,0
24.236,16.76,0.74,6.16,0
24.246,16.76,0.74,6.19,0
24.256,16.57,0.74,6.19,0
24.266,16.76,0.74,6.19,0
24.276,16.57,0.74,6.21,0
24.286,16.76,0.74,6.21,0
24.296,16.57,0.74,6.21,0
24.306,16.57,0.93,6.23,0
24.316,16.57,0.93,6.23,0
24.326,16.57,0.93,6.23,0
24.336,16.76,0.93,6.26,0
24.346,16.76,0.93,6.26,0
24.356,16.76,0.93,6.26,0
24.366,16.76,0.74,6.29,0
24.376,16.76,0.74,6.29,0
24.386,16.76,0.74,6.29,0
24.396,16.76,0.74,6.31,0
24.406,16.76,0.74,6.31,0
24.416,16.76,0.74,6.31,0
24.426,16.76,0.74,6.33,0
24.436,16.76,0.74,6.33,0
24.446,16.76,0.74,6.33,0
24.457,16.76,0.74,6.35,0
24.467,16.76,0.74,6.35,0
24.477,16.76,0.74,6.38,0
24.487,16.76,0.74,6.38,0
24.497,16.76,0.74,6.38,0
24.507,16.76,0.74,6.38,0
24.517,16.76,0.74,6.4,0
24.527,16.76,0.74,6.4,0
24.537,16.76,0.74,6.4,0
24.547,16.76,0.74,6.42,0
24.557,16.76,0.74,6.42,0
24.567,16.76,0.74,6.42,0
24.577,16.76,-16.76,6.18,0
24.587,16.76,-16.76,6.18,0
24.597,16.39,-16.76,6.18,0
24.607,15.47,-16.39,5.68,0
24.617,13.09,-16.39,5.68,0
24.628,11.44,-13.09,5.24,0
24.638,10.16,-13.09,5.24,0
24.648,8.69,-13.09,5.24,0
24.658,7.41,-8.69,4.91,0
24.668,6.31,-8.69,4.91,0
24.678,5.39,-8.69,4.91,0
24.688,4.29,-5.39,4.7,0
24.698,3.38,-5.39,4.7,0
24.708,2.64,-5.39,4.7,0
24.718,1.91,-2.64,4.58,0
24.728,1.54,-2.64,4.58,0
24.738,0.99,-2.64,4.58,0
24.748,0.63,-0.99,4.53,0
24.758,0.44,-0.99,4.53,0
24.768,0.08,-0.99,4.53,0
24.778,-0.1,-0.08,4.51,0
24.788,-0.1,-0.08,4.51,0
24.798,-0.1,-0.08,4.51,0
24.808,-0.1,0.1,4.51,0
24.818,-0.1,0.1,4.51,0
24.828,-0.1,0.1,4.51,0
24.838,-0.1,0.1,4.51,0
24.848,-0.1,0.1,4.52,0
24.858,0.08,0.1,4.52,0
24.868,0.08,0.1,4.52,0
24.878,0.08,-0.08,4.52,0
24.888,0.08,-0.08,4.52,0
24.898,0.08,-0.08,4.52,0
24.908,0.26,-0.08,4.51,0
24.918,0.26,-0.08,4.51,0
24.928,0.26,-0.08,4.51,0
24.938,0.26,-0.26,4.51,0
24.948,0.26,-0.26,4.51,0
24.958,0.26,-0.26,4.51,0
24.969,0.26,-0.26,4.5,0
24.979,0.26,-0.26,4.5,0
24.989,0.26,-0.26,4.49,0
24.999,0.26,-0.26,4.49,0
25.009,0.26,-0.26,4.49,0
25.019,0.26,-0.26,4.49,0
25.029,0.26,-0.26,4.48,0
25.039,0.26,-0.26,4.48,0
25.049,0.08,-0.26,4.48,0
25.059,0.26,-0.08,4.48,0
25.069,0.26,-0.08,4.48,0
25.079,0.26,-0.08,4.48,0
25.089,0.26,-0.26,4.47,0
25.099,0.26,-0.26,4.47,0
25.109,0.26,-0.26,4.47,0
25.119,0.26,-0.26,4.47,0
25.129,0.26,-0.26,4.47,0
25.14,0.26,-0.26,4.47,0
25.15,0.26,-0.26,4.46,0
25.16,0.26,-0.26,4.46,0
25.17,0.26,-0.26,4.46,0
25.18,0.26,-0.26,4.45,0
25.19,0.26,-0.26,4.45,0
25.2,0.26,-0.26,4.45,0
25.21,0.26,-0.26,4.44,0
25.22,0.26,-0.26,4.44,0
25.23,0.26,-0.26,4.44,0
25.24,0.26,-0.26,4.44,0
25.25,0.26,-0.26,4.44,0
25.26,0.26,-0.26,4.44,0
25.27,0.26,-0.26,4.43,0
25.28,0.26,-0.26,4.43,0
25.29,0.26,-0.26,4.43,0
25.3,0.26,-0.26,4.42,0
25.31,0.26,-0.26,4.42,0
25.32,0.44,-0.26,4.42,0
25.33,0.44,-0.44,4.41,0
25.34,0.44,-0.44,4.41,0
25.35,0.44,-0.44,4.41,0
25.36,0.26,-0.44,4.4,0
25.37,0.26,-0.44,4.4,0
25.38,0.26,-0.44,4.4,0
25.39,0.26,-0.26,4.39,0
25.4,0.26,-0.26,4.39,0
25.41,0.26,-0.26,4.39,0
25.42,0.26,-0.26,4.38,0
25.43,0.26,-0.26,4.38,0
25.44,0.26,-0.26,4.38,0
25.45,0.26,-0.26,4.37,0
25.46,0.26,-0.26,4.37,0
25.47,0.26,-0.26,4.37,0
25.481,0.26,-0.26,4.36,0
25.491,0.26,-0.26,4.36,0
25.501,0.26,-0.26,4.35,0
25.511,0.44,-0.26,4.35,0
25.521,0.44,-0.26,4.35,0
25.531,0.44,-0.26,4.35,0
25.541,0.44,-0.44,4.34,0
25.551,0.44,-0.44,4.34,0
25.561,0.44,-0.44,4.34,0
25.571,0.26,-0.44,4.33,0
25.581,0.26,-0.44,4.33,0
25.591,0.26,-0.44,4.33,0
25.601,0.26,-0.26,4.32,0
25.611,0.26,-0.26,4.32,0
25.621,0.26,-0.26,4.32,0
25.631,0.26,-0.26,4.31,0
25.641,0.26,-0.26,4.31,0
25.652,0.26,-0.26,4.31,0
25.662,0.26,-0.26,4.3,0
25.672,0.26,-0.26,4.3,0
25.682,0.26,-0.26,4.3,0
25.692,0.26,-0.26,4.29,0
25.702,0.44,-0.26,4.29,0
25.712,0.44,-0.26,4.29,0
25.722,0.44,-0.44,4.28,0
25.732,0.44,-0.44,4.28,0
25.742,0.26,-0.44,4.28,0
25.752,0.44,-0.26,4.27,0
25.762,0.26,-0.26,4.27,0
25.772,0.26,-0.26,4.27,0
25.782,0.26,-0.26,4.27,0
25.792,0.26,-0.26,4.27,0
25.802,0.26,-0.26,4.27,0
25.812,0.26,-0.26,4.26,0
25.822,0.26,-0.26,4.26,0
25.832,0.26,-0.26,4.26,0
25.842,0.26,-0.26,4.25,0
25.852,0.26,-0.26,4.25,0
25.862,0.26,-0.26,4.25,0
25.872,0.26,-0.26,4.24,0
25.882,0.26,-0.26,4.24,0
25.892,0.44,-0.26,4.24,0
25.902,0.44,-0.44,4.23,0
25.912,0.44,-0.44,4.23,0
25.922,0.44,-0.44,4.23,0
25.932,0.44,-0.44,4.22,0
25.942,0.44,-0.44,4.22,0
25.952,0.44,-0.44,4.22,0
25.962,0.26,-0.44,4.21,0
25.972,0.26,-0.44,4.21,0
25.982,0.26,-0.44,4.21,0
25.993,0.26,-0.26,4.19,0
26.003,0.26,-0.26,4.19,0
26.013,0.26,-0.26,4.19,0
26.023,0.26,-0.26,4.19,0
26.033,0.26,-0.26,4.19,0
26.043,0.26,-0.26,4.18,0
26.053,0.26,-0.26,4.18,0
26.063,0.26,-0.26,4.18,0
26.073,0.44,-0.26,4.18,0
26.083,0.26,-0.44,4.17,0
26.093,0.44,-0.44,4.17,0
26.103,0.26,-0.44,4.17,0
26.113,0.44,-0.26,4.16,0
26.123,0.26,-0.26,4.16,0
26.133,0.44,-0.26,4.16,0
26.143,0.44,-0.44,4.15,0
26.153,0.26,-0.44,4.15,0
26.164,0.26,-0.44,4.15,0
26.174,0.26,-0.26,4.14,0
26.184,0.26,-0.26,4.14,0
26.194,0.26,-0.26,4.14,0
26.204,0.26,-0.26,4.13,0
26.214,0.26,-0.26,4.13,0
26.224,0.26,-0.26,4.13,0
26.234,0.26,-0.26,4.12,0
26.244,0.26,-0.26,4.12,0
26.254,0.26,-0.26,4.12,0
26.264,0.26,-0.26,4.11,0
26.274,0.44,-0.26,4.11,0
26.284,0.26,-0.26,4.11,0
26.294,0.26,-0.26,4.1,0
26.304,0.44,-0.26,4.1,0
26.314,0.44,-0.26,4.1,0
26.324,0.44,-0.44,4.09,0
26.334,0.26,-0.44,4.09,0
26.344,0.44,-0.44,4.09,0
26.354,0.26,-0.44,4.08,0
26.364,0.26,-0.44,4.08,0
26.374,0.26,-0.44,4.08,0
26.384,0.26,-0.26,4.07,0
26.394,0.26,-0.26,4.07,0
26.404,0.26,-0.26,4.07,0
26.414,0.26,-0.26,4.06,0
26.424,0.26,-0.26,4.06,0
26.434,0.26,-0.26,4.06,0
26.444,0.26,-0.26,4.05,0
26.454,0.26,-0.26,4.05,0
26.464,0.44,-0.26,4.05,0
26.474,0.26,-0.44,4.04,0
26.484,0.44,-0.44,4.04,0
26.494,0.44,-0.44,4.04,0
26.505,0.44,-0.44,4.03,0
26.515,0.44,-0.44,4.03,0
26.525,0.44,-0.44,4.03,0
26.535,0.26,-0.44,4.02,0
26.545,0.44,-0.44,4.02,0
26.555,0.26,-0.44,4.02,0
26.565,0.26,-0.26,4.01,0
26.575,0.26,-0.26,4.01,0
26.585,0.26,-0.26,4.01,0
26.595,0.26,-0.26,4,0
26.605,0.26,-0.26,4,0
26.615,0.26,-0.26,4,0
26.625,0.26,-0.26,3.99,0
26.635,0.26,-0.26,3.99,0
26.645,0.26,-0.26,3.99,0
26.655,0.44,-0.26,3.98,0
26.665,0.44,-0.26,3.98,0
26.676,0.44,-0.44,3.97,0
26.686,0.44,-0.44,3.97,0
26.696,0.26,-0.44,3.97,0
26.706,0.44,-0.26,3.96,0
26.716,0.44,-0.26,3.96,0
26.726,0.44,-0.26,3.96,0
26.736,0.44,-0.26,3.96,0
26.746,0.26,-0.44,3.95,0
26.756,0.26,-0.44,3.95,0
26.766,0.26,-0.44,3.95,0
26.776,0.26,-0.26,3.94,0
26.786,0.26,-0.26,3.94,0
26.796,0.26,-0.26,3.94,0
26.806,0.26,-0.26,3.93,0
26.816,0.26,-0.26,3.93,0
26.826,0.26,-0.26,3.93,0
26.836,0.26,-0.26,3.92,0
26.846,0.26,-0.26,3.92,0
26.856,0.44,-0.26,3.92,0
26.866,0.44,-0.44,3.91,0
26.876,0.44,-0.44,3.91,0
26.886,0.26,-0.44,3.91,0
26.896,0.44,-0.26,3.9,0
26.906,0.44,-0.26,3.9,0
26.916,0.44,-0.26,3.9,0
26.926,0.26,-0.44,3.89,0
26.936,0.44,-0.44,3.89,0
26.946,0.26,-0.44,3.89,0
26.956,0.26,-0.26,3.88,0
26.966,0.26,-0.26,3.88,0
26.976,0.26,-0.26,3.88,0
26.986,0.26,-0.26,3.87,0
26.996,0.44,-0.26,3.87,0
27.006,0.26,-0.26,3.87,0
27.017,0.26,-0.26,3.87,0
27.027,0.26,-0.26,3.87,0
27.037,0.26,-0.26,3.86,0
27.047,0.44,-0.26,3.86,0
27.057,0.26,-0.26,3.86,0
27.067,0.44,-0.26,3.85,0
27.077,0.44,-0.26,3.85,0
27.087,0.44,-0.26,3.85,0
27.097,0.44,-0.26,3.85,0
27.107,0.44,-0.44,3.84,0
27.117,0.26,-0.44,3.84,0
27.127,0.44,-0.44,3.84,0
27.137,0.26,-0.44,3.83,0
27.147,0.26,-0.44,3.83,0
27.157,0.26,-0.44,3.83,0
27.167,0.26,-0.26,3.82,0
27.177,0.26,-0.26,3.82,0
27.188,0.26,-0.26,3.81,0
27.198,0.26,-0.26,3.81,0
27.208,0.26,-0.26,3.81,0
27.218,0.26,-0.26,3.8,0
27.228,0.26,-0.26,3.8,0
27.238,0.44,-0.26,3.8,0
27.248,0.44,-0.44,3.79,0
27.258,0.44,-0.44,3.79,0
27.268,0.44,-0.44,3.79,0
27.278,0.44,-0.44,3.79,0
27.288,0.44,-0.44,3.78,0
27.298,0.26,-0.44,3.78,0
27.308,0.44,-0.44,3.78,0
27.318,0.44,-0.44,3.76,0
27.328,0.44,-0.44,3.76,0
27.338,0.26,-0.44,3.76,0
27.348,0.26,-0.26,3.75,0
27.358,0.26,-0.26,3.75,0
27.368,0.26,-0.26,3.75,0
27.378,0.26,-0.26,3.74,0
27.388,0.44,-0.26,3.74,0
27.398,0.26,-0.26,3.74,0
27.408,0.26,-0.26,3.74,0
27.418,0.26,-0.26,3.74,0
27.428,0.26,-0.26,3.74,0
27.438,0.44,-0.26,3.73,0
27.448,0.44,-0.26,3.73,0
27.458,0.44,-0.26,3.73,0
27.468,0.26,-0.44,3.72,0
27.478,0.44,-0.44,3.72,0
27.488,0.44,-0.44,3.72,0
27.498,0.44,-0.44,3.7,0
27.508,0.44,-0.44,3.7,0
27.518,0.44,-0.44,3.7,0
27.529,0.26,-0.44,3.69,0
27.539,0.26,-0.44,3.69,0
27.549,0.26,-0.26,3.68,0
27.559,0.26,-0.26,3.68,0
27.569,0.26,-0.26,3.68,0
27.579,0.44,-0.26,3.68,0
27.589,0.26,-0.44,3.67,0
27.599,0.26,-0.44,3.67,0
27.609,0.26,-0.44,3.67,0
27.619,0.26,-0.26,3.66,0
27.629,0.26,-0.26,3.66,0
27.639,0.26,-0.26,3.66,0
27.649,0.44,-0.26,3.65,0
27.659,0.44,-0.26,3.65,0
27.669,0.44,-0.26,3.65,0
27.679,0.44,-0.44,3.64,0
27.689,0.44,-0.44,3.64,0
27.7,0.26,-0.44,3.64,0
27.71,0.26,-0.26,3.63,0
27.72,0.44,-0.26,3.63,0
27.73,0.26,-0.26,3.63,0
27.74,0.26,-0.26,3.62,0
27.75,0.26,-0.26,3.62,0
27.76,0.26,-0.26,3.62,0
27.77,0.26,-0.26,3.61,0
27.78,0.26,-0.26,3.61,0
27.79,0.26,-0.26,3.61,0
27.8,0.26,-0.26,3.61,0
27.81,0.44,-0.26,3.61,0
27.82,0.44,-0.26,3.61,0
27.83,0.44,-0.44,3.59,0
27.84,0.44,-0.44,3.59,0
27.85,0.44,-0.44,3.59,0
27.86,0.44,-0.44,3.58,0
27.87,0.26,-0.44,3.58,0
27.88,0.44,-0.44,3.58,0
27.89,0.44,-0.44,3.57,0
27.9,0.44,-0.44,3.57,0
27.91,0.44,-0.44,3.57,0
27.92,0.44,-0.44,3.55,0
27.93,0.26,-0.44,3.55,0
27.94,0.26,-0.44,3.55,0
27.95,0.26,-0.26,3.54,0
27.96,0.26,-0.26,3.54,0
27.97,0.26,-0.26,3.54,0
27.98,0.26,-0.26,3.54,0
27.99,0.26,-0.26,3.54,0
28,0.44,-0.26,3.54,0
28.01,0.44,-0.44,3.53,0
28.02,0.44,-0.44,3.53,0
28.03,0.44,-0.44,3.53,0
28.041,0.26,-0.44,3.51,0
28.051,0.44,-0.44,3.51,0
28.061,0.44,-0.44,3.51,0
28.071,0.44,-0.44,3.5,0
28.081,0.44,-0.44,3.5,0
28.091,0.44,-0.44,3.5,0
28.101,0.44,-0.44,3.49,0
28.111,0.26,-0.44,3.49,0
28.121,0.26,-0.44,3.49,0
28.131,0.26,-0.26,3.47,0
28.141,0.26,-0.26,3.47,0
28.151,0.26,-0.26,3.47,0
28.161,0.26,-0.26,3.47,0
28.171,0.26,-0.26,3.47,0
28.181,0.26,-0.26,3.47,0
28.191,0.26,-0.26,3.46,0
28.201,0.44,-0.26,3.46,0
28.212,0.44,-0.44,3.45,0
28.222,0.26,-0.44,3.45,0
28.232,0.44,-0.44,3.45,0
28.242,0.26,-0.44,3.43,0
28.252,0.44,-0.44,3.43,0
28.262,0.44,-0.44,3.43,0
28.272,0.44,-0.44,3.42,0
28.282,0.44,-0.44,3.42,0
28.292,0.26,-0.44,3.42,0
28.302,0.44,-0.26,3.41,0
28.312,0.26,-0.26,3.41,0
28.322,0.26,-0.26,3.41,0
28.332,0.26,-0.26,3.41,0
28.342,0.26,-0.26,3.4,0
28.352,0.26,-0.26,3.4,0
28.362,0.26,-0.26,3.4,0
28.372,0.26,-0.26,3.39,0
28.382,0.44,-0.26,3.39,0
28.392,0.44,-0.26,3.39,0
28.402,0.26,-0.44,3.38,0
28.412,0.26,-0.44,3.38,0
28.422,0.26,-0.44,3.38,0
28.432,0.44,-0.26,3.37,0
28.442,0.44,-0.26,3.37,0
28.452,0.44,-0.26,3.37,0
28.462,0.44,-0.44,3.36,0
28.472,0.44,-0.44,3.36,0
28.482,0.44,-0.44,3.36,0
28.492,0.26,-0.44,3.35,0
28.502,0.26,-0.44,3.35,0
28.512,0.26,-0.44,3.35,0
28.522,0.26,-0.26,3.34,0
28.532,0.26,-0.26,3.34,0
28.542,0.26,-0.26,3.34,0
28.553,0.26,-0.26,3.33,0
28.563,0.26,-0.26,3.33,0
28.573,0.26,-0.26,3.33,0
28.583,0.44,-0.26,3.32,0
28.593,0.44,-0.26,3.32,0
28.603,0.44,-0.26,3.32,0
28.613,0.44,-0.44,3.31,0
28.623,0.26,-0.44,3.31,0
28.633,0.44,-0.44,3.31,0
28.643,0.44,-0.44,3.3,0
28.653,0.44,-0.44,3.3,0
28.663,0.44,-0.44,3.3,0
28.673,0.44,-0.44,3.29,0
28.683,0.26,-0.44,3.29,0
28.693,0.26,-0.44,3.29,0
28.703,0.26,-0.26,3.28,0
28.713,0.26,-0.26,3.28,0
28.724,0.26,-0.26,3.27,0
28.734,0.26,-0.26,3.27,0
28.744,0.26,-0.26,3.27,0
28.754,0.26,-0.26,3.26,0
28.764,0.26,-0.26,3.26,0
28.774,0.44,-0.26,3.26,0
28.784,0.44,-0.26,3.26,0
28.794,0.26,-0.44,3.25,0
28.804,0.26,-0.44,3.25,0
28.814,0.44,-0.44,3.25,0
28.824,0.44,-0.44,3.24,0
28.834,0.44,-0.44,3.24,0
28.844,0.44,-0.44,3.24,0
28.854,0.26,-0.44,3.22,0
28.864,0.44,-0.44,3.22,0
28.874,0.26,-0.44,3.22,0
28.884,0.26,-0.26,3.21,0
28.894,0.44,-0.26,3.21,0
28.904,0.26,-0.26,3.21,0
28.914,0.26,-0.26,3.2,0
28.924,0.26,-0.26,3.2,0
28.934,0.26,-0.26,3.2,0
28.944,0.26,-0.26,3.2,0
28.954,0.26,-0.26,3.2,0
28.964,0.26,-0.26,3.2,0
28.974,0.44,-0.26,3.19,0
28.984,0.44,-0.26,3.19,0
28.994,0.44,-0.26,3.19,0
29.004,0.26,-0.44,3.18,0
29.014,0.44,-0.44,3.18,0
29.024,0.44,-0.44,3.18,0
29.034,0.44,-0.44,3.16,0
29.044,0.44,-0.44,3.16,0
29.054,0.26,-0.44,3.16,0
29.065,0.44,-0.26,3.15,0
29.075,0.26,-0.26,3.15,0
29.085,0.26,-0.26,3.15,0
29.095,0.26,-0.26,3.15,0
29.105,0.26,-0.26,3.15,0
29.115,0.26,-0.26,3.15,0
29.125,0.26,-0.26,3.14,0
29.135,0.26,-0.26,3.14,0
29.145,0.26,-0.26,3.14,0
29.155,0.44,-0.26,3.13,0
29.165,0.44,-0.26,3.13,0
29.175,0.26,-0.26,3.13,0
29.185,0.26,-0.26,3.12,0
29.195,0.44,-0.26,3.12,0
29.205,0.44,-0.26,3.12,0
29.215,0.44,-0.44,3.11,0
29.225,0.44,-0.44,3.11,0
29.236,0.44,-0.44,3.11,0
29.246,0.44,-0.44,3.1,0
29.256,0.44,-0.44,3.1,0
29.266,0.44,-0.44,3.1,0
29.276,0.26,-0.44,3.08,0
29.286,0.44,-0.44,3.08,0
29.296,0.26,-0.44,3.08,0
29.306,0.26,-0.26,3.07,0
29.316,0.26,-0.26,3.07,0
29.326,0.26,-0.26,3.07,0
29.336,0.44,-0.26,3.07,0
29.346,0.26,-0.26,3.07,0
29.356,0.44,-0.26,3.07,0
29.366,0.44,-0.44,3.05,0
29.376,0.26,-0.44,3.05,0
29.386,0.26,-0.44,3.05,0
29.396,0.26,-0.26,3.04,0
29.406,0.44,-0.26,3.04,0
29.416,0.44,-0.26,3.04,0
29.426,0.44,-0.44,3.03,0
29.436,0.44,-0.44,3.03,0
29.446,0.44,-0.44,3.03,0
29.456,0.44,-0.44,3.02,0
29.466,0.26,-0.44,3.02,0
29.476,0.26,-0.44,3.02,0
29.486,0.26,-0.26,3.01,0
29.496,0.26,-0.26,3.01,0
29.506,0.26,-0.26,3.01,0
29.516,0.26,-0.26,3,0
29.526,0.26,-0.26,3,0
29.536,0.26,-0.26,3,0
29.546,0.26,-0.26,2.99,0
29.556,0.44,-0.26,2.99,0
29.566,0.44,-0.26,2.99,0
29.577,0.44,-0.44,2.98,0
29.587,0.44,-0.44,2.98,0
29.597,0.44,-0.44,2.98,0
29.607,0.44,-0.44,2.97,0
29.617,0.44,-0.44,2.97,0
29.627,0.44,-0.44,2.97,0
29.637,0.44,-0.44,2.96,0
29.647,0.44,-0.44,2.96,0
29.657,0.26,-0.44,2.96,0
29.667,0.26,-0.26,2.95,0
29.677,0.26,-0.26,2.95,0
29.687,0.26,-0.26,2.95,0
29.697,0.26,-0.26,2.94,0
29.707,0.26,-0.26,2.94,0
29.717,0.26,-0.26,2.94,0
29.727,0.44,-0.26,2.93,0
29.737,0.44,-0.26,2.93,0
29.748,0.26,-0.44,2.92,0
29.758,0.44,-0.44,2.92,0
29.768,0.26,-0.44,2.92,0
29.778,0.44,-0.44,2.92,0
29.788,0.44,-0.44,2.91,0
29.798,0.44,-0.44,2.91,0
29.808,0.44,-0.44,2.91,0
29.818,0.44,-0.44,2.89,0
29.828,0.26,-0.44,2.89,0
29.838,0.26,-0.44,2.89,0
29.848,0.26,-0.26,2.88,0
29.858,0.26,-0.26,2.88,0
29.868,0.26,-0.26,2.88,0
29.878,0.26,-0.26,2.87,0
29.888,0.26,-0.26,2.87,0
29.898,0.26,-0.26,2.87,0
29.908,0.26,-0.26,2.87,0
29.918,0.44,-0.26,2.87,0
29.928,0.44,-0.26,2.87,0
29.938,0.44,-0.44,2.86,0
29.948,0.26,-0.44,2.86,0
29.958,0.26,-0.44,2.86,0
29.968,0.44,-0.26,2.84,0
29.978,0.44,-0.26,2.84,0
29.988,0.44,-0.26,2.84,0
29.998,0.44,-0.44,2.83,0
30.008,0.44,-0.44,2.83,0
30.018,0.44,-0.44,2.83,0
30.028,0.44,-0.44,2.82,0
30.038,0.44,-0.44,2.82,0
30.048,0.44,-0.44,2.82,0
30.058,0.26,-0.44,2.81,0
30.068,0.26,-0.44,2.81,0
30.078,0.26,-0.44,2.81,0
30.089,0.26,-0.26,2.8,0
30.099,0.26,-0.26,2.8,0
30.109,0.26,-0.26,2.79,0
30.119,0.26,-0.26,2.79,0
30.129,0.44,-0.26,2.79,0
30.139,0.44,-0.26,2.79,0
30.149,0.44,-0.44,2.78,0
30.159,0.44,-0.44,2.78,0
30.169,0.26,-0.44,2.78,0
30.179,0.26,-0.26,2.77,0
30.189,0.44,-0.26,2.77,0
30.199,0.44,-0.26,2.77,0
30.209,0.44,-0.44,2.76,0
30.219,0.26,-0.44,2.76,0
30.229,0.44,-0.44,2.76,0
30.239,0.44,-0.44,2.74,0
30.249,0.26,-0.44,2.74,0
30.26,0.44,-0.44,2.74,0
30.27,0.26,-0.44,2.73,0
30.28,0.26,-0.44,2.73,0
30.29,0.26,-0.44,2.73,0
30.3,0.44,-0.26,2.72,0
30.31,0.26,-0.26,2.72,0
30.32,0.44,-0.26,2.72,0
30.33,0.26,-0.44,2.71,0
30.34,0.44,-0.44,2.71,0
30.35,0.26,-0.44,2.71,0
30.36,0.44,-0.26,2.7,0
30.37,0.44,-0.26,2.7,0
30.38,0.44,-0.26,2.7,0
30.39,0.26,-0.44,2.69,0
30.4,0.26,-0.44,2.69,0
30.41,0.26,-0.44,2.69,0
30.42,0.26,-0.26,2.68,0
30.43,0.26,-0.26,2.68,0
30.44,0.26,-0.26,2.68,0
30.45,0.26,-0.26,2.67,0
30.46,0.26,-0.26,2.67,0
30.47,0.26,-0.26,2.67,0
30.48,0.26,-0.26,2.66,0
30.49,0.26,-0.26,2.66,0
30.5,0.26,-0.26,2.66,0
30.51,0.26,-0.26,2.65,0
30.52,0.26,-0.26,2.65,0
30.53,0.44,-0.26,2.65,0
30.54,0.44,-0.44,2.64,0
30.55,0.26,-0.44,2.64,0
30.56,0.44,-0.44,2.64,0
30.57,0.44,-0.44,2.63,0
30.58,0.44,-0.44,2.63,0
30.59,0.44,-0.44,2.63,0
30.601,0.44,-0.44,2.62,0
30.611,0.26,-0.44,2.62,0
30.621,0.26,-0.26,2.61,0
30.631,0.26,-0.26,2.61,0
30.641,0.26,-0.26,2.61,0
30.651,0.26,-0.26,2.61,0
30.661,0.26,-0.26,2.6,0
30.671,0.26,-0.26,2.6,0
30.681,0.26,-0.26,2.6,0
30.691,0.44,-0.26,2.59,0
30.701,0.44,-0.26,2.59,0
30.711,0.44,-0.26,2.59,0
30.721,0.26,-0.44,2.58,0
30.731,0.26,-0.44,2.58,0
30.741,0.26,-0.44,2.58,0
30.751,0.26,-0.26,2.57,0
30.761,0.26,-0.26,2.57,0
30.772,0.26,-0.26,2.57,0
30.782,0.44,-0.26,2.56,0
30.792,0.26,-0.26,2.56,0
30.802,0.26,-0.26,2.56,0
30.812,0.26,-0.26,2.55,0
30.822,0.26,-0.26,2.55,0
30.832,0.44,-0.26,2.55,0
30.842,0.26,-0.44,2.54,0
30.852,0.26,-0.44,2.54,0
30.862,0.26,-0.44,2.54,0
30.872,0.26,-0.26,2.53,0
30.882,0.26,-0.26,2.53,0
30.892,0.26,-0.26,2.53,0
30.902,0.26,-0.26,2.52,0
30.912,0.44,-0.26,2.52,0
30.922,0.26,-0.26,2.52,0
30.932,0.44,-0.26,2.52,0
30.942,0.26,-0.26,2.52,0
30.952,0.44,-0.26,2.52,0
30.962,0.26,-0.44,2.5,0
30.972,0.26,-0.44,2.5,0
30.982,0.26,-0.44,2.5,0
30.992,0.26,-0.26,2.49,0
31.002,0.26,-0.26,2.49,0
31.012,0.26,-0.26,2.49,0
31.022,0.26,-0.26,2.49,0
31.032,0.26,-0.26,2.49,0
31.042,0.26,-0.26,2.49,0
31.052,0.26,-0.26,2.48,0
31.062,0.26,-0.26,2.48,0
31.072,0.26,-0.26,2.48,0
31.082,0.44,-0.26,2.47,0
31.092,0.44,-0.26,2.47,0
31.102,0.26,-0.26,2.47,0
31.113,0.44,-0.26,2.46,0
31.123,0.26,-0.26,2.46,0
31.133,0.26,-0.26,2.45,0
31.143,0.26,-0.26,2.45,0
31.153,0.26,-0.26,2.45,0
31.163,0.26,-0.26,2.45,0
31.173,0.26,-0.26,2.45,0
31.183,0.26,-0.26,2.45,0
31.193,0.26,-0.26,2.45,0
31.203,0.26,-0.26,2.44,0
31.213,0.26,-0.26,2.44,0
31.223,0.26,-0.26,2.44,0
31.233,0.26,-0.26,2.43,0
31.243,0.26,-0.26,2.43,0
31.253,0.26,-0.26,2.43,0
31.263,0.26,-0.26,2.42,0
31.273,0.26,-0.26,2.42,0
31.284,0.26,-0.26,2.42,0
31.294,0.26,-0.26,2.42,0
31.304,0.26,-0.26,2.42,0
31.314,0.26,-0.26,2.42,0
31.324,0.26,-0.26,2.41,0
31.334,0.26,-0.26,2.41,0
31.344,0.26,-0.26,2.41,0
31.354,0.26,-0.26,2.4,0
31.364,0.26,-0.26,2.4,0
31.374,0.26,-0.26,2.4,0
31.384,0.26,-0.26,2.39,0
31.394,0.26,-0.26,2.39,0
31.404,0.26,-0.26,2.39,0
31.414,0.44,-0.26,2.38,0
31.424,0.26,-0.26,2.38,0
31.434,0.26,-0.26,2.38,0
31.444,0.26,-0.26,2.38,0
31.454,0.26,-0.26,2.38,0
31.464,0.26,-0.26,2.38,0
31.474,0.26,-0.26,2.37,0
31.484,0.26,-0.26,2.37,0
31.494,0.26,-0.26,2.37,0
31.504,0.26,-0.26,2.36,0
31.514,0.26,-0.26,2.36,0
31.524,0.26,-0.26,2.36,0
31.534,0.26,-0.26,2.35,0
31.544,0.26,-0.26,2.35,0
31.554,0.26,-0.26,2.35,0
31.564,0.26,-0.26,2.34,0
31.574,0.26,-0.26,2.34,0
31.584,0.26,-0.26,2.34,0
31.594,0.26,-0.26,2.34,0
31.604,0.26,-0.26,2.34,0
31.614,0.44,-0.26,2.34,0
31.625,0.26,-0.44,2.33,0
31.635,0.26,-0.44,2.33,0
31.645,0.26,-0.26,2.32,0
31.655,0.26,-0.26,2.32,0
31.665,0.26,-0.26,2.32,0
31.675,0.26,-0.26,2.31,0
31.685,0.26,-0.26,2.31,0
31.695,0.26,-0.26,2.31,0
31.705,0.26,-0.26,2.3,0
31.715,0.26,-0.26,2.3,0
31.725,0.26,-0.26,2.3,0
31.735,0.26,-0.26,2.3,0
31.745,0.26,-0.26,2.29,0
31.755,0.26,-0.26,2.29,0
31.765,0.26,-0.26,2.29,0
31.775,0.26,-0.26,2.28,0
31.785,0.26,-0.26,2.28,0
31.796,0.26,-0.26,2.28,0
31.806,0.26,-0.26,2.28,0
31.816,0.26,-0.26,2.28,0
31.826,0.26,-0.26,2.27,0
31.836,0.26,-0.26,2.27,0
31.846,0.26,-0.26,2.27,0
31.856,0.26,-0.26,2.27,0
31.866,0.26,-0.26,2.26,0
31.876,0.26,-0.26,2.26,0
31.886,0.26,-0.26,2.26,0
31.896,0.26,-0.26,2.25,0
31.906,0.26,-0.26,2.25,0
31.916,0.26,-0.26,2.25,0
31.926,0.26,-0.26,2.24,0
31.936,0.26,-0.26,2.24,0
31.946,0.26,-0.26,2.24,0
31.956,0.26,-0.26,2.24,0
31.966,0.26,-0.26,2.24,0
31.976,0.26,-0.26,2.24,0
31.986,0.26,-0.26,2.23,0
31.996,0.44,-0.26,2.23,0
32.006,0.26,-0.26,2.23,0
32.016,0.26,-0.26,2.22,0
32.026,0.26,-0.26,2.22,0
32.036,0.26,-0.26,2.22,0
32.046,0.26,-0.26,2.21,0
32.047,0.26,0,0,1
32.069,0.26,0,0,0
32.079,0.26,0,0,0
32.089,0.26,0,0,0
32.099,0.26,-0.26,-0,0
32.109,0.26,-0.26,-0,0
32.119,0.26,-0.26,-0,0
32.129,0.26,-0.26,-0.01,0
32.139,0.26,-0.26,-0.01,0
32.149,0.26,-0.26,-0.01,0
32.159,0.26,-0.26,-0.02,0
32.169,0.26,-0.26,-0.02,0
32.18,0.26,-0.26,-0.02,0
32.19,0.26,-0.26,-0.03,0
32.2,0.44,-0.26,-0.03,0
32.21,0.26,-0.26,-0.03,0
32.22,0.44,-0.26,-0.04,0
32.23,0.26,-0.26,-0.04,0
32.24,0.26,-0.26,-0.04,0
32.25,0.26,-0.26,-0.04,0
32.26,0.26,-0.26,-0.04,0
32.27,0.26,-0.26,-0.04,0
32.28,0.26,-0.26,-0.05,0
32.29,0.26,-0.26,-0.05,0
32.3,0.26,-0.26,-0.05,0
32.31,0.26,-0.26,-0.06,0
32.32,0.26,-0.26,-0.06,0
32.33,0.26,-0.26,-0.06,0
32.34,0.26,-0.26,-0.07,0
32.35,0.26,-0.26,-0.07,0
32.36,0.26,-0.26,-0.07,0
32.37,0.26,-0.26,-0.07,0
32.38,0.26,-0.26,-0.07,0
32.39,0.26,-0.26,-0.07,0
32.4,0.26,-0.26,-0.08,0
32.41,0.26,-0.26,-0.08,0
32.42,0.26,-0.26,-0.08,0
32.43,0.26,-0.26,-0.09,0
32.44,0.26,-0.26,-0.09,0
32.45,0.26,-0.26,-0.09,0
32.46,0.26,-0.26,-0.1,0
32.47,0.26,-0.26,-0.1,0
32.48,0.26,-0.26,-0.1,0
32.49,0.26,-0.26,-0.11,0
32.5,0.26,-0.26,-0.11,0
32.51,0.26,-0.26,-0.11,0
32.521,0.26,-0.26,-0.11,0
32.531,0.26,-0.26,-0.11,0
32.541,0.26,-0.26,-0.11,0
32.551,0.26,-0.26,-0.12,0
32.561,0.26,-0.26,-0.12,0
32.571,0.26,-0.26,-0.12,0
32.581,0.26,-0.26,-0.13,0
32.591,0.26,-0.26,-0.13,0
32.601,0.44,-0.26,-0.13,0
32.611,0.26,-0.44,-0.14,0
32.621,0.26,-0.44,-0.14,0
32.631,0.26,-0.44,-0.14,0
32.641,0.26,-0.26,-0.15,0
32.651,0.26,-0.26,-0.15,0
32.661,0.26,-0.26,-0.15,0
32.671,0.26,-0.26,-0.16,0
32.681,0.26,-0.26,-0.16,0
32.692,0.26,-0.26,-0.16,0
32.702,0.26,-0.26,-0.17,0
32.712,0.26,-0.26,-0.17,0
32.722,0.26,-0.26,-0.17,0
32.732,0.44,-0.26,-0.17,0
32.742,0.26,-0.26,-0.17,0
32.752,0.26,-0.26,-0.17,0
32.762,0.26,-0.26,-0.18,0
32.772,0.26,-0.26,-0.18,0
32.782,0.26,-0.26,-0.18,0
32.792,0.26,-0.26,-0.19,0
32.802,0.26,-0.26,-0.19,0
32.812,0.26,-0.26,-0.19,0
32.822,0.26,-0.26,-0.2,0
32.832,0.44,-0.26,-0.2,0
32.842,0.26,-0.26,-0.2,0
32.852,0.26,-0.26,-0.21,0
32.862,0.26,-0.26,-0.21,0
32.872,0.26,-0.26,-0.21,0
32.882,0.26,-0.26,-0.21,0
32.892,0.26,-0.26,-0.21,0
32.902,0.26,-0.26,-0.21,0
32.912,0.26,-0.26,-0.22,0
32.922,0.26,-0.26,-0.22,0
32.932,0.26,-0.26,-0.22,0
32.942,0.26,-0.26,-0.23,0
32.952,0.26,-0.26,-0.23,0
32.962,0.26,-0.26,-0.23,0
32.972,0.26,-0.26,-0.24,0
32.982,0.26,-0.26,-0.24,0
32.992,0.26,-0.26,-0.24,0
33.002,0.26,-0.26,-0.24,0
33.012,0.26,-0.26,-0.24,0
33.022,0.26,-0.26,-0.24,0
33.033,0.26,-0.26,-0.25,0
33.043,0.26,-0.26,-0.25,0
33.053,0.26,-0.26,-0.25,0
33.063,0.26,-0.26,-0.26,0
33.073,0.26,-0.26,-0.26,0
33.083,0.26,-0.26,-0.26,0
33.093,0.26,-0.26,-0.27,0
33.103,0.26,-0.26,-0.27,0
33.113,0.26,-0.26,-0.27,0
33.123,0.26,9.89,-0.12,0
33.133,0.26,9.89,-0.12,0
33.143,0.44,9.89,-0.12,0
33.153,3.56,17.06,0.28,0
33.163,5.21,17.06,0.28,0
33.173,7.04,17.06,0.28,0
33.183,8.69,10.46,0.69,0
33.193,10.34,10.46,0.69,0
33.204,11.63,10.46,0.69,0
33.214,12.72,5.87,0.94,0
33.224,13.64,5.87,0.94,0
33.234,14.56,5.87,0.94,0
33.244,15.29,2.94,1.07,0
33.254,15.84,2.94,1.07,0
33.264,16.39,2.94,1.07,0
33.274,16.94,1.11,1.13,0
33.284,17.49,1.11,1.13,0
33.294,17.86,1.11,1.13,0
33.304,18.41,-0.36,1.14,0
33.314,18.41,-0.36,1.14,0
33.324,18.22,-0.36,1.14,0
33.334,18.22,-0.72,1.13,0
33.344,18.22,-0.72,1.13,0
33.354,18.04,-0.72,1.13,0
33.364,17.86,-0.54,1.11,0
33.374,17.86,-0.54,1.11,0
33.384,17.67,-0.54,1.11,0
33.394,17.49,-0.17,1.1,0
33.404,17.31,-0.17,1.1,0
33.414,17.31,-0.17,1.1,0
33.424,17.31,0.19,1.1,0
33.434,17.12,0.19,1.1,0
33.444,17.31,0.19,1.1,0
33.454,17.31,0.19,1.1,0
33.464,17.31,0.19,1.1,0
33.474,17.31,0.19,1.1,0
33.484,17.31,0.19,1.11,0
33.494,17.31,0.19,1.11,0
33.504,17.31,0.19,1.11,0
33.514,17.31,0.19,1.11,0
33.524,17.12,0.19,1.11,0
33.534,17.12,0.19,1.11,0
33.545,17.12,0.38,1.12,0
33.555,16.94,0.38,1.12,0
33.565,16.94,0.38,1.12,0
33.575,16.94,0.56,1.14,0
33.585,16.94,0.56,1.14,0
33.595,16.94,0.56,1.14,0
33.605,16.94,0.56,1.15,0
33.615,17.12,0.56,1.15,0
33.625,17.12,0.56,1.15,0
33.635,16.94,0.38,1.17,0
33.645,17.12,0.38,1.17,0
33.655,17.12,0.38,1.17,0
33.665,16.94,0.38,1.18,0
33.675,16.94,0.38,1.18,0
33.685,16.94,0.38,1.18,0
33.695,16.94,0.56,1.19,0
33.705,16.76,0.56,1.19,0
33.716,16.76,0.56,1.19,0
33.726,16.76,0.74,1.21,0
33.736,16.76,0.74,1.21,0
33.746,16.94,0.74,1.21,0
33.756,16.76,0.56,1.23,0
33.766,16.94,0.56,1.23,0
33.776,16.94,0.56,1.23,0
33.786,16.76,0.56,1.25,0
33.796,16.94,0.56,1.25,0
33.806,16.94,0.56,1.25,0
33.816,16.94,0.56,1.27,0
33.826,16.76,0.56,1.27,0
33.836,16.76,0.56,1.27,0
33.846,16.76,0.74,1.28,0
33.856,16.57,0.74,1.28,0
33.866,16.57,0.74,1.28,0
33.876,16.57,0.93,1.31,0
33.886,16.57,0.93,1.31,0
33.896,16.57,0.93,1.31,0
33.906,16.57,0.93,1.34,0
33.916,16.76,0.93,1.34,0
33.926,16.94,0.93,1.34,0
33.936,16.94,0.56,1.36,0
33.946,16.94,0.56,1.36,0
33.956,16.76,0.56,1.36,0
33.966,16.94,0.74,1.38,0
33.976,16.94,0.74,1.38,0
33.986,16.76,0.74,1.38,0
33.996,16.76,0.74,1.4,0
34.006,16.76,0.74,1.4,0
34.016,16.76,0.74,1.4,0
34.026,16.76,0.74,1.42,0
34.036,16.76,0.74,1.42,0
34.046,16.76,0.74,1.42,0
34.057,16.76,0.74,1.45,0
34.067,16.76,0.74,1.45,0
34.077,16.76,0.74,1.45,0
34.087,16.76,0.74,1.47,0
34.097,16.76,0.74,1.47,0
34.107,16.76,0.74,1.47,0
34.117,16.76,0.74,1.49,0
34.127,16.76,0.74,1.49,0
34.137,16.76,0.74,1.49,0
34.147,16.76,0.74,1.51,0
34.157,16.57,0.74,1.51,0
34.167,16.57,0.74,1.51,0
34.177,16.57,0.93,1.54,0
34.187,16.57,0.93,1.54,0
34.197,16.57,0.93,1.54,0
34.207,16.76,0.93,1.57,0
34.217,16.76,0.93,1.57,0
34.228,16.94,0.93,1.57,0
34.238,16.94,0.56,1.59,0
34.248,16.94,0.56,1.59,0
34.258,16.94,0.56,1.59,0
34.268,16.94,0.56,1.61,0
34.278,16.76,0.56,1.61,0
34.288,16.76,0.56,1.61,0
34.298,16.76,0.74,1.63,0
34.308,16.76,0.74,1.63,0
34.318,16.76,0.74,1.63,0
34.328,16.76,0.74,1.65,0
34.338,16.76,0.74,1.65,0
34.348,16.76,0.74,1.65,0
34.358,16.76,0.74,1.67,0
34.368,16.76,0.74,1.67,0
34.378,16.76,0.74,1.67,0
34.388,16.76,0.74,1.69,0
34.398,16.76,0.74,1.69,0
34.408,16.76,0.74,1.69,0
34.418,16.76,0.74,1.71,0
34.428,16.76,0.74,1.71,0
34.438,16.76,0.74,1.71,0
34.448,16.76,0.74,1.74,0
34.458,16.76,0.74,1.74,0
34.468,16.57,0.74,1.74,0
34.478,16.57,0.93,1.76,0
34.488,16.57,0.93,1.76,0
34.498,16.57,0.93,1.76,0
34.508,16.76,0.93,1.79,0
34.518,16.76,0.93,1.79,0
34.528,16.76,0.93,1.79,0
34.538,16.94,0.74,1.81,0
34.548,16.76,0.74,1.81,0
34.558,16.76,0.74,1.81,0
34.569,16.76,0.74,1.84,0
34.579,16.76,0.74,1.84,0
34.589,16.76,0.74,1.84,0
34.599,16.76,0.74,1.86,0
34.609,16.76,0.74,1.86,0
34.619,16.76,0.74,1.86,0
34.629,16.76,0.74,1.88,0
34.639,16.76,0.74,1.88,0
34.649,16.76,0.74,1.88,0
34.659,16.76,0.74,1.9,0
34.669,16.76,0.74,1.9,0
34.679,16.76,0.74,1.9,0
34.689,16.76,0.74,1.93,0
34.699,16.76,0.74,1.93,0
34.709,16.76,0.74,1.93,0
34.719,16.76,0.74,1.95,0
34.729,16.76,0.74,1.95,0
34.74,16.76,0.74,1.97,0
34.75,16.76,0.74,1.97,0
34.76,16.57,0.74,1.97,0
34.77,16.57,0.93,2,0
34.78,16.76,0.93,2,0
34.79,16.57,0.93,2,0
34.8,16.76,0.93,2,0
34.81,16.57,0.74,2.02,0
34.82,16.76,0.74,2.02,0
34.83,16.76,0.74,2.02,0
34.84,16.76,0.74,2.04,0
34.85,16.76,0.74,2.04,0
34.86,16.76,0.74,2.04,0
34.87,16.76,0.74,2.07,0
34.88,16.57,0.74,2.07,0
34.89,16.76,0.74,2.07,0
34.9,16.57,0.74,2.09,0
34.91,16.57,0.74,2.09,0
34.92,16.57,0.74,2.09,0
34.93,16.57,0.93,2.11,0
34.94,16.57,0.93,2.11,0
34.95,16.76,0.93,2.11,0
34.96,16.57,0.74,2.14,0
34.97,16.76,0.74,2.14,0
34.98,16.76,0.74,2.14,0
34.99,16.76,0.74,2.16,0
35,16.57,0.74,2.16,0
35.01,16.76,0.74,2.16,0
35.02,16.76,0.74,2.18,0
35.03,16.57,0.74,2.18,0
35.04,16.57,0.74,2.18,0
35.05,16.57,0.93,2.21,0
35.06,16.57,0.93,2.21,0
35.07,16.57,0.93,2.21,0
35.081,16.76,0.93,2.24,0
35.091,16.76,0.93,2.24,0
35.101,16.76,0.93,2.24,0
35.111,16.76,0.74,2.26,0
35.121,16.76,0.74,2.26,0
35.131,16.94,0.74,2.26,0
35.141,16.76,0.56,2.28,0
35.151,16.76,0.56,2.28,0
35.161,16.76,0.56,2.28,0
35.171,16.76,0.74,2.3,0
35.181,16.76,0.74,2.3,0
35.191,16.76,0.74,2.3,0
35.201,16.76,0.74,2.32,0
35.211,16.76,0.74,2.32,0
35.221,16.76,0.74,2.32,0
35.231,16.76,0.74,2.35,0
35.241,16.76,0.74,2.35,0
35.252,16.76,0.74,2.35,0
35.262,16.94,0.74,2.37,0
35.272,16.76,0.74,2.37,0
35.282,16.76,0.74,2.37,0
35.292,16.76,0.74,2.39,0
35.302,16.76,0.74,2.39,0
35.312,16.76,0.74,2.39,0
35.322,16.76,0.74,2.41,0
35.332,16.57,0.74,2.41,0
35.342,16.76,0.74,2.41,0
35.352,16.76,0.74,2.44,0
35.362,16.57,0.74,2.44,0
35.372,16.76,0.74,2.44,0
35.382,16.76,0.74,2.46,0
35.392,16.76,0.74,2.46,0
35.402,16.76,0.74,2.46,0
35.412,16.76,0.74,2.48,0
35.422,16.76,0.74,2.48,0
35.432,16.76,0.74,2.48,0
35.442,16.76,0.74,2.5,0
35.452,16.76,0.74,2.5,0
35.462,16.76,0.74,2.5,0
35.472,16.57,0.74,2.53,0
35.482,16.57,0.74,2.53,0
35.492,16.57,0.74,2.53,0
35.502,16.57,0.93,2.55,0
35.512,16.57,0.93,2.55,0
35.522,16.57,0.93,2.55,0
35.532,16.57,0.93,2.58,0
35.542,16.57,0.93,2.58,0
35.552,16.76,0.93,2.58,0
35.562,16.76,0.74,2.6,0
35.572,16.76,0.74,2.6,0
35.582,16.76,0.74,2.6,0
35.593,16.76,0.74,2.63,0
35.603,16.76,0.74,2.63,0
35.613,16.76,0.74,2.63,0
35.623,16.76,0.74,2.65,0
35.633,16.76,0.74,2.65,0
35.643,16.76,0.74,2.65,0
35.653,16.76,0.74,2.67,0
35.663,16.76,0.74,2.67,0
35.673,16.76,0.74,2.67,0
35.683,16.76,0.74,2.69,0
35.693,16.76,0.74,2.69,0
35.703,16.76,0.74,2.69,0
35.713,16.76,0.74,2.72,0
35.723,16.76,0.74,2.72,0
35.733,16.76,0.74,2.72,0
35.743,16.57,0.74,2.74,0
35.753,16.57,0.74,2.74,0
35.764,16.76,0.93,2.76,0
35.774,16.76,0.93,2.76,0
35.784,16.76,0.93,2.76,0
35.794,16.76,0.93,2.76,0
35.804,16.76,0.74,2.79,0
35.814,16.76,0.74,2.79,0
35.824,16.76,0.74,2.79,0
35.834,16.57,0.74,2.81,0
35.844,16.76,0.74,2.81,0
35.854,16.57,0.74,2.81,0
35.864,16.76,0.93,2.84,0
35.874,16.76,0.93,2.84,0
35.884,16.76,0.93,2.84,0
35.894,16.57,0.74,2.86,0
35.904,16.76,0.74,2.86,0
35.914,16.76,0.74,2.86,0
35.924,16.57,0.74,2.88,0
35.934,16.76,0.74,2.88,0
35.944,16.76,0.74,2.88,0
35.954,16.76,0.74,2.91,0
35.964,16.76,0.74,2.91,0
35.974,16.57,0.74,2.91,0
35.984,16.76,0.93,2.93,0
35.994,16.76,0.93,2.93,0
36.004,16.57,0.93,2.93,0
36.014,16.57,0.93,2.96,0
36.024,16.76,0.93,2.96,0
36.034,16.76,0.93,2.96,0
36.044,16.76,0.74,2.98,0
36.054,16.76,0.74,2.98,0
36.064,16.76,0.74,2.98,0
36.074,16.76,0.74,3.01,0
36.084,16.76,0.74,3.01,0
36.094,16.76,0.74,3.01,0
36.105,16.76,0.74,3.03,0
36.115,16.76,0.74,3.03,0
36.125,16.76,0.74,3.05,0
36.135,16.76,0.74,3.05,0
36.145,16.76,0.74,3.05,0
36.155,16.76,0.74,3.05,0
36.165,16.76,0.74,3.07,0
36.175,16.76,0.74,3.07,0
36.185,16.76,0.74,3.07,0
36.195,16.76,0.74,3.1,0
36.205,16.76,0.74,3.1,0
36.215,16.76,0.74,3.1,0
36.225,16.76,0.74,3.12,0
36.235,16.76,0.74,3.12,0
36.245,16.76,0.74,3.12,0
36.255,16.76,0.74,3.14,0
36.265,16.76,0.74,3.14,0
36.276,16.76,0.74,3.14,0
36.286,16.76,0.74,3.16,0
36.296,16.76,0.74,3.16,0
36.306,16.76,0.74,3.16,0
36.316,16.76,0.74,3.19,0
36.326,16.76,0.74,3.19,0
36.336,16.76,0.74,3.19,0
36.346,16.57,0.74,3.21,0
36.356,16.76,0.74,3.21,0
36.366,16.76,0.74,3.21,0
36.376,16.57,0.74,3.23,0
36.386,16.57,0.74,3.23,0
36.396,16.76,0.74,3.23,0
36.406,16.57,0.74,3.25,0
36.416,16.76,0.74,3.25,0
36.426,16.76,0.74,3.25,0
36.436,16.76,0.74,3.27,0
36.446,16.57,0.74,3.27,0
36.456,16.76,0.74,3.27,0
36.466,16.76,0.74,3.3,0
36.476,16.76,0.74,3.3,0
36.486,16.57,0.74,3.3,0
36.496,16.57,0.93,3.32,0
36.506,16.57,0.93,3.32,0
36.516,16.57,0.93,3.32,0
36.526,16.57,0.93,3.35,0
36.536,16.76,0.93,3.35,0
36.546,16.76,0.93,3.35,0
36.556,16.76,0.74,3.37,0
36.566,16.76,0.74,3.37,0
36.576,16.76,0.74,3.37,0
36.586,16.76,0.74,3.4,0
36.596,16.76,0.74,3.4,0
36.606,16.76,0.74,3.4,0
36.617,16.76,0.74,3.42,0
36.627,16.76,0.74,3.42,0
36.637,16.76,0.74,3.42,0
36.647,16.76,0.74,3.44,0
36.657,16.76,0.74,3.44,0
36.667,16.76,0.74,3.44,0
36.677,16.76,0.74,3.46,0
36.687,16.76,0.74,3.46,0
36.697,16.76,0.74,3.46,0
36.707,16.76,0.74,3.49,0
36.717,16.76,0.74,3.49,0
36.727,16.57,0.74,3.49,0
36.737,16.76,0.93,3.51,0
36.747,16.76,0.93,3.51,0
36.757,16.76,0.93,3.51,0
36.767,16.76,0.74,3.54,0
36.777,16.57,0.74,3.54,0
36.788,16.57,0.93,3.56,0
36.798,16.57,0.93,3.56,0
36.808,16.76,0.93,3.56,0
36.818,16.57,0.74,3.59,0
36.828,16.76,0.74,3.59,0
36.838,16.76,0.74,3.59,0
36.848,16.76,0.74,3.61,0
36.858,16.76,0.74,3.61,0
36.868,16.76,0.74,3.61,0
36.878,16.57,0.74,3.61,0
36.888,16.76,0.93,3.63,0
36.898,16.76,0.93,3.63,0
36.908,16.57,0.93,3.63,0
36.918,16.76,0.93,3.66,0
36.928,16.76,0.93,3.66,0
36.938,16.76,0.93,3.66,0
36.948,16.76,0.74,3.69,0
36.958,16.76,0.74,3.69,0
36.968,16.76,0.74,3.69,0
36.978,16.76,0.74,3.71,0
36.988,16.76,0.74,3.71,0
36.998,16.76,0.74,3.71,0
37.008,16.76,0.74,3.73,0
37.018,16.76,0.74,3.73,0
37.028,16.76,0.74,3.73,0
37.038,16.76,0.74,3.75,0
37.048,16.76,0.74,3.75,0
37.058,16.76,0.74,3.75,0
37.068,16.76,0.74,3.78,0
37.078,16.76,0.74,3.78,0
37.088,16.76,0.74,3.78,0
37.098,16.76,0.74,3.8,0
37.108,16.76,0.74,3.8,0
37.118,16.76,0.74,3.8,0
37.129,16.76,0.74,3.82,0
37.139,16.76,0.74,3.82,0
37.149,16.76,0.74,3.84,0
37.159,16.76,0.74,3.84,0
37.169,16.76,0.74,3.84,0
37.179,16.76,0.74,3.84,0
37.189,16.76,0.74,3.87,0
37.199,16.76,0.74,3.87,0
37.209,16.76,0.74,3.87,0
37.219,16.76,0.74,3.89,0
37.229,16.76,0.74,3.89,0
37.239,16.76,0.74,3.89,0
37.249,16.76,0.74,3.91,0
37.259,16.76,0.74,3.91,0
37.269,16.76,0.74,3.91,0
37.279,16.76,0.74,3.93,0
37.289,16.76,0.74,3.93,0
37.3,16.76,0.74,3.96,0
37.31,16.76,0.74,3.96,0
37.32,16.57,0.74,3.96,0
37.33,16.76,0.93,3.98,0
37.34,16.76,0.93,3.98,0
37.35,16.76,0.93,3.98,0
37.36,16.76,0.93,3.98,0
37.37,16.76,0.74,4.01,0
37.38,16.76,0.74,4.01,0
37.39,16.57,0.74,4.01,0
37.4,16.57,0.93,4.03,0
37.41,16.76,0.93,4.03,0
37.42,16.76,0.93,4.03,0
37.43,16.76,0.74,4.06,0
37.44,16.76,0.74,4.06,0
37.45,16.76,0.74,4.06,0
37.46,16.76,0.74,4.08,0
37.47,16.57,0.74,4.08,0
37.48,16.57,0.74,4.08,0
37.49,16.57,0.93,4.1,0
37.5,16.57,0.93,4.1,0
37.51,16.76,0.93,4.1,0
37.52,16.76,0.74,4.13,0
37.53,16.57,0.74,4.13,0
37.54,16.57,0.74,4.13,0
37.55,16.57,0.93,4.15,0
37.56,16.76,0.93,4.15,0
37.57,16.76,0.93,4.15,0
37.58,16.76,0.74,4.18,0
37.59,16.76,0.74,4.18,0
37.6,16.76,0.74,4.18,0
37.61,16.76,0.74,4.2,0
37.62,16.76,0.74,4.2,0
37.63,16.76,0.74,4.2,0
37.641,16.76,0.74,4.22,0
37.651,16.76,0.74,4.22,0
37.661,16.76,0.74,4.25,0
37.671,16.76,0.74,4.25,0
37.681,16.76,0.74,4.25,0
37.691,16.57,0.74,4.25,0
37.701,16.76,0.93,4.27,0
37.711,16.57,0.93,4.27,0
37.721,16.57,0.93,4.27,0
37.731,16.76,0.93,4.3,0
37.741,16.76,0.93,4.3,0
37.751,16.76,0.93,4.3,0
37.761,16.76,0.74,4.32,0
37.771,16.76,0.74,4.32,0
37.781,16.76,0.74,4.32,0
37.791,16.76,0.74,4.35,0
37.801,16.76,0.74,4.35,0
37.812,16.76,0.74,4.35,0
37.822,16.76,0.74,4.37,0
37.832,16.76,0.74,4.37,0
37.842,16.76,0.74,4.37,0
37.852,16.76,0.74,4.39,0
37.862,16.76,0.74,4.39,0
37.872,16.76,0.74,4.39,0
37.882,16.76,0.74,4.41,0
37.892,16.76,0.74,4.41,0
37.902,16.76,0.74,4.41,0
37.912,16.76,0.74,4.44,0
37.922,16.76,0.74,4.44,0
37.932,16.76,0.74,4.44,0
37.942,16.76,0.74,4.46,0
37.952,16.76,0.74,4.46,0
37.962,16.76,0.74,4.46,0
37.972,16.76,0.74,4.48,0
37.982,16.76,0.74,4.48,0
37.992,16.76,0.74,4.48,0
38.002,16.76,0.74,4.5,0
38.012,16.76,0.74,4.5,0
38.022,16.76,0.74,4.5,0
38.032,16.76,0.74,4.53,0
38.042,16.76,0.74,4.53,0
38.052,16.76,0.74,4.53,0
38.062,16.76,0.74,4.55,0
38.072,16.76,0.74,4.55,0
38.082,16.76,0.74,4.55,0
38.092,16.76,0.74,4.57,0
38.102,16.76,0.74,4.57,0
38.112,16.76,0.74,4.57,0
38.122,16.57,0.74,4.59,0
38.132,16.57,0.74,4.59,0
38.142,16.76,0.74,4.59,0
38.153,16.57,0.74,4.62,0
38.163,16.57,0.74,4.62,0
38.173,16.57,0.74,4.62,0
38.183,16.57,0.93,4.64,0
38.193,16.76,0.93,4.64,0
38.203,16.76,0.93,4.64,0
38.213,16.76,0.74,4.67,0
38.223,16.57,0.74,4.67,0
38.233,16.76,0.74,4.67,0
38.243,16.76,0.74,4.69,0
38.253,16.57,0.74,4.69,0
38.263,16.76,0.74,4.69,0
38.273,16.76,0.74,4.71,0
38.283,16.57,0.74,4.71,0
38.293,16.76,0.74,4.71,0
38.303,16.57,0.74,4.73,0
38.313,16.76,0.74,4.73,0
38.324,16.57,0.74,4.76,0
38.334,16.57,0.74,4.76,0
38.344,16.57,0.74,4.76,0
38.354,16.57,0.74,4.76,0
38.364,16.57,0.93,4.78,0
38.374,16.57,0.93,4.78,0
38.384,16.57,0.93,4.78,0
38.394,16.57,0.93,4.81,0
38.404,16.76,0.93,4.81,0
38.414,16.76,0.93,4.81,0
38.424,16.76,0.74,4.83,0
38.434,16.76,0.74,4.83,0
38.444,16.76,0.74,4.83,0
38.454,16.76,0.74,4.86,0
38.464,16.76,0.74,4.86,0
38.474,16.76,0.74,4.86,0
38.484,16.76,0.74,4.88,0
38.494,16.76,0.74,4.88,0
38.504,16.76,0.74,4.88,0
38.514,16.76,0.74,4.9,0
38.524,16.76,0.74,4.9,0
38.534,16.76,0.74,4.9,0
38.544,16.57,0.74,4.92,0
38.554,16.76,0.74,4.92,0
38.564,16.76,0.74,4.92,0
38.574,16.57,0.74,4.95,0
38.584,16.76,0.74,4.95,0
38.594,16.57,0.74,4.95,0
38.604,16.76,0.93,4.97,0
38.614,16.76,0.93,4.97,0
38.624,16.57,0.93,4.97,0
38.634,16.57,0.93,5,0
38.644,16.76,0.93,5,0
38.654,16.76,0.93,5,0
38.665,16.76,0.74,5.02,0
38.675,16.76,0.74,5.02,0
38.685,16.76,0.74,5.05,0
38.695,16.76,0.74,5.05,0
38.705,16.76,0.74,5.05,0
38.715,16.76,0.74,5.07,0
38.725,16.76,0.74,5.07,0
38.735,16.76,0.74,5.07,0
38.745,16.76,0.74,5.09,0
38.755,16.76,0.74,5.09,0
38.765,16.76,0.74,5.09,0
38.775,16.76,0.74,5.11,0
38.785,16.76,0.74,5.11,0
38.795,16.76,0.74,5.11,0
38.805,16.76,0.74,5.11,0
38.815,16.76,0.74,5.14,0
38.825,16.76,0.74,5.14,0
38.836,16.76,0.74,5.14,0
38.846,16.76,0.74,5.16,0
38.856,16.76,0.74,5.16,0
38.866,16.76,0.74,5.16,0
38.876,16.76,0.74,5.18,0
38.886,16.57,0.74,5.18,0
38.896,16.57,0.74,5.18,0
38.906,16.76,0.93,5.21,0
38.916,16.76,0.93,5.21,0
38.926,16.76,0.93,5.21,0
38.936,16.76,0.74,5.23,0
38.946,16.76,0.74,5.23,0
38.956,16.76,0.74,5.23,0
38.966,16.76,0.74,5.25,0
38.976,16.76,0.74,5.25,0
38.986,16.76,0.74,5.25,0
38.996,16.76,0.74,5.28,0
39.006,16.76,0.74,5.28,0
39.016,16.76,0.74,5.28,0
39.026,16.76,0.74,5.3,0
39.036,16.57,0.74,5.3,0
39.046,16.57,0.74,5.3,0
39.056,16.76,0.93,5.32,0
39.066,16.76,0.93,5.32,0
39.076,16.76,0.93,5.32,0
39.086,16.76,0.74,5.35,0
39.096,16.57,0.74,5.35,0
39.106,16.76,0.74,5.35,0
39.116,16.76,0.74,5.37,0
39.126,16.76,0.74,5.37,0
39.136,16.76,0.74,5.37,0
39.146,16.76,0.74,5.39,0
39.156,16.57,0.74,5.39,0
39.166,16.57,0.74,5.39,0
39.177,16.57,0.93,5.42,0
39.187,16.57,0.93,5.42,0
39.197,16.57,0.93,5.45,0
39.207,16.76,0.93,5.45,0
39.217,16.76,0.93,5.45,0
39.227,16.76,0.93,5.45,0
39.237,16.76,0.74,5.47,0
39.247,16.76,0.74,5.47,0
39.257,16.76,0.74,5.47,0
39.267,16.76,0.74,5.49,0
39.277,16.76,0.74,5.49,0
39.287,16.76,0.74,5.49,0
39.297,16.76,0.74,5.52,0
39.307,16.76,0.74,5.52,0
39.317,16.76,0.74,5.52,0
39.327,16.76,0.74,5.54,0
39.337,16.76,0.74,5.54,0
39.348,16.76,0.74,5.56,0
39.358,16.76,0.74,5.56,0
39.368,16.76,0.74,5.56,0
39.378,16.76,0.74,5.56,0
39.388,16.76,0.74,5.58,0
39.398,16.57,0.74,5.58,0
39.408,16.76,0.74,5.58,0
39.418,16.76,0.74,5.61,0
39.428,16.57,0.74,5.61,0
39.438,16.76,0.74,5.61,0
39.448,16.76,0.74,5.63,0
39.458,16.57,0.74,5.63,0
39.468,16.76,0.74,5.63,0
39.478,16.76,0.74,5.65,0
39.488,16.76,0.74,5.65,0
39.498,16.57,0.74,5.65,0
39.508,16.57,0.93,5.67,0
39.518,16.76,0.93,5.67,0
39.528,16.76,0.93,5.67,0
39.538,16.57,0.74,5.7,0
39.548,16.76,0.74,5.7,0
39.558,16.57,0.74,5.7,0
39.568,16.57,0.93,5.73,0
39.578,16.57,0.93,5.73,0
39.588,16.57,0.93,5.73,0
39.598,16.76,0.93,5.75,0
39.608,16.76,0.93,5.75,0
39.618,16.76,0.93,5.75,0
39.628,16.76,0.74,5.78,0
39.638,16.76,0.74,5.78,0
39.648,16.76,0.74,5.78,0
39.658,16.76,0.74,5.8,0
39.668,16.76,0.74,5.8,0
39.678,16.76,0.74,5.8,0
39.689,16.76,0.74,5.82,0
39.699,16.76,0.74,5.82,0
39.709,16.76,0.74,5.84,0
39.719,16.57,0.74,5.84,0
39.729,16.76,0.74,5.84,0
39.739,16.57,0.74,5.84,0
39.749,16.76,0.93,5.87,0
39.759,16.76,0.93,5.87,0
39.769,16.76,0.93,5.87,0
39.779,16.76,0.74,5.9,0
39.789,16.76,0.74,5.9,0
39.799,16.76,0.74,5.9,0
39.809,16.76,0.74,5.92,0
39.819,16.76,0.74,5.92,0
39.829,16.76,0.74,5.92,0
39.839,16.57,0.74,5.94,0
39.849,16.76,0.74,5.94,0
39.86,16.76,0.74,5.94,0
39.87,16.57,0.74,5.96,0
39.88,16.57,0.74,5.96,0
39.89,16.76,0.74,5.96,0
39.9,16.76,0.74,5.99,0
39.91,16.57,0.74,5.99,0
39.92,16.57,0.74,5.99,0
39.93,16.76,0.93,6.01,0
39.94,16.76,0.93,6.01,0
39.95,16.76,0.93,6.01,0
39.96,16.57,0.74,6.04,0
39.97,16.76,0.74,6.04,0
39.98,16.76,0.74,6.04,0
39.99,16.57,0.74,6.06,0
40,16.57,0.74,6.06,0
40.01,16.57,0.74,6.06,0
40.02,16.57,0.93,6.08,0
40.03,16.57,0.93,6.08,0
40.04,16.76,0.93,6.08,0
40.05,16.76,0.74,6.11,0
40.06,16.57,0.74,6.11,0
40.07,16.76,0.74,6.11,0
40.08,16.76,0.74,6.13,0
40.09,16.57,0.74,6.13,0
40.1,16.57,0.74,6.13,0
40.11,16.57,0.93,6.16,0
40.12,16.57,0.93,6.16,0
40.13,16.57,0.93,6.16,0
40.14,16.57,0.93,6.18,0
40.15,16.76,0.93,6.18,0
40.16,16.76,0.93,6.18,0
40.17,16.76,0.74,6.21,0
40.18,16.76,0.74,6.21,0
40.19,16.76,0.74,6.21,0
40.201,16.76,0.74,6.23,0
40.211,16.76,0.74,6.23,0
40.221,16.76,0.74,6.25,0
40.231,16.76,0.74,6.25,0
40.241,16.76,0.74,6.25,0
40.251,16.57,0.74,6.25,0
40.261,16.76,0.93,6.28,0
40.271,16.76,0.93,6.28,0
40.281,16.76,0.93,6.28,0
40.291,16.57,0.74,6.3,0
40.301,16.57,0.74,6.3,0
40.311,16.76,0.74,6.3,0
40.321,16.76,0.74,6.33,0
40.331,16.76,0.74,6.33,0
40.341,16.76,0.74,6.33,0
40.351,16.76,0.74,6.35,0
40.361,16.76,0.74,6.35,0
40.372,16.76,0.74,6.35,0
40.382,16.76,0.74,6.37,0
40.392,16.76,0.74,6.37,0
40.402,16.76,0.74,6.37,0
40.412,16.76,0.74,6.39,0
40.422,16.76,0.74,6.39,0
40.432,16.76,0.74,6.39,0
40.442,16.76,0.74,6.42,0
40.452,16.76,0.74,6.42,0
40.462,16.76,0.74,6.42,0
40.472,16.57,0.74,6.44,0
40.482,16.57,0.74,6.44,0
40.492,16.57,0.74,6.44,0
40.502,16.57,0.93,6.46,0
40.512,16.57,0.93,6.46,0
40.522,16.57,0.93,6.46,0
40.532,16.57,0.93,6.49,0
40.542,16.57,0.93,6.49,0
40.552,16.57,0.93,6.49,0
40.562,16.76,0.93,6.52,0
40.572,16.76,0.93,6.52,0
40.582,16.76,0.93,6.52,0
40.592,16.76,-16.76,6.28,0
40.602,16.76,-16.76,6.28,0
40.612,16.57,-16.76,6.28,0
40.622,15.47,-16.57,5.78,0
40.632,13.82,-16.57,5.78,0
40.642,11.81,-16.57,5.78,0
40.652,10.34,-11.81,5.36,0
40.662,9.06,-11.81,5.36,0
40.672,7.78,-11.81,5.36,0
40.682,6.68,-7.78,5.06,0
40.692,5.58,-7.78,5.06,0
40.702,4.48,-7.78,5.06,0
40.713,3.56,-4.48,4.88,0
40.723,2.83,-4.48,4.88,0
40.733,2.09,-4.48,4.88,0
40.743,1.54,-2.09,4.78,0
40.753,0.99,-2.09,4.78,0
40.763,0.63,-2.09,4.78,0
40.773,0.44,-0.63,4.74,0
40.783,0.08,-0.63,4.74,0
40.793,-0.1,-0.63,4.74,0
40.803,-0.1,0.1,4.73,0
40.813,-0.1,0.1,4.73,0
40.823,-0.1,0.1,4.73,0
40.833,-0.1,0.1,4.73,0
40.843,0.08,0.1,4.73,0
40.853,0.08,0.1,4.73,0
40.863,0.08,-0.08,4.73,0
40.873,0.08,-0.08,4.73,0
40.884,0.08,-0.08,4.73,0
40.894,0.08,-0.08,4.73,0
40.904,0.26,-0.08,4.73,0
40.914,0.26,-0.08,4.73,0
40.924,0.26,-0.26,4.72,0
40.934,0.26,-0.26,4.72,0
40.944,0.26,-0.26,4.72,0
40.954,0.44,-0.26,4.72,0
40.964,0.44,-0.26,4.72,0
40.974,0.26,-0.26,4.72,0
40.984,0.44,-0.26,4.71,0
40.994,0.26,-0.26,4.71,0
41.004,0.26,-0.26,4.71,0
41.014,0.26,-0.26,4.7,0
41.024,0.26,-0.26,4.7,0
41.034,0.26,-0.26,4.7,0
41.044,0.26,-0.26,4.69,0
41.054,0.26,-0.26,4.69,0
41.064,0.26,-0.26,4.69,0
41.074,0.26,-0.26,4.68,0
41.084,0.26,-0.26,4.68,0
41.094,0.26,-0.26,4.68,0
41.104,0.26,-0.26,4.68,0
41.114,0.44,-0.26,4.68,0
41.124,0.44,-0.26,4.68,0
41.134,0.44,-0.44,4.67,0
41.144,0.44,-0.44,4.67,0
41.154,0.44,-0.44,4.67,0
41.164,0.44,-0.44,4.65,0
41.174,0.44,-0.44,4.65,0
41.184,0.44,-0.44,4.65,0
41.194,0.44,-0.44,4.64,0
41.204,0.44,-0.44,4.64,0
41.214,0.26,-0.44,4.64,0
41.225,0.26,-0.26,4.63,0
41.235,0.26,-0.26,4.63,0
41.245,0.26,-0.26,4.62,0
41.255,0.26,-0.26,4.62,0
41.265,0.26,-0.26,4.62,0
41.275,0.26,-0.26,4.62,0
41.285,0.26,-0.26,4.61,0
41.295,0.44,-0.26,4.61,0
41.305,0.26,-0.26,4.61,0
41.315,0.44,-0.26,4.6,0
41.325,0.44,-0.26,4.6,0
41.335,0.44,-0.26,4.6,0
41.345,0.44,-0.44,4.59,0
41.355,0.44,-0.44,4.59,0
41.365,0.44,-0.44,4.59,0
41.375,0.44,-0.44,4.58,0
41.385,0.44,-0.44,4.58,0
41.396,0.44,-0.44,4.58,0
41.406,0.44,-0.44,4.57,0
41.416,0.44,-0.44,4.57,0
41.426,0.26,-0.44,4.57,0
41.436,0.26,-0.26,4.56,0
41.446,0.26,-0.26,4.56,0
41.456,0.26,-0.26,4.56,0
41.466,0.26,-0.26,4.55,0
41.476,0.44,-0.26,4.55,0
41.486,0.44,-0.26,4.55,0
41.496,0.44,-0.44,4.54,0
41.506,0.44,-0.44,4.54,0
41.516,0.44,-0.44,4.54,0
41.526,0.44,-0.44,4.52,0
41.536,0.44,-0.44,4.52,0
41.546,0.44,-0.44,4.52,0
41.556,0.44,-0.44,4.51,0
41.566,0.44,-0.44,4.51,0
41.576,0.44,-0.44,4.51,0
41.586,0.44,-0.44,4.5,0
41.596,0.44,-0.44,4.5,0
41.606,0.44,-0.44,4.5,0
41.616,0.44,-0.44,4.48,0
41.626,0.44,-0.44,4.48,0
41.636,0.26,-0.44,4.48,0
41.646,0.44,-0.26,4.47,0
41.656,0.44,-0.26,4.47,0
41.666,0.44,-0.26,4.47,0
41.676,0.44,-0.44,4.46,0
41.686,0.44,-0.44,4.46,0
41.696,0.44,-0.44,4.46,0
41.706,0.44,-0.44,4.45,0
41.716,0.44,-0.44,4.45,0
41.726,0.44,-0.44,4.45,0
41.737,0.44,-0.44,4.44,0
41.747,0.44,-0.44,4.44,0
41.757,0.44,-0.44,4.44,0
41.767,0.44,-0.44,4.42,0
41.777,0.44,-0.44,4.42,0
41.787,0.44,-0.44,4.42,0
41.797,0.44,-0.44,4.41,0
41.807,0.44,-0.44,4.41,0
41.817,0.44,-0.44,4.41,0
41.827,0.44,-0.44,4.4,0
41.837,0.44,-0.44,4.4,0
41.847,0.44,-0.44,4.4,0
41.857,0.44,-0.44,4.38,0
41.867,0.44,-0.44,4.38,0
41.877,0.44,-0.44,4.38,0
41.887,0.44,-0.44,4.37,0
41.897,0.44,-0.44,4.37,0
41.908,0.44,-0.44,4.36,0
41.918,0.44,-0.44,4.36,0
41.928,0.44,-0.44,4.36,0
41.938,0.44,-0.44,4.34,0
41.948,0.44,-0.44,4.34,0
41.958,0.44,-0.44,4.34,0
41.968,0.44,-0.44,4.33,0
41.978,0.44,-0.44,4.33,0
41.988,0.44,-0.44,4.33,0
41.998,0.44,-0.44,4.32,0
42.008,0.26,-0.44,4.32,0
42.018,0.26,-0.44,4.32,0
42.028,0.44,-0.44,4.32,0
42.038,0.26,-0.44,4.3,0
42.048,0.44,-0.44,4.3,0
42.058,0.44,-0.44,4.3,0
42.068,0.44,-0.44,4.29,0
42.078,0.44,-0.44,4.29,0
42.088,0.44,-0.44,4.29,0
42.098,0.44,-0.44,4.28,0
42.108,0.44,-0.44,4.28,0
42.118,0.44,-0.44,4.28,0
42.128,0.44,-0.44,4.26,0
42.138,0.44,-0.44,4.26,0
42.148,0.44,-0.44,4.26,0
42.158,0.44,-0.44,4.25,0
42.168,0.44,-0.44,4.25,0
42.178,0.44,-0.44,4.25,0
42.188,0.44,-0.44,4.24,0
42.198,0.44,-0.44,4.24,0
42.208,0.44,-0.44,4.24,0
42.218,0.44,-0.44,4.22,0
42.228,0.44,-0.44,4.22,0
42.238,0.44,-0.44,4.22,0
42.249,0.44,-0.44,4.21,0
42.259,0.44,-0.44,4.21,0
42.269,0.44,-0.44,4.21,0
42.279,0.44,-0.44,4.19,0
42.289,0.44,-0.44,4.19,0
42.299,0.44,-0.44,4.19,0
42.309,0.44,-0.44,4.18,0
42.319,0.44,-0.44,4.18,0
42.329,0.44,-0.44,4.18,0
42.339,0.44,-0.44,4.17,0
42.349,0.44,-0.44,4.17,0
42.359,0.44,-0.44,4.17,0
42.369,0.44,-0.44,4.15,0
42.379,0.44,-0.44,4.15,0
42.389,0.44,-0.44,4.15,0
42.399,0.44,-0.44,4.14,0
42.409,0.44,-0.44,4.14,0
42.42,0.44,-0.44,4.14,0
42.43,0.44,-0.44,4.13,0
42.44,0.44,-0.44,4.13,0
42.45,0.44,-0.44,4.13,0
42.46,0.44,-0.44,4.11,0
42.47,0.44,-0.44,4.11,0
42.48,0.44,-0.44,4.11,0
42.49,0.44,-0.44,4.1,0
42.5,0.44,-0.44,4.1,0
42.51,0.44,-0.44,4.1,0
42.52,0.44,-0.44,4.09,0
42.53,0.44,-0.44,4.09,0
42.54,0.44,-0.44,4.09,0
42.55,0.44,-0.44,4.07,0
42.56,0.44,-0.44,4.07,0
42.57,0.44,-0.44,4.07,0
42.58,0.44,-0.44,4.06,0
42.59,0.44,-0.44,4.06,0
42.6,0.44,-0.44,4.06,0
42.61,0.44,-0.44,4.05,0
42.62,0.44,-0.44,4.05,0
42.63,0.44,-0.44,4.05,0
42.64,0.44,-0.44,4.03,0
42.65,0.44,-0.44,4.03,0
42.66,0.44,-0.44,4.03,0
42.67,0.44,-0.44,4.02,0
42.68,0.44,-0.44,4.02,0
42.69,0.44,-0.44,4.02,0
42.7,0.44,-0.44,4.01,0
42.71,0.44,-0.44,4.01,0
42.72,0.44,-0.44,4.01,0
42.73,0.44,-0.44,3.99,0
42.74,0.44,-0.44,3.99,0
42.75,0.44,-0.44,3.99,0
42.761,0.44,-0.44,3.98,0
42.771,0.44,-0.44,3.98,0
42.781,0.44,-0.44,3.97,0
42.791,0.44,-0.44,3.97,0
42.801,0.44,-0.44,3.97,0
42.811,0.44,-0.44,3.95,0
42.821,0.44,-0.44,3.95,0
42.831,0.44,-0.44,3.95,0
42.841,0.44,-0.44,3.95,0
42.851,0.44,-0.44,3.94,0
42.861,0.44,-0.44,3.94,0
42.871,0.44,-0.44,3.94,0
42.881,0.44,-0.44,3.93,0
42.891,0.44,-0.44,3.93,0
42.901,0.44,-0.44,3.93,0
42.911,0.44,-0.44,3.91,0
42.921,0.44,-0.44,3.91,0
42.932,0.44,-0.44,3.9,0
42.942,0.44,-0.44,3.9,0
42.952,0.44,-0.44,3.9,0
42.962,0.44,-0.44,3.89,0
42.972,0.44,-0.44,3.89,0
42.982,0.44,-0.44,3.89,0
42.992,0.44,-0.44,3.87,0
43.002,0.44,-0.44,3.87,0
43.012,0.44,-0.44,3.87,0
43.022,0.44,-0.44,3.86,0
43.032,0.44,-0.44,3.86,0
43.042,0.44,-0.44,3.86,0
43.052,0.44,-0.44,3.86,0
43.062,0.44,-0.44,3.85,0
43.072,0.44,-0.44,3.85,0
43.082,0.44,-0.44,3.85,0
43.092,0.44,-0.44,3.83,0
43.102,0.44,-0.44,3.83,0
43.112,0.44,-0.44,3.83,0
43.122,0.44,-0.44,3.82,0
43.132,0.44,-0.44,3.82,0
43.142,0.44,-0.44,3.82,0
43.152,0.44,-0.44,3.81,0
43.162,0.44,-0.44,3.81,0
43.172,0.44,-0.44,3.81,0
43.182,0.44,-0.44,3.79,0
43.192,0.44,-0.44,3.79,0
43.202,0.44,-0.44,3.79,0
43.212,0.44,-0.44,3.78,0
43.222,0.44,-0.44,3.78,0
43.232,0.44,-0.44,3.78,0
43.242,0.44,-0.44,3.77,0
43.252,0.44,-0.44,3.77,0
43.262,0.44,-0.44,3.77,0
43.273,0.44,-0.44,3.75,0
43.283,0.44,-0.44,3.75,0
43.293,0.44,-0.44,3.74,0
43.303,0.44,-0.44,3.74,0
43.313,0.44,-0.44,3.74,0
43.323,0.44,-0.44,3.73,0
43.333,0.44,-0.44,3.73,0
43.343,0.44,-0.44,3.73,0
43.353,0.44,-0.44,3.73,0
43.363,0.44,-0.44,3.71,0
43.373,0.44,-0.44,3.71,0
43.383,0.44,-0.44,3.71,0
43.393,0.44,-0.44,3.7,0
43.403,0.44,-0.44,3.7,0
43.413,0.44,-0.44,3.7,0
43.423,0.44,-0.44,3.69,0
43.433,0.44,-0.44,3.69,0
43.444,0.44,-0.44,3.67,0
43.454,0.44,-0.44,3.67,0
43.464,0.44,-0.44,3.67,0
43.474,0.44,-0.44,3.67,0
43.484,0.44,-0.44,3.66,0
43.494,0.44,-0.44,3.66,0
43.504,0.44,-0.44,3.66,0
43.514,0.44,-0.44,3.65,0
43.524,0.44,-0.44,3.65,0
43.534,0.44,-0.44,3.65,0
43.544,0.44,-0.44,3.63,0
43.554,0.44,-0.44,3.63,0
43.564,0.44,-0.44,3.63,0
43.574,0.44,-0.44,3.62,0
43.584,0.44,-0.44,3.62,0
43.594,0.44,-0.44,3.62,0
43.604,0.44,-0.44,3.61,0
43.614,0.44,-0.44,3.61,0
43.624,0.44,-0.44,3.61,0
43.634,0.44,-0.44,3.59,0
43.644,0.44,-0.44,3.59,0
43.654,0.44,-0.44,3.59,0
43.664,0.44,-0.44,3.58,0
43.674,0.44,-0.44,3.58,0
43.684,0.44,-0.44,3.58,0
43.694,0.44,-0.44,3.57,0
43.704,0.44,-0.44,3.57,0
43.714,0.44,-0.44,3.57,0
43.724,0.44,-0.44,3.55,0
43.734,0.44,-0.44,3.55,0
43.744,0.44,-0.44,3.55,0
43.754,0.44,-0.44,3.54,0
43.764,0.44,-0.44,3.54,0
43.774,0.44,-0.44,3.54,0
43.785,0.44,-0.44,3.53,0
43.795,0.44,-0.44,3.53,0
43.805,0.44,-0.44,3.51,0
43.815,0.44,-0.44,3.51,0
43.825,0.44,-0.44,3.51,0
43.835,0.44,-0.44,3.5,0
43.845,0.26,-0.44,3.5,0
43.855,0.44,-0.44,3.5,0
43.865,0.44,-0.44,3.5,0
43.875,0.44,-0.44,3.48,0
43.885,0.44,-0.44,3.48,0
43.895,0.44,-0.44,3.48,0
43.905,0.44,-0.44,3.47,0
43.915,0.44,-0.44,3.47,0
43.925,0.44,-0.44,3.47,0
43.935,0.44,-0.44,3.46,0
43.945,0.44,-0.44,3.46,0
43.956,0.44,-0.44,3.44,0
43.966,0.44,-0.44,3.44,0
43.976,0.44,-0.44,3.44,0
43.986,0.44,-0.44,3.44,0
43.996,0.44,-0.44,3.43,0
44.006,0.44,-0.44,3.43,0
44.016,0.44,-0.44,3.43,0
44.026,0.44,-0.44,3.42,0
44.036,0.44,-0.44,3.42,0
44.046,0.44,-0.44,3.42,0
44.056,0.44,-0.44,3.4,0
44.066,0.44,-0.44,3.4,0
44.076,0.44,-0.44,3.4,0
44.086,0.44,-0.44,3.39,0
44.096,0.44,-0.44,3.39,0
44.106,0.44,-0.44,3.39,0
44.116,0.44,-0.44,3.38,0
44.126,0.44,-0.44,3.38,0
44.136,0.44,-0.44,3.38,0
44.146,0.44,-0.44,3.36,0
44.156,0.44,-0.44,3.36,0
44.166,0.44,-0.44,3.36,0
44.176,0.44,-0.44,3.35,0
44.186,0.44,-0.44,3.35,0
44.196,0.44,-0.44,3.35,0
44.206,0.44,-0.44,3.34,0
44.216,0.44,-0.44,3.34,0
44.226,0.44,-0.44,3.34,0
44.236,0.44,-0.44,3.32,0
44.246,0.44,-0.44,3.32,0
44.256,0.44,-0.44,3.32,0
44.266,0.44,-0.44,3.31,0
44.276,0.44,-0.44,3.31,0
44.286,0.44,-0.44,3.31,0
44.297,0.44,-0.44,3.3,0
44.307,0.44,-0.44,3.3,0
44.317,0.44,-0.44,3.3,0
44.327,0.44,-0.44,3.28,0
44.337,0.44,-0.44,3.28,0
44.347,0.44,-0.44,3.28,0
44.357,0.44,-0.44,3.27,0
44.367,0.44,-0.44,3.27,0
44.377,0.44,-0.44,3.27,0
44.387,0.44,-0.44,3.26,0
44.397,0.44,-0.44,3.26,0
44.407,0.44,-0.44,3.26,0
44.417,0.44,-0.44,3.24,0
44.427,0.44,-0.44,3.24,0
44.437,0.44,-0.44,3.24,0
44.447,0.44,-0.44,3.23,0
44.457,0.44,-0.44,3.23,0
44.468,0.44,-0.44,3.22,0
44.478,0.44,-0.44,3.22,0
44.488,0.44,-0.44,3.22,0
44.498,0.44,-0.44,3.2,0
44.508,0.44,-0.44,3.2,0
44.518,0.44,-0.44,3.2,0
44.528,0.44,-0.44,3.19,0
44.538,0.44,-0.44,3.19,0
44.548,0.44,-0.44,3.19,0
44.558,0.44,-0.44,3.19,0
44.568,0.44,-0.44,3.18,0
44.578,0.44,-0.44,3.18,0
44.588,0.44,-0.44,3.18,0
44.598,0.44,-0.44,3.16,0
44.608,0.44,-0.44,3.16,0
44.618,0.44,-0.44,3.16,0
44.628,0.44,-0.44,3.15,0
44.638,0.44,-0.44,3.15,0
44.648,0.44,-0.44,3.15,0
44.658,0.44,-0.44,3.14,0
44.668,0.44,-0.44,3.14,0
44.678,0.44,-0.44,3.14,0
44.688,0.44,-0.44,3.12,0
44.698,0.44,-0.44,3.12,0
44.708,0.44,-0.44,3.12,0
44.718,0.44,-0.44,3.11,0
44.728,0.44,-0.44,3.11,0
44.738,0.44,-0.44,3.11,0
44.748,0.44,-0.44,3.1,0
44.758,0.44,-0.44,3.1,0
44.768,0.44,-0.44,3.1,0
44.778,0.44,-0.44,3.08,0
44.788,0.44,-0.44,3.08,0
44.798,0.44,-0.44,3.08,0
44.809,0.44,-0.44,3.07,0
44.819,0.44,-0.44,3.07,0
44.829,0.44,-0.44,3.06,0
44.839,0.44,-0.44,3.06,0
44.849,0.44,-0.44,3.06,0
44.859,0.44,-0.44,3.06,0
44.869,0.44,-0.44,3.04,0
44.879,0.44,-0.44,3.04,0
44.889,0.44,-0.44,3.04,0
44.899,0.44,-0.44,3.03,0
44.909,0.44,-0.44,3.03,0
44.919,0.44,-0.44,3.03,0
44.929,0.44,-0.44,3.02,0
44.939,0.44,-0.44,3.02,0
44.949,0.44,-0.44,3.02,0
44.959,0.44,-0.44,3,0
44.969,0.44,-0.44,3,0
44.98,0.44,-0.44,2.99,0
44.99,0.44,-0.44,2.99,0
45,0.44,-0.44,2.99,0
45.01,0.44,-0.44,2.99,0
45.02,0.44,-0.44,2.98,0
45.03,0.44,-0.44,2.98,0
45.04,0.44,-0.44,2.98,0
45.05,0.44,-0.44,2.96,0
45.06,0.44,-0.44,2.96,0
45.07,0.44,-0.44,2.96,0
45.08,0.44,-0.44,2.95,0
45.09,0.44,-0.44,2.95,0
45.1,0.44,-0.44,2.95,0
45.11,0.44,-0.44,2.94,0
45.12,0.44,-0.44,2.94,0
45.13,0.44,-0.44,2.94,0
45.14,0.44,-0.44,2.92,0
45.15,0.44,-0.44,2.92,0
45.16,0.26,-0.44,2.92,0
45.17,0.44,-0.26,2.91,0
45.18,0.44,-0.26,2.91,0
45.19,0.44,-0.26,2.91,0
45.2,0.44,-0.44,2.9,0
45.21,0.44,-0.44,2.9,0
45.22,0.44,-0.44,2.9,0
45.23,0.44,-0.44,2.89,0
45.24,0.44,-0.44,2.89,0
45.25,0.44,-0.44,2.89,0
45.26,0.44,-0.44,2.87,0
45.27,0.44,-0.44,2.87,0
45.28,0.44,-0.44,2.87,0
45.29,0.44,-0.44,2.86,0
45.3,0.44,-0.44,2.86,0
45.31,0.44,-0.44,2.86,0
45.321,0.44,-0.44,2.85,0
45.331,0.44,-0.44,2.85,0
45.341,0.44,-0.44,2.85,0
45.351,0.44,-0.44,2.83,0
45.361,0.44,-0.44,2.83,0
45.371,0.44,-0.44,2.83,0
45.381,0.44,-0.44,2.82,0
45.391,0.44,-0.44,2.82,0
45.401,0.44,-0.44,2.82,0
45.411,0.44,-0.44,2.81,0
45.421,0.44,-0.44,2.81,0
45.431,0.44,-0.44,2.81,0
45.441,0.44,-0.44,2.79,0
45.451,0.44,-0.44,2.79,0
45.461,0.44,-0.44,2.79,0
45.471,0.44,-0.44,2.78,0
45.481,0.44,-0.44,2.78,0
45.492,0.44,-0.44,2.77,0
45.502,0.44,-0.44,2.77,0
45.512,0.44,-0.44,2.77,0
45.522,0.44,-0.44,2.77,0
45.532,0.44,-0.44,2.75,0
45.542,0.44,-0.44,2.75,0
45.552,0.44,-0.44,2.75,0
45.562,0.44,-0.44,2.74,0
45.572,0.44,-0.44,2.74,0
45.582,0.44,-0.44,2.74,0
45.592,0.44,-0.44,2.73,0
45.602,0.44,-0.44,2.73,0
45.612,0.44,-0.44,2.73,0
45.622,0.44,-0.44,2.71,0
45.632,0.44,-0.44,2.71,0
45.642,0.44,-0.44,2.71,0
45.652,0.44,-0.44,2.7,0
45.662,0.44,-0.44,2.7,0
45.672,0.44,-0.44,2.7,0
45.682,0.44,-0.44,2.69,0
45.692,0.44,-0.44,2.69,0
45.702,0.44,-0.44,2.69,0
45.712,0.44,-0.44,2.67,0
45.722,0.44,-0.44,2.67,0
45.732,0.44,-0.44,2.67,0
45.742,0.44,-0.44,2.66,0
45.752,0.44,-0.44,2.66,0
45.762,0.44,-0.44,2.66,0
45.772,0.44,-0.44,2.65,0
45.782,0.44,-0.44,2.65,0
45.792,0.44,-0.44,2.65,0
45.802,0.44,-0.44,2.63,0
45.812,0.44,-0.44,2.63,0
45.822,0.44,-0.44,2.63,0
45.833,0.44,-0.44,2.62,0
45.843,0.44,-0.44,2.62,0
45.853,0.44,-0.44,2.62,0
45.863,0.44,-0.44,2.61,0
45.873,0.44,-0.44,2.61,0
45.883,0.44,-0.44,2.61,0
45.893,0.44,-0.44,2.59,0
45.903,0.44,-0.44,2.59,0
45.913,0.44,-0.44,2.59,0
45.923,0.44,-0.44,2.58,0
45.933,0.44,-0.44,2.58,0
45.943,0.44,-0.44,2.58,0
45.953,0.44,-0.44,2.57,0
45.963,0.44,-0.44,2.57,0
45.973,0.44,-0.44,2.57,0
45.983,0.44,-0.44,2.55,0
45.993,0.44,-0.44,2.55,0
46.004,0.44,-0.44,2.54,0
46.014,0.44,-0.44,2.54,0
46.024,0.44,-0.44,2.54,0
46.034,0.44,-0.44,2.54,0
46.044,0.44,-0.44,2.53,0
46.054,0.44,-0.44,2.53,0
46.064,0.44,-0.44,2.53,0
46.074,0.44,-0.44,2.51,0
46.084,0.44,-0.44,2.51,0
46.094,0.44,-0.44,2.51,0
46.104,0.44,-0.44,2.5,0
46.114,0.44,-0.44,2.5,0
46.124,0.44,-0.44,2.5,0
46.134,0.44,-0.44,2.49,0
46.144,0.44,-0.44,2.49,0
46.154,0.44,-0.44,2.49,0
46.164,0.44,-0.44,2.47,0
46.174,0.44,-0.44,2.47,0
46.184,0.44,-0.44,2.47,0
46.194,0.44,-0.44,2.46,0
46.204,0.44,-0.44,2.46,0
46.214,0.44,-0.44,2.46,0
46.224,0.44,-0.44,2.45,0
46.234,0.44,-0.44,2.45,0
46.244,0.44,-0.44,2.45,0
46.254,0.44,-0.44,2.43,0
46.264,0.44,-0.44,2.43,0
46.274,0.44,-0.44,2.43,0
46.284,0.44,-0.44,2.42,0
46.294,0.44,-0.44,2.42,0
46.304,0.44,-0.44,2.42,0
46.314,0.44,-0.44,2.41,0
46.324,0.44,-0.44,2.41,0
46.334,0.44,-0.44,2.41,0
46.345,0.44,-0.44,2.39,0
46.355,0.44,-0.44,2.39,0
46.365,0.44,-0.44,2.38,0
46.375,0.44,-0.44,2.38,0
46.385,0.44,-0.44,2.38,0
46.395,0.44,-0.44,2.37,0
46.405,0.44,-0.44,2.37,0
46.415,0.44,-0.44,2.37,0
46.425,0.44,-0.44,2.37,0
46.435,0.44,-0.44,2.35,0
46.445,0.44,-0.44,2.35,0
46.455,0.44,-0.44,2.35,0
46.465,0.44,-0.44,2.34,0
46.475,0.44,-0.44,2.34,0
46.485,0.44,-0.44,2.34,0
46.495,0.44,-0.44,2.32,0
46.505,0.44,-0.44,2.32,0
46.516,0.44,-0.44,2.31,0
46.526,0.44,-0.44,2.31,0
46.536,0.44,-0.44,2.31,0
46.546,0.44,-0.44,2.31,0
46.556,0.44,-0.44,2.3,0
46.566,0.44,-0.44,2.3,0
46.576,0.44,-0.44,2.3,0
46.586,0.44,-0.44,2.28,0
46.596,0.44,-0.44,2.28,0
46.606,0.44,-0.44,2.28,0
46.616,0.44,-0.44,2.27,0
46.626,0.44,-0.44,2.27,0
46.636,0.44,-0.44,2.27,0
46.646,0.44,-0.44,2.26,0
46.656,0.44,-0.44,2.26,0
46.666,0.44,-0.44,2.26,0
46.676,0.44,-0.44,2.24,0
46.686,0.44,-0.44,2.24,0
46.696,0.44,-0.44,2.24,0
46.706,0.44,-0.44,2.23,0
46.716,0.44,-0.44,2.23,0
46.726,0.44,-0.44,2.23,0
46.736,0.44,-0.44,2.22,0
46.746,0.44,-0.44,2.22,0
46.756,0.44,-0.44,2.22,0
46.766,0.44,-0.44,2.2,0
46.776,0.44,-0.44,2.2,0
46.786,0.44,-0.44,2.2,0
46.796,0.44,-0.44,2.19,0
46.806,0.44,-0.44,2.19,0
46.816,0.44,-0.44,2.19,0
46.826,0.44,-0.44,2.18,0
46.836,0.44,-0.44,2.18,0
46.846,0.44,-0.44,2.18,0
46.857,0.44,-0.44,2.16,0
46.867,0.44,-0.44,2.16,0
46.877,0.44,-0.44,2.16,0
46.887,0.44,-0.44,2.15,0
46.897,0.44,-0.44,2.15,0
46.907,0.44,-0.44,2.15,0
46.917,0.44,-0.44,2.14,0
46.927,0.44,-0.44,2.14,0
46.937,0.44,-0.44,2.14,0
46.947,0.44,-0.44,2.12,0
46.957,0.44,-0.44,2.12,0
46.967,0.44,-0.44,2.12,0
46.977,0.44,-0.44,2.11,0
46.987,0.44,-0.44,2.11,0
46.997,0.44,-0.44,2.11,0
47.007,0.44,-0.44,2.1,0
47.017,0.44,-0.44,2.1,0
47.028,0.44,-0.44,2.08,0
47.038,0.44,-0.44,2.08,0
47.048,0.44,-0.44,2.08,0
47.058,0.44,-0.44,2.08,0
47.068,0.44,-0.44,2.07,0
47.078,0.44,-0.44,2.07,0
47.088,0.44,-0.44,2.07,0
47.098,0.44,-0.44,2.06,0
47.108,0.44,-0.44,2.06,0
47.118,0.44,-0.44,2.06,0
47.128,0.44,-0.44,2.04,0
47.138,0.44,-0.44,2.04,0
47.148,0.44,-0.44,2.04,0
47.158,0.44,-0.44,2.03,0
47.168,0.44,-0.44,2.03,0
47.178,0.44,-0.44,2.03,0
47.188,0.26,-0.44,2.02,0
47.198,0.44,-0.44,2.02,0
47.208,0.44,-0.44,2.02,0
47.218,0.44,-0.44,2,0
47.228,0.44,-0.44,2,0
47.238,0.44,-0.44,2,0
47.248,0.44,-0.44,1.99,0
47.258,0.44,-0.44,1.99,0
47.268,0.44,-0.44,1.99,0
47.278,0.44,-0.44,1.98,0
47.288,0.44,-0.44,1.98,0
47.298,0.44,-0.44,1.98,0
47.308,0.44,-0.44,1.96,0
47.318,0.44,-0.44,1.96,0
47.328,0.44,-0.44,1.96,0
47.338,0.44,-0.44,1.95,0
47.348,0.44,-0.44,1.95,0
47.358,0.44,-0.44,1.95,0
47.369,0.44,-0.44,1.94,0
47.379,0.44,-0.44,1.94,0
47.389,0.44,-0.44,1.94,0
47.399,0.44,-0.44,1.92,0
47.409,0.44,-0.44,1.92,0
47.419,0.44,-0.44,1.92,0
47.429,0.44,-0.44,1.91,0
47.439,0.44,-0.44,1.91,0
47.449,0.44,-0.44,1.91,0
47.459,0.44,-0.44,1.9,0
47.469,0.44,-0.44,1.9,0
47.479,0.44,-0.44,1.9,0
47.489,0.44,-0.44,1.88,0
47.499,0.44,-0.44,1.88,0
47.509,0.44,-0.44,1.88,0
47.519,0.44,-0.44,1.87,0
47.529,0.44,-0.44,1.87,0
47.54,0.44,-0.44,1.86,0
47.55,0.44,-0.44,1.86,0
47.56,0.44,-0.44,1.86,0
47.57,0.44,-0.44,1.84,0
47.58,0.44,-0.44,1.84,0
47.59,0.44,-0.44,1.84,0
47.6,0.44,-0.44,1.83,0
47.61,0.44,-0.44,1.83,0
47.62,0.44,-0.44,1.83,0
47.63,0.44,-0.44,1.83,0
47.64,0.44,-0.44,1.82,0
47.65,0.44,-0.44,1.82,0
47.66,0.44,-0.44,1.82,0
47.67,0.44,-0.44,1.8,0
47.68,0.44,-0.44,1.8,0
47.69,0.44,-0.44,1.8,0
47.7,0.44,-0.44,1.79,0
47.71,0.44,-0.44,1.79,0
47.72,0.44,-0.44,1.79,0
47.73,0.44,-0.44,1.78,0
47.74,0.44,-0.44,1.78,0
47.75,0.44,-0.44,1.78,0
47.76,0.44,-0.44,1.76,0
47.77,0.44,-0.44,1.76,0
47.78,0.44,-0.44,1.76,0
47.79,0.44,-0.44,1.75,0
47.8,0.44,-0.44,1.75,0
47.81,0.44,-0.44,1.75,0
47.82,0.44,-0.44,1.74,0
47.83,0.44,-0.44,1.74,0
47.84,0.44,-0.44,1.74,0
47.85,0.44,-0.44,1.72,0
47.86,0.44,-0.44,1.72,0
47.87,0.44,-0.44,1.72,0
47.881,0.44,-0.44,1.71,0
47.891,0.44,-0.44,1.71,0
47.901,0.44,-0.44,1.7,0
47.911,0.44,-0.44,1.7,0
47.921,0.44,-0.44,1.7,0
47.931,0.44,-0.44,1.68,0
47.941,0.44,-0.44,1.68,0
47.951,0.44,-0.44,1.68,0
47.961,0.44,-0.44,1.67,0
47.971,0.44,-0.44,1.67,0
47.981,0.44,-0.44,1.67,0
47.991,0.44,-0.44,1.67,0
48.001,0.44,-0.44,1.65,0
48.011,0.44,-0.44,1.65,0
48.021,0.44,-0.44,1.65,0
48.031,0.44,-0.44,1.64,0
48.041,0.44,-0.44,1.64,0
48.052,0.44,-0.44,1.64,0
48.062,0.44,-0.44,1.63,0
48.072,0.44,-0.44,1.63,0
48.082,0.44,-0.44,1.63,0
48.084,0.44,0,0,1
48.106,0.44,0,0,0
48.116,0.44,0,0,0
48.126,0.44,0,0,0
48.137,0.44,-0.44,-0.01,0
48.147,0.44,-0.44,-0.01,0
48.157,0.44,-0.44,-0.01,0
48.167,0.44,-0.44,-0.02,0
48.177,0.44,-0.44,-0.02,0
48.187,0.44,-0.44,-0.02,0
48.197,0.44,-0.44,-0.03,0
48.207,0.44,-0.44,-0.03,0
48.217,0.44,-0.44,-0.03,0
48.227,0.44,-0.44,-0.05,0
48.237,0.44,-0.44,-0.05,0
48.247,0.44,-0.44,-0.05,0
48.257,0.26,-0.44,-0.06,0
48.267,0.44,-0.44,-0.06,0
48.277,0.44,-0.44,-0.06,0
48.287,0.44,-0.44,-0.07,0
48.297,0.44,-0.44,-0.07,0
48.308,0.26,-0.44,-0.07,0
48.318,0.44,-0.26,-0.08,0
48.328,0.44,-0.26,-0.08,0
48.338,0.44,-0.26,-0.08,0
48.348,0.44,-0.44,-0.09,0
48.358,0.44,-0.44,-0.09,0
48.368,0.44,-0.44,-0.09,0
48.378,0.44,-0.44,-0.11,0
48.388,0.44,-0.44,-0.11,0
48.398,0.44,-0.44,-0.11,0
48.408,0.44,-0.44,-0.12,0
48.418,0.44,-0.44,-0.12,0
48.428,0.44,-0.44,-0.12,0
48.438,0.44,-0.44,-0.13,0
48.448,0.44,-0.44,-0.13,0
48.458,0.26,-0.44,-0.13,0
48.468,0.44,-0.26,-0.15,0
48.478,0.44,-0.26,-0.15,0
48.488,0.44,-0.26,-0.15,0
48.498,0.44,-0.44,-0.16,0
48.508,0.26,-0.44,-0.16,0
48.518,0.44,-0.44,-0.16,0
48.528,0.44,-0.44,-0.17,0
48.538,0.44,-0.44,-0.17,0
48.548,0.44,-0.44,-0.17,0
48.558,0.44,-0.44,-0.18,0
48.568,0.44,-0.44,-0.18,0
48.578,0.44,-0.44,-0.18,0
48.588,0.44,-0.44,-0.2,0
48.598,0.44,-0.44,-0.2,0
48.608,0.44,-0.44,-0.2,0
48.618,0.44,-0.44,-0.21,0
48.628,0.44,-0.44,-0.21,0
48.638,0.44,-0.44,-0.21,0
48.649,0.44,-0.44,-0.22,0
48.659,0.44,-0.44,-0.22,0
48.669,0.44,-0.44,-0.22,0
48.679,0.44,-0.44,-0.24,0
48.689,0.44,-0.44,-0.24,0
48.699,0.44,-0.44,-0.24,0
48.709,0.44,-0.44,-0.25,0
48.719,0.44,-0.44,-0.25,0
48.729,0.44,-0.44,-0.25,0
48.739,0.44,-0.44,-0.26,0
48.749,0.44,-0.44,-0.26,0
48.759,0.44,-0.44,-0.26,0
48.769,0.44,-0.44,-0.28,0
48.779,0.44,-0.44,-0.28,0
48.789,0.44,-0.44,-0.28,0
48.799,0.44,-0.44,-0.29,0
48.809,0.44,-0.44,-0.29,0
48.82,0.44,-0.44,-0.29,0
48.83,0.44,-0.44,-0.3,0
48.84,0.44,-0.44,-0.3,0
48.85,0.44,-0.44,-0.3,0
48.86,0.44,-0.44,-0.32,0
48.87,0.44,-0.44,-0.32,0
48.88,0.44,-0.44,-0.32,0
48.89,0.44,-0.44,-0.33,0
48.9,0.44,-0.44,-0.33,0
48.91,0.44,-0.44,-0.33,0
48.92,0.44,-0.44,-0.34,0
48.93,0.44,-0.44,-0.34,0
48.94,0.44,-0.44,-0.34,0
48.95,0.44,-0.44,-0.36,0
48.96,0.44,-0.44,-0.36,0
48.97,0.44,-0.44,-0.36,0
48.98,0.44,-0.44,-0.37,0
48.99,0.44,-0.44,-0.37,0
49,0.44,-0.44,-0.37,0
49.01,0.44,-0.44,-0.38,0
49.02,0.44,-0.44,-0.38,0
49.03,0.44,-0.44,-0.38,0
49.04,0.44,-0.44,-0.4,0
49.05,0.44,-0.44,-0.4,0
49.06,0.44,-0.44,-0.4,0
49.07,0.44,-0.44,-0.41,0
49.08,0.26,-0.44,-0.41,0
49.09,0.26,-0.44,-0.41,0
49.1,0.44,-0.26,-0.42,0
49.11,0.44,-0.26,-0.42,0
49.12,0.44,-0.26,-0.42,0
49.13,0.44,-0.44,-0.43,0
49.14,0.44,-0.44,-0.43,0
49.15,0.44,-0.44,-0.43,0
49.161,0.44,9.01,-0.3,0
49.171,0.44,9.01,-0.3,0
49.181,0.44,9.01,-0.3,0
49.191,3.93,17.06,0.09,0
49.201,5.94,17.06,0.09,0
49.211,7.59,17.06,0.09,0
49.221,9.24,9.91,0.49,0
49.231,10.53,9.91,0.49,0
49.241,11.99,9.91,0.49,0
49.251,12.91,5.51,0.72,0
49.261,13.64,5.51,0.72,0
49.271,14.56,5.51,0.72,0
49.281,15.29,2.94,0.85,0
49.291,15.84,2.94,0.85,0
49.301,16.57,2.94,0.85,0
49.311,17.12,0.93,0.91,0
49.321,17.49,0.93,0.91,0
49.332,18.04,0.93,0.91,0
49.342,18.41,-0.54,0.91,0
49.352,18.22,-0.54,0.91,0
49.362,18.22,-0.54,0.91,0
49.372,18.22,-0.72,0.9,0
49.382,18.22,-0.72,0.9,0
49.392,18.04,-0.72,0.9,0
49.402,17.86,-0.54,0.88,0
49.412,17.67,-0.54,0.88,0
49.422,17.49,-0.54,0.88,0
49.432,17.49,0.01,0.87,0
49.442,17.49,0.01,0.87,0
49.452,17.31,0.01,0.87,0
49.462,17.31,0.19,0.87,0
49.472,17.31,0.19,0.87,0
49.482,17.49,0.19,0.87,0
49.492,17.49,0.01,0.88,0
49.502,17.49,0.01,0.88,0
49.512,17.49,0.01,0.88,0
49.522,17.49,0.01,0.88,0
49.532,17.49,0.01,0.88,0
49.542,17.49,0.01,0.88,0
49.552,17.31,0.01,0.88,0
49.562,17.31,0.01,0.88,0
49.572,17.31,0.01,0.88,0
49.582,17.12,0.19,0.88,0
49.592,17.12,0.19,0.88,0
49.602,17.12,0.19,0.88,0
49.612,17.12,0.38,0.89,0
49.622,17.12,0.38,0.89,0
49.632,17.12,0.38,0.89,0
49.642,17.12,0.38,0.9,0
49.652,17.12,0.38,0.9,0
49.662,17.12,0.38,0.9,0
49.673,17.12,0.38,0.91,0
49.683,17.12,0.38,0.91,0
49.693,17.12,0.38,0.91,0
49.703,17.12,0.38,0.92,0
49.713,17.12,0.38,0.92,0
49.723,16.94,0.38,0.92,0
49.733,16.94,0.56,0.94,0
49.743,16.94,0.56,0.94,0
49.753,16.76,0.56,0.94,0
49.763,16.94,0.74,0.95,0
49.773,16.94,0.74,0.95,0
49.783,16.94,0.74,0.95,0
49.793,16.94,0.56,0.97,0
49.803,16.94,0.56,0.97,0
49.813,16.94,0.56,0.97,0
49.823,16.94,0.56,0.99,0
49.833,16.94,0.56,0.99,0
49.844,16.94,0.56,0.99,0
49.854,16.94,0.56,1.01,0
49.864,16.94,0.56,1.01,0
49.874,16.76,0.56,1.01,0
49.884,16.76,0.74,1.03,0
49.894,16.76,0.74,1.03,0
49.904,16.76,0.74,1.03,0
49.914,16.76,0.74,1.05,0
49.924,16.76,0.74,1.05,0
49.934,16.76,0.74,1.05,0
49.944,16.76,0.74,1.07,0
49.954,16.76,0.74,1.07,0
49.964,16.76,0.74,1.07,0
49.974,16.76,0.74,1.09,0
49.984,16.76,0.74,1.09,0
49.994,16.76,0.74,1.09,0
50.004,16.76,0.74,1.12,0
50.014,16.76,0.74,1.12,0
50.024,16.76,0.74,1.12,0
50.034,16.57,0.74,1.14,0
50.044,16.57,0.74,1.14,0
50.054,16.57,0.74,1.14,0
50.064,16.57,0.93,1.16,0
50.074,16.57,0.93,1.16,0
50.084,16.57,0.93,1.16,0
50.094,16.57,0.93,1.19,0
50.104,16.76,0.93,1.19,0
50.114,16.76,0.93,1.19,0
50.124,16.76,0.74,1.22,0
50.134,16.76,0.74,1.22,0
50.144,16.76,0.74,1.22,0
50.154,16.76,0.74,1.24,0
50.164,16.76,0.74,1.24,0
50.174,16.76,0.74,1.24,0
50.185,16.57,0.74,1.26,0
50.195,16.76,0.74,1.26,0
50.205,16.57,0.74,1.28,0
50.215,16.76,0.74,1.28,0
50.225,16.57,0.74,1.28,0
50.235,16.76,0.74,1.28,0
50.245,16.76,0.74,1.31,0
50.255,16.76,0.74,1.31,0
50.265,16.76,0.74,1.31,0
50.275,16.76,0.74,1.33,0
50.285,16.76,0.74,1.33,0
50.295,16.76,0.74,1.33,0
50.305,16.76,0.74,1.35,0
50.315,16.57,0.74,1.35,0
50.325,16.57,0.74,1.35,0
50.335,16.57,0.93,1.38,0
50.345,16.57,0.93,1.38,0
50.356,16.57,0.93,1.4,0
50.366,16.76,0.93,1.4,0
50.376,16.76,0.93,1.4,0
50.386,16.76,0.74,1.43,0
50.396,16.76,0.74,1.43,0
50.406,16.76,0.74,1.43,0
50.416,16.76,0.74,1.45,0
50.426,16.76,0.74,1.45,0
50.436,16.94,0.74,1.45,0
50.446,16.76,0.74,1.45,0
50.456,16.76,0.74,1.47,0
50.466,16.76,0.74,1.47,0
50.476,16.76,0.74,1.47,0
50.486,16.76,0.74,1.5,0
50.496,16.76,0.74,1.5,0
50.506,16.76,0.74,1.5,0
50.516,16.76,0.74,1.52,0
50.526,16.76,0.74,1.52,0
50.536,16.76,0.74,1.52,0
50.546,16.76,0.74,1.54,0
50.556,16.76,0.74,1.54,0
50.566,16.76,0.74,1.54,0
50.576,16.76,0.74,1.56,0
50.586,16.76,0.74,1.56,0
50.596,16.76,0.74,1.56,0
50.606,16.76,0.74,1.59,0
50.616,16.76,0.74,1.59,0
50.626,16.57,0.74,1.59,0
50.636,16.57,0.93,1.61,0
50.646,16.57,0.93,1.61,0
50.656,16.57,0.93,1.61,0
50.666,16.57,0.93,1.64,0
50.676,16.76,0.93,1.64,0
50.686,16.76,0.93,1.64,0
50.697,16.76,0.74,1.66,0
50.707,16.76,0.74,1.66,0
50.717,16.76,0.74,1.66,0
50.727,16.76,0.74,1.69,0
50.737,16.76,0.74,1.69,0
50.747,16.76,0.74,1.69,0
50.757,16.76,0.74,1.71,0
50.767,16.76,0.74,1.71,0
50.777,16.76,0.74,1.71,0
50.787,16.76,0.74,1.73,0
50.797,16.76,0.74,1.73,0
50.807,16.76,0.74,1.73,0
50.817,16.76,0.74,1.75,0
50.827,16.76,0.74,1.75,0
50.837,16.76,0.74,1.75,0
50.847,16.76,0.74,1.78,0
50.857,16.76,0.74,1.78,0
50.868,16.76,0.74,1.78,0
50.878,16.76,0.74,1.8,0
50.888,16.76,0.74,1.8,0
50.898,16.76,0.74,1.8,0
50.908,16.57,0.74,1.82,0
50.918,16.76,0.74,1.82,0
50.928,16.76,0.74,1.82,0
50.938,16.57,0.74,1.84,0
50.948,16.57,0.74,1.84,0
50.958,16.57,0.74,1.84,0
50.968,16.57,0.93,1.87,0
50.978,16.57,0.93,1.87,0
50.988,16.57,0.93,1.87,0
50.998,16.76,0.93,1.9,0
51.008,16.76,0.93,1.9,0
51.018,16.76,0.93,1.9,0
51.028,16.76,0.74,1.92,0
51.038,16.76,0.74,1.92,0
51.048,16.76,0.74,1.92,0
51.058,16.76,0.74,1.94,0
51.068,16.76,0.74,1.94,0
51.078,16.76,0.74,1.94,0
51.088,16.76,0.74,1.97,0
51.098,16.76,0.74,1.97,0
51.108,16.76,0.74,1.97,0
51.118,16.76,0.74,1.99,0
51.128,16.76,0.74,1.99,0
51.138,16.76,0.74,1.99,0
51.148,16.76,0.74,2.01,0
51.158,16.76,0.74,2.01,0
51.168,16.76,0.74,2.01,0
51.178,16.76,0.74,2.03,0
51.188,16.76,0.74,2.03,0
51.198,16.76,0.74,2.03,0
51.209,16.57,0.74,2.05,0
51.219,16.76,0.74,2.05,0
51.229,16.57,0.74,2.05,0
51.239,16.76,0.93,2.08,0
51.249,16.57,0.93,2.08,0
51.259,16.57,0.93,2.08,0
51.269,16.76,0.93,2.11,0
51.279,16.76,0.93,2.11,0
51.289,16.76,0.93,2.11,0
51.299,16.76,0.74,2.13,0
51.309,16.76,0.74,2.13,0
51.319,16.76,0.74,2.13,0
51.329,16.76,0.74,2.16,0
51.339,16.76,0.74,2.16,0
51.349,16.76,0.74,2.16,0
51.359,16.76,0.74,2.18,0
51.369,16.76,0.74,2.18,0
51.38,16.76,0.74,2.2,0
51.39,16.76,0.74,2.2,0
51.4,16.76,0.74,2.2,0
51.41,16.76,0.74,2.22,0
51.42,16.57,0.74,2.22,0
51.43,16.76,0.74,2.22,0
51.44,16.76,0.74,2.22,0
51.45,16.76,0.74,2.25,0
51.46,16.76,0.74,2.25,0
51.47,16.76,0.74,2.25,0
51.48,16.76,0.74,2.27,0
51.49,16.76,0.74,2.27,0
51.5,16.76,0.74,2.27,0
51.51,16.76,0.74,2.29,0
51.52,16.57,0.74,2.29,0
51.53,16.76,0.74,2.29,0
51.54,16.57,0.74,2.31,0
51.55,16.76,0.74,2.31,0
51.56,16.57,0.74,2.31,0
51.57,16.76,0.93,2.34,0
51.58,16.76,0.93,2.34,0
51.59,16.76,0.93,2.34,0
51.6,16.76,0.74,2.36,0
51.61,16.76,0.74,2.36,0
51.62,16.76,0.74,2.36,0
51.63,16.76,0.74,2.38,0
51.64,16.76,0.74,2.38,0
51.65,16.57,0.74,2.38,0
51.66,16.57,0.93,2.41,0
51.67,16.57,0.93,2.41,0
51.68,16.57,0.93,2.41,0
51.69,16.57,0.93,2.44,0
51.7,16.76,0.93,2.44,0
51.71,16.76,0.93,2.44,0
51.721,16.76,0.74,2.46,0
51.731,16.76,0.74,2.46,0
51.741,16.76,0.74,2.49,0
51.751,16.76,0.74,2.49,0
51.761,16.76,0.74,2.49,0
51.771,16.76,0.74,2.51,0
51.781,16.76,0.74,2.51,0
51.791,16.76,0.74,2.51,0
51.801,16.76,0.74,2.53,0
51.811,16.76,0.74,2.53,0
51.821,16.76,0.74,2.53,0
51.831,16.76,0.74,2.53,0
51.841,16.76,0.74,2.55,0
51.851,16.76,0.74,2.55,0
51.861,16.76,0.74,2.55,0
51.871,16.76,0.74,2.57,0
51.881,16.76,0.74,2.57,0
51.892,16.76,0.74,2.6,0
51.902,16.76,0.74,2.6,0
51.912,16.76,0.74,2.6,0
51.922,16.57,0.74,2.62,0
51.932,16.57,0.74,2.62,0
51.942,16.76,0.74,2.62,0
51.952,16.76,0.74,2.62,0
51.962,16.57,0.74,2.64,0
51.972,16.57,0.74,2.64,0
51.982,16.76,0.74,2.64,0
51.992,16.76,0.74,2.66,0
52.002,16.76,0.74,2.66,0
52.012,16.76,0.74,2.66,0
52.022,16.76,0.74,2.69,0
52.032,16.57,0.74,2.69,0
52.042,16.57,0.74,2.69,0
52.052,16.57,0.93,2.71,0
52.062,16.57,0.93,2.71,0
52.072,16.57,0.93,2.71,0
52.082,16.57,0.93,2.74,0
52.092,16.76,0.93,2.74,0
52.102,16.76,0.93,2.74,0
52.112,16.76,0.74,2.76,0
52.122,16.76,0.74,2.76,0
52.132,16.76,0.74,2.76,0
52.142,16.76,0.74,2.79,0
52.152,16.76,0.74,2.79,0
52.162,16.76,0.74,2.79,0
52.172,16.76,0.74,2.81,0
52.182,16.57,0.74,2.81,0
52.192,16.76,0.74,2.81,0
52.202,16.76,0.74,2.83,0
52.212,16.76,0.74,2.83,0
52.222,16.76,0.74,2.83,0
52.233,16.76,0.74,2.85,0
52.243,16.76,0.74,2.85,0
52.253,16.76,0.74,2.88,0
52.263,16.57,0.74,2.88,0
52.273,16.76,0.74,2.88,0
52.283,16.76,0.74,2.88,0
52.293,16.57,0.74,2.9,0
52.303,16.76,0.74,2.9,0
52.313,16.76,0.74,2.9,0
52.323,16.76,0.74,2.92,0
52.333,16.57,0.74,2.92,0
52.343,16.57,0.74,2.92,0
52.353,16.57,0.93,2.95,0
52.363,16.57,0.93,2.95,0
52.373,16.57,0.93,2.95,0
52.383,16.57,0.93,2.97,0
52.393,16.57,0.93,2.97,0
52.404,16.76,0.93,2.97,0
52.414,16.76,0.74,3,0
52.424,16.76,0.74,3,0
52.434,16.76,0.74,3,0
52.444,16.76,0.74,3.02,0
52.454,16.76,0.74,3.02,0
52.464,16.76,0.74,3.02,0
52.474,16.76,0.74,3.04,0
52.484,16.76,0.74,3.04,0
52.494,16.76,0.74,3.04,0
52.504,16.76,0.74,3.07,0
52.514,16.76,0.74,3.07,0
52.524,16.76,0.74,3.07,0
52.534,16.76,0.74,3.09,0
52.544,16.57,0.74,3.09,0
52.554,16.57,0.74,3.09,0
52.564,16.57,0.93,3.11,0
52.574,16.76,0.93,3.11,0
52.584,16.76,0.93,3.11,0
52.594,16.76,0.74,3.14,0
52.604,16.57,0.74,3.14,0
52.614,16.76,0.74,3.14,0
52.624,16.57,0.74,3.16,0
52.634,16.57,0.74,3.16,0
52.644,16.76,0.74,3.16,0
52.654,16.76,0.74,3.18,0
52.664,16.57,0.74,3.18,0
52.674,16.57,0.74,3.18,0
52.684,16.57,0.93,3.21,0
52.694,16.57,0.93,3.21,0
52.704,16.57,0.93,3.21,0
52.714,16.76,0.93,3.24,0
52.724,16.57,0.93,3.24,0
52.734,16.76,0.93,3.24,0
52.745,16.76,0.74,3.26,0
52.755,16.76,0.74,3.26,0
52.765,16.76,0.74,3.26,0
52.775,16.76,0.74,3.29,0
52.785,16.76,0.74,3.29,0
52.795,16.76,0.74,3.29,0
52.805,16.76,0.74,3.31,0
52.815,16.76,0.74,3.31,0
52.825,16.76,0.74,3.31,0
52.835,16.76,0.74,3.33,0
52.845,16.76,0.74,3.33,0
52.855,16.76,0.74,3.33,0
52.865,16.76,0.74,3.35,0
52.875,16.57,0.74,3.35,0
52.885,16.76,0.74,3.35,0
52.895,16.57,0.74,3.37,0
52.905,16.76,0.74,3.37,0
52.916,16.76,0.74,3.37,0
52.926,16.57,0.74,3.4,0
52.936,16.57,0.74,3.4,0
52.946,16.76,0.74,3.4,0
52.956,16.76,0.74,3.42,0
52.966,16.76,0.74,3.42,0
52.976,16.76,0.74,3.42,0
52.986,16.76,0.74,3.44,0
52.996,16.57,0.74,3.44,0
53.006,16.57,0.74,3.44,0
53.016,16.57,0.93,3.47,0
53.026,16.57,0.93,3.47,0
53.036,16.57,0.93,3.47,0
53.046,16.57,0.93,3.49,0
53.056,16.57,0.93,3.49,0
53.066,16.76,0.93,3.49,0
53.076,16.76,0.74,3.52,0
53.086,16.76,0.74,3.52,0
53.096,16.57,0.74,3.52,0
53.106,16.76,0.93,3.54,0
53.116,16.76,0.93,3.54,0
53.126,16.76,0.93,3.54,0
53.136,16.76,0.74,3.57,0
53.146,16.76,0.74,3.57,0
53.156,16.76,0.74,3.57,0
53.166,16.76,0.74,3.59,0
53.176,16.76,0.74,3.59,0
53.186,16.76,0.74,3.59,0
53.196,16.57,0.74,3.61,0
53.206,16.76,0.74,3.61,0
53.216,16.76,0.74,3.61,0
53.226,16.76,0.74,3.64,0
53.236,16.76,0.74,3.64,0
53.246,16.57,0.74,3.64,0
53.257,16.57,0.93,3.66,0
53.267,16.57,0.93,3.66,0
53.277,16.76,0.93,3.66,0
53.287,16.76,0.74,3.69,0
53.297,16.57,0.74,3.69,0
53.307,16.76,0.74,3.69,0
53.317,16.57,0.74,3.71,0
53.327,16.57,0.74,3.71,0
53.337,16.76,0.74,3.71,0
53.347,16.76,0.74,3.73,0
53.357,16.57,0.74,3.73,0
53.367,16.57,0.74,3.73,0
53.377,16.57,0.93,3.76,0
53.387,16.57,0.93,3.76,0
53.397,16.57,0.93,3.76,0
53.407,16.76,0.93,3.78,0
53.417,16.57,0.93,3.78,0
53.428,16.76,0.93,3.78,0
53.438,16.76,0.74,3.81,0
53.448,16.76,0.74,3.81,0
53.458,16.76,0.74,3.81,0
53.468,16.76,0.74,3.83,0
53.478,16.76,0.74,3.83,0
53.488,16.76,0.74,3.83,0
53.498,16.76,0.74,3.86,0
53.508,16.76,0.74,3.86,0
53.518,16.76,0.74,3.86,0
53.528,16.76,0.74,3.88,0
53.538,16.57,0.74,3.88,0
53.548,16.76,0.74,3.88,0
53.558,16.57,0.74,3.9,0
53.568,16.76,0.74,3.9,0
53.578,16.76,0.74,3.9,0
53.588,16.76,0.74,3.92,0
53.598,16.76,0.74,3.92,0
53.608,16.76,0.74,3.92,0
53.618,16.76,0.74,3.94,0
53.628,16.76,0.74,3.94,0
53.638,16.76,0.74,3.94,0
53.648,16.76,0.74,3.97,0
53.658,16.76,0.74,3.97,0
53.668,16.57,0.74,3.97,0
53.678,16.76,0.93,3.99,0
53.688,16.76,0.93,3.99,0
53.698,16.57,0.93,3.99,0
53.708,16.76,0.93,4.02,0
53.718,16.76,0.93,4.02,0
53.728,16.76,0.93,4.02,0
53.738,16.76,0.74,4.04,0
53.748,16.76,0.74,4.04,0
53.758,16.76,0.74,4.04,0
53.769,16.57,0.74,4.07,0
53.779,16.57,0.74,4.07,0
53.789,16.57,0.74,4.07,0
53.799,16.57,0.93,4.09,0
53.809,16.57,0.93,4.09,0
53.819,16.57,0.93,4.09,0
53.829,16.76,0.93,4.12,0
53.839,16.76,0.93,4.12,0
53.849,16.76,0.93,4.12,0
53.859,16.76,0.74,4.15,0
53.869,16.76,0.74,4.15,0
53.879,16.76,0.74,4.15,0
53.889,16.76,0.74,4.17,0
53.899,16.76,0.74,4.17,0
53.909,16.76,0.74,4.17,0
53.919,16.76,0.74,4.19,0
53.929,16.76,0.74,4.19,0
53.94,16.76,0.74,4.19,0
53.95,16.76,0.74,4.21,0
53.96,16.76,0.74,4.21,0
53.97,16.76,0.74,4.21,0
53.98,16.76,0.74,4.24,0
53.99,16.76,0.74,4.24,0
54,16.76,0.74,4.24,0
54.01,16.76,0.74,4.26,0
54.02,16.76,0.74,4.26,0
54.03,16.76,0.74,4.26,0
54.04,16.76,0.74,4.28,0
54.05,16.57,0.74,4.28,0
54.06,16.76,0.74,4.28,0
54.07,16.76,0.74,4.3,0
54.08,16.57,0.74,4.3,0
54.09,16.57,0.74,4.3,0
54.1,16.57,0.93,4.33,0
54.11,16.76,0.93,4.33,0
54.12,16.57,0.93,4.33,0
54.13,16.57,0.93,4.36,0
54.14,16.76,0.93,4.36,0
54.15,16.76,0.93,4.36,0
54.16,16.76,0.74,4.38,0
54.17,16.76,0.74,4.38,0
54.18,16.76,0.74,4.38,0
54.19,16.76,0.74,4.4,0
54.2,16.76,0.74,4.4,0
54.21,16.76,0.74,4.4,0
54.22,16.76,0.74,4.42,0
54.23,16.76,0.74,4.42,0
54.24,16.57,0.74,4.42,0
54.25,16.57,0.93,4.45,0
54.26,16.76,0.93,4.45,0
54.27,16.76,0.93,4.45,0
54.281,16.76,0.74,4.47,0
54.291,16.76,0.74,4.47,0
54.301,16.76,0.74,4.47,0
54.311,16.76,0.74,4.5,0
54.321,16.76,0.74,4.5,0
54.331,16.57,0.74,4.5,0
54.341,16.76,0.93,4.52,0
54.351,16.76,0.93,4.52,0
54.361,16.76,0.93,4.52,0
54.371,16.76,0.74,4.55,0
54.381,16.76,0.74,4.55,0
54.391,16.57,0.74,4.55,0
54.401,16.76,0.93,4.57,0
54.411,16.57,0.93,4.57,0
54.421,16.76,0.93,4.57,0
54.431,16.57,0.74,4.6,0
54.441,16.57,0.74,4.6,0
54.452,16.57,0.93,4.62,0
54.462,16.76,0.93,4.62,0
54.472,16.76,0.93,4.62,0
54.482,16.76,0.74,4.65,0
54.492,16.76,0.74,4.65,0
54.502,16.76,0.74,4.65,0
54.512,16.76,0.74,4.67,0
54.522,16.76,0.74,4.67,0
54.532,16.76,0.74,4.67,0
54.542,16.76,0.74,4.67,0
54.552,16.76,0.74,4.69,0
54.562,16.57,0.74,4.69,0
54.572,16.76,0.74,4.69,0
54.582,16.57,0.74,4.72,0
54.592,16.57,0.74,4.72,0
54.602,16.57,0.74,4.72,0
54.612,16.57,0.93,4.74,0
54.622,16.57,0.93,4.74,0
54.632,16.57,0.93,4.74,0
54.642,16.57,0.93,4.77,0
54.652,16.76,0.93,4.77,0
54.662,16.76,0.93,4.77,0
54.672,16.76,0.74,4.79,0
54.682,16.76,0.74,4.79,0
54.692,16.57,0.74,4.79,0
54.702,16.76,0.93,4.82,0
54.712,16.76,0.93,4.82,0
54.722,16.76,0.93,4.82,0
54.732,16.76,0.74,4.84,0
54.742,16.76,0.74,4.84,0
54.752,16.57,0.74,4.84,0
54.762,16.57,0.93,4.87,0
54.772,16.76,0.93,4.87,0
54.782,16.76,0.93,4.87,0
54.793,16.76,0.74,4.89,0
54.803,16.76,0.74,4.89,0
54.813,16.57,0.74,4.92,0
54.823,16.57,0.74,4.92,0
54.833,16.76,0.74,4.92,0
54.843,16.76,0.74,4.94,0
54.853,16.57,0.74,4.94,0
54.863,16.76,0.74,4.94,0
54.873,16.76,0.74,4.94,0
54.883,16.76,0.74,4.96,0
54.893,16.57,0.74,4.96,0
54.903,16.76,0.74,4.96,0
54.913,16.76,0.74,4.98,0
54.923,16.76,0.74,4.98,0
54.933,16.76,0.74,4.98,0
54.943,16.57,0.74,5.01,0
54.953,16.57,0.74,5.01,0
54.964,16.57,0.93,5.03,0
54.974,16.57,0.93,5.03,0
54.984,16.76,0.93,5.03,0
54.994,16.57,0.74,5.06,0
55.004,16.76,0.74,5.06,0
55.014,16.57,0.74,5.06,0
55.024,16.57,0.93,5.08,0
55.034,16.57,0.93,5.08,0
55.044,16.57,0.93,5.08,0
55.054,16.57,0.93,5.08,0
55.064,16.57,0.93,5.11,0
55.074,16.76,0.93,5.11,0
55.084,16.76,0.93,5.11,0
55.094,16.76,0.74,5.13,0
55.104,16.76,0.74,5.13,0
55.114,16.76,0.74,5.13,0
55.124,16.76,0.74,5.16,0
55.134,16.76,0.74,5.16,0
55.144,16.76,0.74,5.16,0
55.154,16.76,0.74,5.18,0
55.164,16.76,0.74,5.18,0
55.174,16.76,0.74,5.18,0
55.184,16.76,0.74,5.2,0
55.194,16.76,0.74,5.2,0
55.204,16.76,0.74,5.2,0
55.214,16.76,0.74,5.22,0
55.224,16.76,0.74,5.22,0
55.234,16.76,0.74,5.22,0
55.244,16.76,0.74,5.25,0
55.254,16.76,0.74,5.25,0
55.264,16.76,0.74,5.25,0
55.274,16.57,0.74,5.27,0
55.284,16.76,0.74,5.27,0
55.294,16.57,0.74,5.27,0
55.305,16.57,0.93,5.29,0
55.315,16.57,0.93,5.29,0
55.325,16.57,0.93,5.29,0
55.335,16.57,0.93,5.32,0
55.345,16.76,0.93,5.32,0
55.355,16.57,0.93,5.32,0
55.365,16.76,0.93,5.35,0
55.375,16.76,0.93,5.35,0
55.385,16.76,0.93,5.35,0
55.395,16.76,0.74,5.37,0
55.405,16.76,0.74,5.37,0
55.415,16.76,0.74,5.37,0
55.425,16.76,0.74,5.4,0
55.435,16.76,0.74,5.4,0
55.445,16.76,0.74,5.4,0
55.455,16.76,0.74,5.42,0
55.465,16.76,0.74,5.42,0
55.476,16.76,0.74,5.44,0
55.486,16.76,0.74,5.44,0
55.496,16.76,0.74,5.44,0
55.506,16.76,0.74,5.44,0
55.516,16.76,0.74,5.46,0
55.526,16.76,0.74,5.46,0
55.536,16.76,0.74,5.46,0
55.546,16.76,0.74,5.49,0
55.556,16.76,0.74,5.49,0
55.566,16.76,0.74,5.49,0
55.576,16.76,0.74,5.51,0
55.586,16.76,0.74,5.51,0
55.596,16.76,0.74,5.51,0
55.606,16.57,0.74,5.53,0
55.616,16.76,0.74,5.53,0
55.626,16.76,0.74,5.53,0
55.636,16.76,0.74,5.55,0
55.646,16.57,0.74,5.55,0
55.656,16.76,0.74,5.55,0
55.666,16.76,0.74,5.58,0
55.676,16.76,0.74,5.58,0
55.686,16.76,0.74,5.58,0
55.696,16.76,0.74,5.6,0
55.706,16.57,0.74,5.6,0
55.716,16.57,0.74,5.6,0
55.726,16.57,0.93,5.62,0
55.736,16.76,0.93,5.62,0
55.746,16.76,0.93,5.62,0
55.756,16.76,0.74,5.65,0
55.766,16.57,0.74,5.65,0
55.776,16.57,0.74,5.65,0
55.786,16.57,0.93,5.67,0
55.796,16.57,0.93,5.67,0
55.806,16.57,0.93,5.67,0
55.817,16.57,0.93,5.7,0
55.827,16.76,0.93,5.7,0
55.837,16.76,0.93,5.7,0
55.847,16.76,0.74,5.73,0
55.857,16.76,0.74,5.73,0
55.867,16.76,0.74,5.73,0
55.877,16.57,0.74,5.75,0
55.887,16.57,0.74,5.75,0
55.897,16.57,0.74,5.75,0
55.907,16.57,0.93,5.77,0
55.917,16.76,0.93,5.77,0
55.927,16.76,0.93,5.77,0
55.937,16.76,0.74,5.8,0
55.947,16.76,0.74,5.8,0
55.957,16.76,0.74,5.8,0
55.967,16.76,0.74,5.82,0
55.977,16.76,0.74,5.82,0
55.988,16.76,0.74,5.82,0
55.998,16.76,0.74,5.84,0
56.008,16.57,0.74,5.84,0
56.018,16.57,0.74,5.84,0
56.028,16.76,0.93,5.87,0
56.038,16.57,0.93,5.87,0
56.048,16.57,0.93,5.87,0
56.058,16.76,0.93,5.9,0
56.068,16.76,0.93,5.9,0
56.078,16.76,0.93,5.9,0
56.088,16.57,0.74,5.92,0
56.098,16.57,0.74,5.92,0
56.108,16.76,0.74,5.92,0
56.118,16.57,0.74,5.94,0
56.128,16.57,0.74,5.94,0
56.138,16.76,0.74,5.94,0
56.148,16.76,0.74,5.97,0
56.158,16.76,0.74,5.97,0
56.168,16.76,0.74,5.97,0
56.178,16.76,0.74,5.99,0
56.188,16.57,0.74,5.99,0
56.198,16.57,0.74,5.99,0
56.208,16.57,0.93,6.01,0
56.218,16.57,0.93,6.01,0
56.228,16.57,0.93,6.01,0
56.238,16.57,0.93,6.04,0
56.248,16.57,0.93,6.04,0
56.258,16.57,0.93,6.04,0
56.268,16.57,0.93,6.07,0
56.278,16.76,0.93,6.07,0
56.288,16.76,0.93,6.07,0
56.298,16.76,0.74,6.1,0
56.308,16.76,0.74,6.1,0
56.318,16.76,0.74,6.1,0
56.329,16.76,0.74,6.12,0
56.339,16.76,0.74,6.12,0
56.349,16.76,0.74,6.12,0
56.359,16.76,0.74,6.14,0
56.369,16.76,0.74,6.14,0
56.379,16.76,0.74,6.14,0
56.389,16.76,0.74,6.16,0
56.399,16.76,0.74,6.16,0
56.409,16.76,0.74,6.16,0
56.419,16.76,0.74,6.19,0
56.429,16.76,0.74,6.19,0
56.439,16.76,0.74,6.19,0
56.449,16.76,0.74,6.21,0
56.459,16.76,0.74,6.21,0
56.469,16.76,0.74,6.21,0
56.479,16.57,0.74,6.23,0
56.489,16.57,0.74,6.23,0
56.5,16.76,0.74,6.23,0
56.51,16.57,0.74,6.25,0
56.52,16.57,0.74,6.25,0
56.53,16.57,0.74,6.25,0
56.54,16.76,0.93,6.28,0
56.55,16.76,0.93,6.28,0
56.56,16.57,0.93,6.28,0
56.57,16.57,0.93,6.31,0
56.58,16.57,0.93,6.31,0
56.59,16.57,0.93,6.31,0
56.6,16.76,0.93,6.33,0
56.61,16.76,0.93,6.33,0
56.62,16.76,0.93,6.33,0
56.63,16.76,0.74,6.36,0
56.64,16.76,0.74,6.36,0
56.65,16.76,0.74,6.36,0
56.66,16.76,-16.76,6.12,0
56.67,16.76,-16.76,6.12,0
56.68,16.21,-16.76,6.12,0
56.69,15.47,-16.21,5.62,0
56.7,13.64,-16.21,5.62,0
56.71,11.63,-16.21,5.62,0
56.72,10.53,-11.63,5.21,0
56.73,9.06,-11.63,5.21,0
56.74,7.59,-11.63,5.21,0
56.75,6.49,-7.59,4.92,0
56.76,5.58,-7.59,4.92,0
56.77,4.48,-7.59,4.92,0
56.78,3.56,-4.48,4.74,0
56.79,2.83,-4.48,4.74,0
56.8,2.28,-4.48,4.74,0
56.81,1.54,-2.28,4.64,0
56.82,1.18,-2.28,4.64,0
56.83,0.63,-2.28,4.64,0
56.841,0.26,-0.63,4.59,0
56.851,0.08,-0.63,4.59,0
56.861,-0.1,-0.08,4.58,0
56.871,-0.1,-0.08,4.58,0
56.881,-0.1,-0.08,4.58,0
56.891,-0.1,-0.08,4.58,0
56.901,-0.1,0.1,4.58,0
56.911,-0.1,0.1,4.58,0
56.921,-0.1,0.1,4.58,0
56.931,-0.1,0.1,4.58,0
56.941,-0.1,0.1,4.58,0
56.951,0.08,0.1,4.58,0
56.961,0.08,-0.08,4.59,0
56.971,0.08,-0.08,4.59,0
56.981,0.08,-0.08,4.59,0
56.991,0.26,-0.08,4.58,0
57.001,0.08,-0.08,4.58,0
57.012,0.26,-0.08,4.58,0
57.022,0.26,-0.26,4.58,0
57.032,0.26,-0.26,4.58,0
57.042,0.26,-0.26,4.58,0
57.052,0.26,-0.26,4.57,0
57.062,0.26,-0.26,4.57,0
57.072,0.26,-0.26,4.57,0
57.082,0.26,-0.26,4.56,0
57.092,0.26,-0.26,4.56,0
57.102,0.26,-0.26,4.56,0
57.112,0.26,-0.26,4.55,0
57.122,0.26,-0.26,4.55,0
57.132,0.26,-0.26,4.55,0
57.142,0.26,-0.26,4.55,0
57.152,0.08,-0.26,4.55,0
57.162,0.26,-0.26,4.55,0
57.172,0.26,-0.26,4.54,0
57.182,0.26,-0.26,4.54,0
57.192,0.26,-0.26,4.54,0
57.202,0.26,-0.26,4.53,0
57.212,0.26,-0.26,4.53,0
57.222,0.26,-0.26,4.53,0
57.232,0.26,-0.26,4.52,0
57.242,0.26,-0.26,4.52,0
57.252,0.26,-0.26,4.52,0
57.262,0.26,-0.26,4.51,0
57.272,0.26,-0.26,4.51,0
57.282,0.26,-0.26,4.51,0
57.292,0.26,-0.26,4.51,0
57.302,0.26,-0.26,4.51,0
57.312,0.26,-0.26,4.51,0
57.322,0.26,-0.26,4.5,0
57.332,0.26,-0.26,4.5,0
57.342,0.26,-0.26,4.5,0
57.353,0.26,-0.26,4.49,0
57.363,0.26,-0.26,4.49,0
57.373,0.26,-0.26,4.48,0
57.383,0.26,-0.26,4.48,0
57.393,0.26,-0.26,4.48,0
57.403,0.26,-0.26,4.48,0
57.413,0.44,-0.26,4.48,0
57.423,0.44,-0.26,4.48,0
57.433,0.44,-0.26,4.48,0
57.443,0.26,-0.44,4.46,0
57.453,0.26,-0.44,4.46,0
57.463,0.26,-0.44,4.46,0
57.473,0.26,-0.26,4.45,0
57.483,0.26,-0.26,4.45,0
57.493,0.26,-0.26,4.45,0
57.503,0.26,-0.26,4.45,0
57.513,0.26,-0.26,4.45,0
57.524,0.26,-0.26,4.45,0
57.534,0.26,-0.26,4.44,0
57.544,0.26,-0.26,4.44,0
57.554,0.26,-0.26,4.44,0
57.564,0.26,-0.26,4.43,0
57.574,0.26,-0.26,4.43,0
57.584,0.26,-0.26,4.43,0
57.594,0.26,-0.26,4.42,0
57.604,0.44,-0.26,4.42,0
57.614,0.44,-0.26,4.42,0
57.624,0.26,-0.44,4.41,0
57.634,0.26,-0.44,4.41,0
57.644,0.26,-0.44,4.41,0
57.654,0.26,-0.26,4.4,0
57.664,0.26,-0.26,4.4,0
57.674,0.26,-0.26,4.4,0
57.684,0.26,-0.26,4.39,0
57.694,0.26,-0.26,4.39,0
57.704,0.26,-0.26,4.39,0
57.714,0.26,-0.26,4.39,0
57.724,0.26,-0.26,4.39,0
57.734,0.26,-0.26,4.39,0
57.744,0.26,-0.26,4.38,0
57.754,0.26,-0.26,4.38,0
57.764,0.26,-0.26,4.38,0
57.774,0.26,-0.26,4.37,0
57.784,0.26,-0.26,4.37,0
57.794,0.44,-0.26,4.37,0
57.804,0.44,-0.44,4.36,0
57.814,0.44,-0.44,4.36,0
57.824,0.44,-0.44,4.36,0
57.834,0.44,-0.44,4.35,0
57.844,0.26,-0.44,4.35,0
57.854,0.26,-0.44,4.35,0
57.865,0.26,-0.26,4.34,0
57.875,0.26,-0.26,4.34,0
57.885,0.26,-0.26,4.33,0
57.895,0.26,-0.26,4.33,0
57.905,0.26,-0.26,4.33,0
57.915,0.26,-0.26,4.33,0
57.925,0.26,-0.26,4.32,0
57.935,0.26,-0.26,4.32,0
57.945,0.26,-0.26,4.32,0
57.955,0.44,-0.26,4.31,0
57.965,0.26,-0.26,4.31,0
57.975,0.26,-0.26,4.31,0
57.985,0.44,-0.26,4.3,0
57.995,0.44,-0.26,4.3,0
58.005,0.26,-0.26,4.3,0
58.015,0.44,-0.26,4.3,0
58.025,0.44,-0.26,4.3,0
58.036,0.44,-0.44,4.29,0
58.046,0.26,-0.44,4.29,0
58.056,0.26,-0.44,4.29,0
58.066,0.26,-0.26,4.27,0
58.076,0.26,-0.26,4.27,0
58.086,0.26,-0.26,4.27,0
58.096,0.26,-0.26,4.27,0
58.106,0.26,-0.26,4.27,0
58.116,0.26,-0.26,4.27,0
58.126,0.26,-0.26,4.27,0
58.136,0.26,-0.26,4.26,0
58.146,0.26,-0.26,4.26,0
58.156,0.26,-0.26,4.26,0
58.166,0.26,-0.26,4.25,0
58.176,0.26,-0.26,4.25,0
58.186,0.44,-0.26,4.25,0
58.196,0.44,-0.44,4.24,0
58.206,0.26,-0.44,4.24,0
58.216,0.44,-0.44,4.24,0
58.226,0.44,-0.44,4.23,0
58.236,0.26,-0.44,4.23,0
58.246,0.26,-0.44,4.23,0
58.256,0.26,-0.26,4.22,0
58.266,0.26,-0.26,4.22,0
58.276,0.26,-0.26,4.22,0
58.286,0.26,-0.26,4.21,0
58.296,0.26,-0.26,4.21,0
58.306,0.26,-0.26,4.21,0
58.316,0.26,-0.26,4.2,0
58.326,0.26,-0.26,4.2,0
58.336,0.26,-0.26,4.2,0
58.346,0.26,-0.26,4.19,0
58.356,0.26,-0.26,4.19,0
58.366,0.26,-0.26,4.19,0
58.377,0.26,-0.26,4.18,0
58.387,0.44,-0.26,4.18,0
58.397,0.44,-0.44,4.17,0
58.407,0.44,-0.44,4.17,0
58.417,0.44,-0.44,4.17,0
58.427,0.26,-0.44,4.16,0
58.437,0.26,-0.44,4.16,0
58.447,0.26,-0.44,4.16,0
58.457,0.26,-0.26,4.15,0
58.467,0.26,-0.26,4.15,0
58.477,0.26,-0.26,4.15,0
58.487,0.26,-0.26,4.15,0
58.497,0.26,-0.26,4.14,0
58.507,0.26,-0.26,4.14,0
58.517,0.26,-0.26,4.14,0
58.527,0.26,-0.26,4.13,0
58.537,0.26,-0.26,4.13,0
58.548,0.26,-0.26,4.13,0
58.558,0.26,-0.26,4.13,0
58.568,0.44,-0.26,4.13,0
58.578,0.44,-0.26,4.13,0
58.588,0.44,-0.44,4.12,0
58.598,0.26,-0.44,4.12,0
58.608,0.26,-0.44,4.12,0
58.618,0.44,-0.26,4.11,0
58.628,0.26,-0.26,4.11,0
58.638,0.26,-0.26,4.11,0
58.648,0.26,-0.26,4.1,0
58.658,0.26,-0.26,4.1,0
58.668,0.26,-0.26,4.1,0
58.678,0.26,-0.26,4.09,0
58.688,0.26,-0.26,4.09,0
58.698,0.26,-0.26,4.09,0
58.708,0.26,-0.26,4.08,0
58.718,0.26,-0.26,4.08,0
58.728,0.26,-0.26,4.08,0
58.738,0.26,-0.26,4.07,0
58.748,0.26,-0.26,4.07,0
58.758,0.44,-0.26,4.07,0
58.768,0.44,-0.44,4.06,0
58.778,0.44,-0.44,4.06,0
58.788,0.44,-0.44,4.06,0
58.798,0.44,-0.44,4.05,0
58.808,0.44,-0.44,4.05,0
58.818,0.26,-0.44,4.05,0
58.828,0.26,-0.26,4.04,0
58.838,0.26,-0.26,4.04,0
58.848,0.26,-0.26,4.04,0
58.858,0.26,-0.26,4.03,0
58.868,0.26,-0.26,4.03,0
58.878,0.26,-0.26,4.03,0
58.889,0.26,-0.26,4.02,0
58.899,0.44,-0.26,4.02,0
58.909,0.26,-0.26,4.02,0
58.919,0.26,-0.26,4.02,0
58.929,0.26,-0.26,4.02,0
58.939,0.26,-0.26,4.02,0
58.949,0.44,-0.26,4.01,0
58.959,0.44,-0.26,4.01,0
58.969,0.44,-0.26,4.01,0
58.979,0.44,-0.44,4,0
58.989,0.44,-0.44,4,0
58.999,0.26,-0.44,4,0
59.009,0.44,-0.26,3.99,0
59.019,0.44,-0.26,3.99,0
59.029,0.26,-0.26,3.99,0
59.039,0.26,-0.26,3.98,0
59.049,0.26,-0.26,3.98,0
59.06,0.26,-0.26,3.97,0
59.07,0.26,-0.26,3.97,0
59.08,0.44,-0.26,3.97,0
59.09,0.26,-0.44,3.96,0
59.1,0.26,-0.44,3.96,0
59.11,0.26,-0.44,3.96,0
59.12,0.26,-0.26,3.95,0
59.13,0.26,-0.26,3.95,0
59.14,0.44,-0.26,3.95,0
59.15,0.44,-0.26,3.95,0
59.16,0.44,-0.44,3.94,0
59.17,0.44,-0.44,3.94,0
59.18,0.44,-0.44,3.94,0
59.19,0.44,-0.44,3.93,0
59.2,0.26,-0.44,3.93,0
59.21,0.26,-0.44,3.93,0
59.22,0.26,-0.26,3.91,0
59.23,0.26,-0.26,3.91,0
59.24,0.26,-0.26,3.91,0
59.25,0.26,-0.26,3.91,0
59.26,0.26,-0.26,3.91,0
59.27,0.26,-0.26,3.91,0
59.28,0.26,-0.26,3.9,0
59.29,0.26,-0.26,3.9,0
59.3,0.26,-0.26,3.9,0
59.31,0.26,-0.26,3.89,0
