Settings:,,
Use KPA,0,
KP,0.45,
KI,0.84,
KD,0,
Traj Follow Error Pressure Threshold,4.35,
Traj Follow Error Time Threshold,1500,
Filter alpha,0,
Sensor offset,-0.05,
Pressure Read Delay,10,
Interpolation Calculation Delay,30,
Controller Delay,30,
"Traj times","0.00, 1000.00, 1050.00, 8500.00, 8500.00, 16000.00, ",""
"Traj pressures","0.00, 0.00, 17.50, 17.50, 0.00, 0.00, ",""
time,pressure,error,integral,cycle_start
0,-0.1,0,0,0
0.01,-0.1,0.1,0.8,0
0.02,-0.1,0.1,0.8,0
0.03,-0.1,0.1,0.8,0
0.04,-0.1,0.1,0.8,0
0.05,-0.1,0.1,0.8,0
0.06,-0.1,0.1,0.8,0
0.07,-0.1,0.1,0.8,0
0.08,-0.1,0.1,0.8,0
0.09,2.09,0.1,0.8,0
0.1,2.64,-2.09,0.77,0
0.11,2.46,-2.09,0.77,0
0.12,2.46,-2.09,0.77,0
0.13,2.46,-2.46,0.71,0
0.14,2.28,-2.46,0.71,0
0.15,2.28,-2.46,0.71,0
0.16,2.28,-2.28,0.64,0
0.17,2.28,-2.28,0.64,0
0.18,2.28,-2.28,0.64,0
0.19,2.28,-2.28,0.57,0
0.2,2.28,-2.28,0.57,0
0.21,2.28,-2.28,0.57,0
0.22,2.28,-2.28,0.5,0
0.23,2.28,-2.28,0.5,0
0.24,2.28,-2.28,0.5,0
0.25,2.28,-2.28,0.43,0
0.26,2.28,-2.28,0.43,0
0.27,2.28,-2.28,0.43,0
0.28,2.28,-2.28,0.36,0
0.29,2.28,-2.28,0.36,0
0.3,2.28,-2.28,0.36,0
0.31,2.28,-2.28,0.29,0
0.32,2.09,-2.28,0.29,0
0.33,2.09,-2.28,0.29,0
0.34,2.09,-2.09,0.23,0
0.35,2.09,-2.09,0.23,0
0.36,2.09,-2.09,0.23,0
0.371,2.09,-2.09,0.16,0
0.381,2.09,-2.09,0.16,0
0.391,2.09,-2.09,0.16,0
0.401,2.09,-2.09,0.1,0
0.411,1.91,-2.09,0.1,0
0.421,2.09,-2.09,0.1,0
0.431,2.09,-2.09,0.04,0
0.441,2.09,-2.09,0.04,0
0.451,1.91,-2.09,0.04,0
0.461,1.91,-1.91,-0.02,0
0.471,2.09,-1.91,-0.02,0
0.481,1.91,-1.91,-0.02,0
0.491,1.91,-1.91,-0.08,0
0.501,1.91,-1.91,-0.08,0
0.511,1.91,-1.91,-0.08,0
0.521,1.91,-1.91,-0.14,0
0.531,1.91,-1.91,-0.14,0
0.541,1.73,-1.91,-0.14,0
0.551,1.73,-1.73,-0.19,0
0.561,1.73,-1.73,-0.19,0
0.571,1.73,-1.73,-0.19,0
0.581,1.73,-1.73,-0.24,0
0.591,1.73,-1.73,-0.24,0
0.601,1.73,-1.73,-0.24,0
0.611,1.73,-1.73,-0.3,0
0.621,1.73,-1.73,-0.3,0
0.631,1.73,-1.73,-0.3,0
0.641,1.73,-1.73,-0.35,0
0.651,1.73,-1.73,-0.35,0
0.661,1.73,-1.73,-0.35,0
0.671,1.73,-1.73,-0.4,0
0.681,1.54,-1.73,-0.4,0
0.691,1.54,-1.73,-0.4,0
0.701,1.54,-1.54,-0.45,0
0.712,1.54,-1.54,-0.45,0
0.722,1.54,-1.54,-0.45,0
0.732,1.54,-1.54,-0.49,0
0.742,1.54,-1.54,-0.49,0
0.752,1.54,-1.54,-0.49,0
0.762,1.54,-1.54,-0.54,0
0.772,1.36,-1.54,-0.54,0
0.782,1.36,-1.54,-0.54,0
0.792,1.36,-1.36,-0.58,0
0.802,1.54,-1.36,-0.58,0
0.812,1.36,-1.36,-0.58,0
0.822,1.36,-1.36,-0.63,0
0.832,1.54,-1.36,-0.63,0
0.842,1.36,-1.36,-0.63,0
0.852,1.36,-1.36,-0.67,0
0.862,1.36,-1.36,-0.67,0
0.872,1.36,-1.36,-0.67,0
0.883,1.36,-1.36,-0.71,0
0.893,1.36,-1.36,-0.71,0
0.903,1.36,-1.36,-0.75,0
0.913,1.18,-1.36,-0.75,0
0.923,1.18,-1.36,-0.75,0
0.933,1.18,-1.36,-0.75,0
0.943,1.18,-1.18,-0.79,0
0.953,1.18,-1.18,-0.79,0
0.963,1.18,-1.18,-0.79,0
0.973,1.18,-1.18,-0.82,0
0.983,1.18,-1.18,-0.82,0
0.993,1.18,-1.18,-0.82,0
1.003,1.18,-1.18,-0.86,0
1.013,1.18,-1.18,-0.86,0
1.023,1.18,-1.18,-0.86,0
1.033,1.18,6.17,-0.78,0
1.043,1.18,6.17,-0.78,0
1.053,2.83,6.17,-0.78,0
1.063,5.03,14.67,-0.47,0
1.073,6.86,14.67,-0.47,0
1.083,8.51,14.67,-0.47,0
1.093,10.16,8.99,-0.12,0
1.103,11.26,8.99,-0.12,0
1.113,12.54,8.99,-0.12,0
1.123,13.46,4.96,0.09,0
1.133,14.19,4.96,0.09,0
1.143,14.92,4.96,0.09,0
1.153,15.47,2.58,0.21,0
1.163,16.39,2.58,0.21,0
1.173,16.76,2.58,0.21,0
1.183,17.31,0.74,0.26,0
1.193,17.86,0.74,0.26,0
1.203,18.22,0.74,0.26,0
1.213,18.41,-0.72,0.26,0
1.224,18.41,-0.72,0.26,0
1.234,18.59,-0.72,0.26,0
1.244,18.41,-1.09,0.23,0
1.254,18.22,-1.09,0.23,0
1.264,18.22,-1.09,0.23,0
1.274,18.04,-0.72,0.2,0
1.284,17.86,-0.72,0.2,0
1.294,17.86,-0.72,0.2,0
1.304,17.67,-0.36,0.19,0
1.314,17.67,-0.36,0.19,0
1.324,17.49,-0.36,0.19,0
1.334,17.67,0.01,0.18,0
1.344,17.67,0.01,0.18,0
1.354,17.67,0.01,0.18,0
1.364,17.67,-0.17,0.18,0
1.374,17.67,-0.17,0.18,0
1.384,17.67,-0.17,0.18,0
1.395,17.67,-0.17,0.17,0
1.405,17.67,-0.17,0.17,0
1.415,17.67,-0.17,0.17,0
1.425,17.49,-0.17,0.17,0
1.435,17.49,-0.17,0.17,0
1.445,17.31,-0.17,0.17,0
1.455,17.31,0.19,0.17,0
1.465,17.31,0.19,0.17,0
1.475,17.31,0.19,0.17,0
1.485,17.49,0.19,0.17,0
1.495,17.31,0.19,0.17,0
1.505,17.31,0.19,0.17,0
1.515,17.31,0.19,0.18,0
1.525,17.31,0.19,0.18,0
1.535,17.49,0.19,0.18,0
1.545,17.49,0.01,0.18,0
1.555,17.31,0.01,0.18,0
1.565,17.31,0.01,0.18,0
1.575,17.31,0.19,0.18,0
1.585,17.31,0.19,0.18,0
1.595,17.12,0.19,0.18,0
1.605,17.12,0.38,0.19,0
1.615,17.12,0.38,0.19,0
1.625,17.12,0.38,0.19,0
1.635,17.12,0.38,0.2,0
1.645,17.12,0.38,0.2,0
1.655,17.12,0.38,0.2,0
1.665,17.12,0.38,0.22,0
1.675,17.31,0.38,0.22,0
1.685,17.31,0.38,0.22,0
1.695,17.12,0.19,0.22,0
1.705,17.12,0.19,0.22,0
1.715,17.12,0.19,0.22,0
1.725,17.12,0.38,0.23,0
1.736,17.12,0.38,0.23,0
1.746,16.94,0.38,0.23,0
1.756,16.94,0.56,0.25,0
1.766,16.94,0.56,0.25,0
1.776,16.94,0.56,0.25,0
1.786,16.94,0.56,0.26,0
1.796,16.94,0.56,0.26,0
1.806,16.94,0.56,0.26,0
1.816,16.94,0.56,0.28,0
1.826,17.12,0.56,0.28,0
1.836,17.12,0.56,0.28,0
1.846,16.94,0.38,0.3,0
1.856,16.94,0.38,0.3,0
1.866,16.94,0.38,0.3,0
1.876,16.94,0.56,0.31,0
1.886,16.94,0.56,0.31,0
1.896,16.94,0.56,0.31,0
1.907,16.94,0.56,0.33,0
1.917,16.94,0.56,0.33,0
1.927,16.94,0.56,0.33,0
1.937,16.94,0.56,0.34,0
1.947,16.94,0.56,0.34,0
1.957,16.94,0.56,0.34,0
1.967,16.76,0.56,0.36,0
1.977,16.76,0.56,0.36,0
1.987,16.94,0.56,0.36,0
1.997,16.94,0.56,0.38,0
2.007,16.94,0.56,0.38,0
2.017,16.94,0.56,0.38,0
2.027,16.76,0.56,0.39,0
2.037,16.76,0.56,0.39,0
2.047,16.76,0.56,0.39,0
2.057,16.76,0.74,0.41,0
2.067,16.76,0.74,0.41,0
2.077,16.76,0.74,0.41,0
2.087,16.76,0.74,0.44,0
2.097,16.94,0.74,0.44,0
2.107,16.94,0.74,0.44,0
2.117,16.94,0.56,0.45,0
2.127,17.12,0.56,0.45,0
2.137,16.94,0.56,0.45,0
2.147,16.94,0.56,0.47,0
2.157,16.94,0.56,0.47,0
2.167,16.94,0.56,0.47,0
2.177,16.94,0.56,0.49,0
2.187,16.94,0.56,0.49,0
2.197,17.12,0.56,0.49,0
2.207,17.12,0.38,0.5,0
2.217,16.94,0.38,0.5,0
2.227,16.94,0.38,0.5,0
2.237,16.94,0.56,0.52,0
2.248,17.12,0.56,0.52,0
2.258,17.12,0.38,0.53,0
2.268,17.12,0.38,0.53,0
2.278,17.12,0.38,0.53,0
2.288,17.12,0.38,0.53,0
2.298,17.12,0.38,0.54,0
2.308,17.12,0.38,0.54,0
2.318,16.94,0.38,0.54,0
2.328,17.12,0.56,0.56,0
2.338,16.94,0.56,0.56,0
2.348,17.12,0.56,0.56,0
2.358,17.12,0.38,0.57,0
2.368,17.12,0.38,0.57,0
2.378,17.12,0.38,0.57,0
2.388,17.12,0.38,0.58,0
2.398,17.12,0.38,0.58,0
2.408,17.12,0.38,0.58,0
2.419,17.12,0.38,0.59,0
2.429,17.12,0.38,0.59,0
2.439,17.12,0.38,0.6,0
2.449,17.12,0.38,0.6,0
2.459,17.12,0.38,0.6,0
2.469,17.12,0.38,0.62,0
2.479,17.12,0.38,0.62,0
2.489,17.12,0.38,0.62,0
2.499,17.31,0.38,0.62,0
2.509,17.31,0.19,0.62,0
2.519,17.12,0.19,0.62,0
2.529,17.12,0.19,0.62,0
2.539,17.12,0.38,0.63,0
2.549,17.12,0.38,0.63,0
2.559,17.31,0.38,0.63,0
2.569,17.31,0.19,0.64,0
2.579,17.31,0.19,0.64,0
2.589,17.31,0.19,0.64,0
2.599,17.31,0.19,0.65,0
2.609,17.31,0.19,0.65,0
2.619,17.12,0.19,0.65,0
2.629,17.12,0.38,0.66,0
2.639,17.12,0.38,0.66,0
2.649,17.31,0.38,0.66,0
2.659,17.31,0.19,0.66,0
2.669,17.31,0.19,0.66,0
2.679,17.31,0.19,0.66,0
2.689,17.31,0.19,0.67,0
2.699,17.31,0.19,0.67,0
2.709,17.31,0.19,0.67,0
2.719,17.31,0.19,0.68,0
2.729,17.31,0.19,0.68,0
2.739,17.31,0.19,0.68,0
2.749,17.31,0.19,0.68,0
2.76,17.31,0.19,0.68,0
2.77,17.31,0.19,0.69,0
2.78,17.31,0.19,0.69,0
2.79,17.31,0.19,0.69,0
2.8,17.31,0.19,0.69,0
2.81,17.31,0.19,0.69,0
2.82,17.31,0.19,0.69,0
2.83,17.31,0.19,0.69,0
2.84,17.31,0.19,0.7,0
2.85,17.31,0.19,0.7,0
2.86,17.31,0.19,0.7,0
2.87,17.31,0.19,0.7,0
2.88,17.31,0.19,0.7,0
2.89,17.31,0.19,0.7,0
2.9,17.31,0.19,0.71,0
2.91,17.31,0.19,0.71,0
2.92,17.31,0.19,0.71,0
2.931,17.31,0.19,0.72,0
2.941,17.31,0.19,0.72,0
2.951,17.31,0.19,0.72,0
2.961,17.31,0.19,0.72,0
2.971,17.49,0.19,0.72,0
2.981,17.49,0.01,0.73,0
2.991,17.49,0.01,0.73,0
3.001,17.49,0.01,0.73,0
3.011,17.31,0.01,0.73,0
3.021,17.49,0.01,0.73,0
3.031,17.31,0.01,0.73,0
3.041,17.31,0.01,0.73,0
3.051,17.49,0.19,0.73,0
3.061,17.31,0.19,0.73,0
3.071,17.49,0.19,0.73,0
3.081,17.49,0.01,0.73,0
3.091,17.31,0.01,0.73,0
3.101,17.49,0.01,0.73,0
3.111,17.49,0.01,0.73,0
3.121,17.49,0.01,0.73,0
3.131,17.31,0.01,0.73,0
3.141,17.49,0.19,0.74,0
3.151,17.49,0.19,0.74,0
3.161,17.49,0.19,0.74,0
3.171,17.31,0.01,0.74,0
3.181,17.49,0.01,0.74,0
3.191,17.49,0.01,0.74,0
3.201,17.49,0.01,0.74,0
3.211,17.49,0.01,0.74,0
3.221,17.49,0.01,0.74,0
3.231,17.31,0.01,0.74,0
3.241,17.49,0.01,0.74,0
3.251,17.31,0.01,0.74,0
3.261,17.31,0.19,0.74,0
3.272,17.49,0.19,0.74,0
3.282,17.49,0.19,0.74,0
3.292,17.49,0.01,0.75,0
3.302,17.49,0.01,0.75,0
3.312,17.49,0.01,0.75,0
3.322,17.49,0.01,0.75,0
3.332,17.49,0.01,0.75,0
3.342,17.49,0.01,0.75,0
3.352,17.49,0.01,0.75,0
3.362,17.49,0.01,0.75,0
3.372,17.49,0.01,0.75,0
3.382,17.49,0.01,0.75,0
3.392,17.49,0.01,0.75,0
3.402,17.49,0.01,0.75,0
3.412,17.49,0.01,0.75,0
3.422,17.49,0.01,0.75,0
3.432,17.49,0.01,0.75,0
3.443,17.49,0.01,0.75,0
3.453,17.49,0.01,0.75,0
3.463,17.49,0.01,0.75,0
3.473,17.49,0.01,0.75,0
3.483,17.49,0.01,0.75,0
3.493,17.49,0.01,0.75,0
3.503,17.49,0.01,0.75,0
3.513,17.49,0.01,0.75,0
3.523,17.49,0.01,0.75,0
3.533,17.49,0.01,0.75,0
3.543,17.49,0.01,0.75,0
3.553,17.49,0.01,0.75,0
3.563,17.49,0.01,0.75,0
3.573,17.49,0.01,0.75,0
3.583,17.49,0.01,0.75,0
3.593,17.49,0.01,0.75,0
3.603,17.49,0.01,0.75,0
3.613,17.49,0.01,0.75,0
3.623,17.49,0.01,0.75,0
3.633,17.49,0.01,0.75,0
3.643,17.49,0.01,0.75,0
3.653,17.49,0.01,0.75,0
3.663,17.49,0.01,0.75,0
3.673,17.49,0.01,0.75,0
3.683,17.49,0.01,0.75,0
3.693,17.49,0.01,0.75,0
3.703,17.49,0.01,0.75,0
3.713,17.49,0.01,0.75,0
3.723,17.49,0.01,0.75,0
3.733,17.49,0.01,0.75,0
3.743,17.49,0.01,0.75,0
3.753,17.49,0.01,0.75,0
3.763,17.49,0.01,0.75,0
3.773,17.49,0.01,0.75,0
3.784,17.49,0.01,0.75,0
3.794,17.49,0.01,0.75,0
3.804,17.49,0.01,0.75,0
3.814,17.49,0.01,0.75,0
3.824,17.49,0.01,0.75,0
3.834,17.49,0.01,0.75,0
3.844,17.49,0.01,0.75,0
3.854,17.49,0.01,0.75,0
3.864,17.49,0.01,0.75,0
3.874,17.49,0.01,0.75,0
3.884,17.49,0.01,0.75,0
3.894,17.49,0.01,0.75,0
3.904,17.49,0.01,0.75,0
3.914,17.49,0.01,0.75,0
3.924,17.49,0.01,0.75,0
3.934,17.49,0.01,0.75,0
3.944,17.49,0.01,0.75,0
3.955,17.49,0.01,0.75,0
3.965,17.49,0.01,0.75,0
3.975,17.49,0.01,0.75,0
3.985,17.49,0.01,0.75,0
3.995,17.49,0.01,0.75,0
4.005,17.49,0.01,0.75,0
4.015,17.49,0.01,0.75,0
4.025,17.49,0.01,0.75,0
4.035,17.49,0.01,0.75,0
4.045,17.49,0.01,0.75,0
4.055,17.49,0.01,0.75,0
4.065,17.49,0.01,0.75,0
4.075,17.49,0.01,0.75,0
4.085,17.49,0.01,0.75,0
4.095,17.49,0.01,0.75,0
4.105,17.49,0.01,0.75,0
4.115,17.49,0.01,0.75,0
4.125,17.49,0.01,0.75,0
4.135,17.49,0.01,0.75,0
4.145,17.49,0.01,0.75,0
4.155,17.49,0.01,0.75,0
4.165,17.49,0.01,0.75,0
4.175,17.49,0.01,0.75,0
4.185,17.49,0.01,0.75,0
4.195,17.49,0.01,0.75,0
4.205,17.49,0.01,0.75,0
4.215,17.49,0.01,0.75,0
4.225,17.49,0.01,0.75,0
4.235,17.49,0.01,0.75,0
4.245,17.49,0.01,0.75,0
4.255,17.49,0.01,0.75,0
4.265,17.49,0.01,0.75,0
4.275,17.49,0.01,0.75,0
4.285,17.49,0.01,0.75,0
4.296,17.49,0.01,0.75,0
4.306,17.49,0.01,0.75,0
4.316,17.49,0.01,0.75,0
4.326,17.49,0.01,0.75,0
4.336,17.49,0.01,0.75,0
4.346,17.49,0.01,0.76,0
4.356,17.49,0.01,0.76,0
4.366,17.49,0.01,0.76,0
4.376,17.49,0.01,0.76,0
4.386,17.49,0.01,0.76,0
4.396,17.49,0.01,0.76,0
4.406,17.49,0.01,0.76,0
4.416,17.49,0.01,0.76,0
4.426,17.49,0.01,0.76,0
4.436,17.49,0.01,0.76,0
4.446,17.49,0.01,0.76,0
4.456,17.49,0.01,0.76,0
4.467,17.49,0.01,0.76,0
4.477,17.49,0.01,0.76,0
4.487,17.49,0.01,0.76,0
4.497,17.49,0.01,0.76,0
4.507,17.49,0.01,0.76,0
4.517,17.49,0.01,0.76,0
4.527,17.49,0.01,0.76,0
4.537,17.49,0.01,0.76,0
4.547,17.49,0.01,0.76,0
4.557,17.49,0.01,0.76,0
4.567,17.49,0.01,0.76,0
4.577,17.49,0.01,0.76,0
4.587,17.49,0.01,0.76,0
4.597,17.49,0.01,0.76,0
4.607,17.49,0.01,0.76,0
4.617,17.49,0.01,0.76,0
4.627,17.49,0.01,0.76,0
4.637,17.49,0.01,0.76,0
4.647,17.49,0.01,0.76,0
4.657,17.49,0.01,0.76,0
4.667,17.49,0.01,0.76,0
4.677,17.49,0.01,0.76,0
4.687,17.49,0.01,0.76,0
4.697,17.49,0.01,0.76,0
4.707,17.49,0.01,0.76,0
4.717,17.49,0.01,0.76,0
4.727,17.49,0.01,0.76,0
4.737,17.49,0.01,0.76,0
4.747,17.49,0.01,0.76,0
4.757,17.49,0.01,0.76,0
4.767,17.49,0.01,0.76,0
4.777,17.49,0.01,0.76,0
4.787,17.49,0.01,0.76,0
4.797,17.49,0.01,0.76,0
4.808,17.49,0.01,0.76,0
4.818,17.49,0.01,0.76,0
4.828,17.49,0.01,0.76,0
4.838,17.49,0.01,0.76,0
4.848,17.49,0.01,0.76,0
4.858,17.49,0.01,0.76,0
4.868,17.49,0.01,0.76,0
4.878,17.49,0.01,0.76,0
4.888,17.49,0.01,0.76,0
4.898,17.49,0.01,0.76,0
4.908,17.49,0.01,0.76,0
4.918,17.49,0.01,0.76,0
4.928,17.49,0.01,0.76,0
4.938,17.49,0.01,0.76,0
4.948,17.49,0.01,0.76,0
4.958,17.49,0.01,0.76,0
4.968,17.49,0.01,0.76,0
4.979,17.49,0.01,0.76,0
4.989,17.49,0.01,0.76,0
4.999,17.49,0.01,0.76,0
5.009,17.49,0.01,0.76,0
5.019,17.49,0.01,0.76,0
5.029,17.49,0.01,0.76,0
5.039,17.49,0.01,0.76,0
5.049,17.49,0.01,0.76,0
5.059,17.49,0.01,0.76,0
5.069,17.49,0.01,0.76,0
5.079,17.49,0.01,0.76,0
5.089,17.49,0.01,0.76,0
5.099,17.49,0.01,0.76,0
5.109,17.49,0.01,0.76,0
5.119,17.49,0.01,0.76,0
5.129,17.49,0.01,0.76,0
5.139,17.49,0.01,0.76,0
5.149,17.49,0.01,0.76,0
5.159,17.49,0.01,0.76,0
5.169,17.49,0.01,0.76,0
5.179,17.49,0.01,0.76,0
5.189,17.49,0.01,0.76,0
5.199,17.49,0.01,0.76,0
5.209,17.49,0.01,0.76,0
5.219,17.49,0.01,0.76,0
5.229,17.49,0.01,0.76,0
5.239,17.49,0.01,0.76,0
5.249,17.49,0.01,0.76,0
5.259,17.49,0.01,0.76,0
5.269,17.49,0.01,0.76,0
5.279,17.49,0.01,0.76,0
5.289,17.49,0.01,0.76,0
5.299,17.49,0.01,0.76,0
5.309,17.49,0.01,0.76,0
5.32,17.49,0.01,0.76,0
5.33,17.49,0.01,0.76,0
5.34,17.49,0.01,0.76,0
5.35,17.49,0.01,0.76,0
5.36,17.49,0.01,0.77,0
5.37,17.49,0.01,0.77,0
5.38,17.49,0.01,0.77,0
5.39,17.49,0.01,0.77,0
5.4,17.49,0.01,0.77,0
5.41,17.49,0.01,0.77,0
5.42,17.49,0.01,0.77,0
5.43,17.49,0.01,0.77,0
5.44,17.49,0.01,0.77,0
5.45,17.49,0.01,0.77,0
5.46,17.49,0.01,0.77,0
5.47,17.49,0.01,0.77,0
5.48,17.49,0.01,0.77,0
5.491,17.49,0.01,0.77,0
5.501,17.49,0.01,0.77,0
5.511,17.49,0.01,0.77,0
5.521,17.49,0.01,0.77,0
5.531,17.49,0.01,0.77,0
5.541,17.49,0.01,0.77,0
5.551,17.49,0.01,0.77,0
5.561,17.49,0.01,0.77,0
5.571,17.49,0.01,0.77,0
5.581,17.49,0.01,0.77,0
5.591,17.49,0.01,0.77,0
5.601,17.49,0.01,0.77,0
5.611,17.49,0.01,0.77,0
5.621,17.49,0.01,0.77,0
5.631,17.49,0.01,0.77,0
5.641,17.49,0.01,0.77,0
5.651,17.49,0.01,0.77,0
5.661,17.49,0.01,0.77,0
5.671,17.49,0.01,0.77,0
5.681,17.49,0.01,0.77,0
5.691,17.49,0.01,0.77,0
5.701,17.49,0.01,0.77,0
5.711,17.49,0.01,0.77,0
5.721,17.49,0.01,0.77,0
5.731,17.49,0.01,0.77,0
5.741,17.49,0.01,0.77,0
5.751,17.49,0.01,0.77,0
5.761,17.49,0.01,0.77,0
5.771,17.49,0.01,0.77,0
5.781,17.49,0.01,0.77,0
5.791,17.49,0.01,0.77,0
5.801,17.49,0.01,0.77,0
5.811,17.49,0.01,0.77,0
5.821,17.49,0.01,0.77,0
5.832,17.49,0.01,0.77,0
5.842,17.49,0.01,0.77,0
5.852,17.49,0.01,0.77,0
5.862,17.49,0.01,0.77,0
5.872,17.49,0.01,0.77,0
5.882,17.49,0.01,0.77,0
5.892,17.49,0.01,0.77,0
5.902,17.49,0.01,0.77,0
5.912,17.49,0.01,0.77,0
5.922,17.49,0.01,0.77,0
5.932,17.49,0.01,0.77,0
5.942,17.49,0.01,0.77,0
5.952,17.49,0.01,0.77,0
5.962,17.49,0.01,0.77,0
5.972,17.49,0.01,0.77,0
5.982,17.49,0.01,0.77,0
5.992,17.49,0.01,0.77,0
6.003,17.49,0.01,0.77,0
6.013,17.49,0.01,0.77,0
6.023,17.49,0.01,0.77,0
6.033,17.49,0.01,0.77,0
6.043,17.49,0.01,0.77,0
6.053,17.49,0.01,0.77,0
6.063,17.49,0.01,0.77,0
6.073,17.49,0.01,0.77,0
6.083,17.49,0.01,0.77,0
6.093,17.67,0.01,0.77,0
6.103,17.49,0.01,0.77,0
6.113,17.49,0.01,0.77,0
6.123,17.49,0.01,0.77,0
6.133,17.49,0.01,0.77,0
6.143,17.49,0.01,0.77,0
6.153,17.49,0.01,0.77,0
6.163,17.49,0.01,0.77,0
6.173,17.49,0.01,0.77,0
6.183,17.49,0.01,0.77,0
6.193,17.49,0.01,0.77,0
6.203,17.49,0.01,0.77,0
6.213,17.49,0.01,0.77,0
6.223,17.67,0.01,0.77,0
6.233,17.49,0.01,0.77,0
6.243,17.49,0.01,0.77,0
6.253,17.49,0.01,0.77,0
6.263,17.49,0.01,0.77,0
6.273,17.49,0.01,0.77,0
6.283,17.49,0.01,0.77,0
6.293,17.49,0.01,0.77,0
6.303,17.49,0.01,0.77,0
6.313,17.49,0.01,0.77,0
6.323,17.49,0.01,0.77,0
6.333,17.49,0.01,0.77,0
6.344,17.49,0.01,0.77,0
6.354,17.49,0.01,0.77,0
6.364,17.49,0.01,0.77,0
6.374,17.49,0.01,0.77,0
6.384,17.49,0.01,0.77,0
6.394,17.49,0.01,0.78,0
6.404,17.49,0.01,0.78,0
6.414,17.49,0.01,0.78,0
6.424,17.49,0.01,0.78,0
6.434,17.49,0.01,0.78,0
6.444,17.49,0.01,0.78,0
6.454,17.49,0.01,0.78,0
6.464,17.49,0.01,0.78,0
6.474,17.49,0.01,0.78,0
6.484,17.49,0.01,0.78,0
6.494,17.49,0.01,0.78,0
6.504,17.49,0.01,0.78,0
6.515,17.49,0.01,0.78,0
6.525,17.49,0.01,0.78,0
6.535,17.49,0.01,0.78,0
6.545,17.49,0.01,0.78,0
6.555,17.49,0.01,0.78,0
6.565,17.49,0.01,0.78,0
6.575,17.49,0.01,0.78,0
6.585,17.49,0.01,0.78,0
6.595,17.49,0.01,0.78,0
6.605,17.49,0.01,0.78,0
6.615,17.49,0.01,0.78,0
6.625,17.49,0.01,0.78,0
6.635,17.49,0.01,0.78,0
6.645,17.67,0.01,0.78,0
6.655,17.49,0.01,0.78,0
6.665,17.67,0.01,0.78,0
6.675,17.67,0.01,0.78,0
6.685,17.49,0.01,0.78,0
6.695,17.49,0.01,0.78,0
6.705,17.49,0.01,0.78,0
6.715,17.67,0.01,0.78,0
6.725,17.49,-0.17,0.78,0
6.735,17.67,-0.17,0.78,0
6.745,17.67,-0.17,0.78,0
6.755,17.49,-0.17,0.77,0
6.765,17.67,-0.17,0.77,0
6.775,17.49,-0.17,0.77,0
6.785,17.49,0.01,0.77,0
6.795,17.67,0.01,0.77,0
6.805,17.49,0.01,0.77,0
6.815,17.49,0.01,0.77,0
6.825,17.49,0.01,0.77,0
6.835,17.49,0.01,0.77,0
6.845,17.49,0.01,0.77,0
6.856,17.49,0.01,0.77,0
6.866,17.49,0.01,0.77,0
6.876,17.49,0.01,0.77,0
6.886,17.67,0.01,0.77,0
6.896,17.49,0.01,0.77,0
6.906,17.67,0.01,0.77,0
6.916,17.67,0.01,0.77,0
6.926,17.67,0.01,0.77,0
6.936,17.49,-0.17,0.77,0
6.946,17.49,-0.17,0.77,0
6.956,17.67,-0.17,0.77,0
6.966,17.49,-0.17,0.76,0
6.976,17.49,-0.17,0.76,0
6.986,17.49,-0.17,0.76,0
6.996,17.49,0.01,0.76,0
7.006,17.49,0.01,0.76,0
7.016,17.49,0.01,0.76,0
7.027,17.49,0.01,0.76,0
7.037,17.67,0.01,0.76,0
7.047,17.49,-0.17,0.76,0
7.057,17.49,-0.17,0.76,0
7.067,17.49,-0.17,0.76,0
7.077,17.49,-0.17,0.76,0
7.087,17.49,0.01,0.75,0
7.097,17.49,0.01,0.75,0
7.107,17.49,0.01,0.75,0
7.117,17.49,0.01,0.75,0
7.127,17.49,0.01,0.75,0
7.137,17.49,0.01,0.75,0
7.147,17.49,0.01,0.75,0
7.157,17.49,0.01,0.75,0
7.167,17.49,0.01,0.75,0
7.177,17.49,0.01,0.76,0
7.187,17.49,0.01,0.76,0
7.197,17.49,0.01,0.76,0
7.207,17.49,0.01,0.76,0
7.217,17.67,0.01,0.76,0
7.227,17.49,0.01,0.76,0
7.237,17.49,0.01,0.76,0
7.247,17.49,0.01,0.76,0
7.257,17.49,0.01,0.76,0
7.267,17.49,0.01,0.76,0
7.277,17.49,0.01,0.76,0
7.287,17.49,0.01,0.76,0
7.297,17.49,0.01,0.76,0
7.307,17.49,0.01,0.76,0
7.317,17.49,0.01,0.76,0
7.327,17.49,0.01,0.76,0
7.337,17.49,0.01,0.76,0
7.347,17.49,0.01,0.76,0
7.357,17.49,0.01,0.76,0
7.368,17.49,0.01,0.76,0
7.378,17.49,0.01,0.76,0
7.388,17.49,0.01,0.76,0
7.398,17.49,0.01,0.76,0
7.408,17.49,0.01,0.76,0
7.418,17.49,0.01,0.76,0
7.428,17.49,0.01,0.76,0
7.438,17.49,0.01,0.76,0
7.448,17.49,0.01,0.76,0
7.458,17.49,0.01,0.76,0
7.468,17.49,0.01,0.76,0
7.478,17.49,0.01,0.76,0
7.488,17.49,0.01,0.76,0
7.498,17.49,0.01,0.76,0
7.508,17.49,0.01,0.76,0
7.518,17.49,0.01,0.76,0
7.528,17.49,0.01,0.76,0
7.539,17.49,0.01,0.76,0
7.549,17.49,0.01,0.76,0
7.559,17.49,0.01,0.76,0
7.569,17.49,0.01,0.76,0
7.579,17.49,0.01,0.76,0
7.589,17.49,0.01,0.76,0
7.599,17.49,0.01,0.76,0
7.609,17.49,0.01,0.76,0
7.619,17.49,0.01,0.76,0
7.629,17.49,0.01,0.76,0
7.639,17.49,0.01,0.76,0
7.649,17.49,0.01,0.76,0
7.659,17.49,0.01,0.76,0
7.669,17.49,0.01,0.76,0
7.679,17.49,0.01,0.76,0
7.689,17.49,0.01,0.76,0
7.699,17.49,0.01,0.76,0
7.709,17.49,0.01,0.76,0
7.719,17.49,0.01,0.76,0
7.729,17.49,0.01,0.76,0
7.739,17.49,0.01,0.76,0
7.749,17.49,0.01,0.76,0
7.759,17.49,0.01,0.76,0
7.769,17.49,0.01,0.76,0
7.779,17.49,0.01,0.76,0
7.789,17.49,0.01,0.76,0
7.799,17.49,0.01,0.76,0
7.809,17.49,0.01,0.76,0
7.819,17.49,0.01,0.76,0
7.829,17.49,0.01,0.76,0
7.839,17.49,0.01,0.76,0
7.849,17.49,0.01,0.76,0
7.859,17.49,0.01,0.76,0
7.869,17.49,0.01,0.76,0
7.88,17.49,0.01,0.76,0
7.89,17.49,0.01,0.76,0
7.9,17.49,0.01,0.76,0
7.91,17.49,0.01,0.76,0
7.92,17.49,0.01,0.76,0
7.93,17.49,0.01,0.76,0
7.94,17.49,0.01,0.76,0
7.95,17.49,0.01,0.76,0
7.96,17.49,0.01,0.76,0
7.97,17.49,0.01,0.76,0
7.98,17.49,0.01,0.76,0
7.99,17.49,0.01,0.76,0
8,17.49,0.01,0.76,0
8.01,17.49,0.01,0.76,0
8.02,17.49,0.01,0.76,0
8.03,17.49,0.01,0.76,0
8.04,17.49,0.01,0.76,0
8.051,17.49,0.01,0.76,0
8.061,17.49,0.01,0.76,0
8.071,17.49,0.01,0.76,0
8.081,17.49,0.01,0.76,0
8.091,17.49,0.01,0.76,0
8.101,17.49,0.01,0.76,0
8.111,17.49,0.01,0.76,0
8.121,17.49,0.01,0.76,0
8.131,17.49,0.01,0.76,0
8.141,17.49,0.01,0.76,0
8.151,17.49,0.01,0.76,0
8.161,17.49,0.01,0.76,0
8.171,17.49,0.01,0.76,0
8.181,17.49,0.01,0.76,0
8.191,17.49,0.01,0.76,0
8.201,17.49,0.01,0.76,0
8.211,17.49,0.01,0.76,0
8.221,17.49,0.01,0.76,0
8.231,17.49,0.01,0.77,0
8.241,17.49,0.01,0.77,0
8.251,17.49,0.01,0.77,0
8.261,17.49,0.01,0.77,0
8.271,17.49,0.01,0.77,0
8.281,17.49,0.01,0.77,0
8.291,17.49,0.01,0.77,0
8.301,17.49,0.01,0.77,0
8.311,17.49,0.01,0.77,0
8.321,17.49,0.01,0.77,0
8.331,17.49,0.01,0.77,0
8.341,17.49,0.01,0.77,0
8.351,17.49,0.01,0.77,0
8.361,17.49,0.01,0.77,0
8.371,17.49,0.01,0.77,0
8.381,17.49,0.01,0.77,0
8.392,17.49,0.01,0.77,0
8.402,17.49,0.01,0.77,0
8.412,17.49,0.01,0.77,0
8.422,17.49,0.01,0.77,0
8.432,17.49,0.01,0.77,0
8.442,17.49,0.01,0.77,0
8.452,17.49,0.01,0.77,0
8.462,17.49,0.01,0.77,0
8.472,17.49,0.01,0.77,0
8.482,17.49,0.01,0.77,0
8.492,17.49,0.01,0.77,0
8.502,17.49,0.01,0.77,0
8.512,17.49,0.01,0.77,0
8.522,17.49,0.01,0.77,0
8.532,17.49,0.01,0.77,0
8.542,17.49,0.01,0.77,0
8.552,17.49,0.01,0.77,0
8.563,17.49,-17.49,0.51,0
8.573,17.49,-17.49,0.51,0
8.583,17.49,-17.49,-0.02,0
8.593,16.94,-17.49,-0.02,0
8.603,16.39,-17.49,-0.02,0
8.613,15.66,-17.49,-0.02,0
8.623,14.74,-15.66,-0.53,0
8.633,13.82,-15.66,-0.53,0
8.643,12.72,-15.66,-0.53,0
8.653,10.71,-12.72,-0.96,0
8.663,9.24,-12.72,-0.96,0
8.673,8.14,-12.72,-0.96,0
8.683,7.04,-8.14,-1.27,0
8.693,5.94,-8.14,-1.27,0
8.703,4.84,-8.14,-1.27,0
8.713,3.93,-4.84,-1.47,0
8.723,3.01,-4.84,-1.47,0
8.733,2.46,-4.84,-1.47,0
8.743,1.73,-2.46,-1.58,0
8.753,1.18,-2.46,-1.58,0
8.763,0.81,-2.46,-1.58,0
8.773,0.44,-0.81,-1.62,0
8.783,0.26,-0.81,-1.62,0
8.793,0.08,-0.81,-1.62,0
8.803,-0.1,-0.08,-1.64,0
8.813,-0.1,-0.08,-1.64,0
8.823,-0.1,-0.08,-1.64,0
8.833,-0.1,0.1,-1.64,0
8.843,-0.1,0.1,-1.64,0
8.853,-0.1,0.1,-1.64,0
8.863,-0.1,0.1,-1.63,0
8.873,-0.1,0.1,-1.63,0
8.883,-0.1,0.1,-1.63,0
8.893,-0.1,0.1,-1.63,0
8.904,-0.1,0.1,-1.63,0
8.914,-0.1,0.1,-1.63,0
8.924,-0.1,0.1,-1.63,0
8.934,-0.1,0.1,-1.63,0
8.944,-0.1,0.1,-1.63,0
8.954,-0.1,0.1,-1.63,0
8.964,-0.1,0.1,-1.63,0
8.974,-0.1,0.1,-1.63,0
8.984,-0.1,0.1,-1.62,0
8.994,-0.1,0.1,-1.62,0
9.004,-0.1,0.1,-1.62,0
9.014,-0.1,0.1,-1.62,0
9.024,-0.1,0.1,-1.62,0
9.034,-0.1,0.1,-1.62,0
9.044,-0.1,0.1,-1.62,0
9.054,-0.1,0.1,-1.62,0
9.064,-0.1,0.1,-1.62,0
9.075,-0.1,0.1,-1.61,0
9.085,-0.1,0.1,-1.61,0
9.095,-0.1,0.1,-1.61,0
9.105,-0.1,0.1,-1.61,0
9.115,-0.1,0.1,-1.61,0
9.125,-0.1,0.1,-1.61,0
9.135,-0.1,0.1,-1.61,0
9.145,-0.1,0.1,-1.61,0
9.155,-0.1,0.1,-1.61,0
9.165,-0.1,0.1,-1.6,0
9.175,-0.1,0.1,-1.6,0
9.185,-0.1,0.1,-1.6,0
9.195,-0.1,0.1,-1.6,0
9.205,-0.1,0.1,-1.6,0
9.215,-0.1,0.1,-1.6,0
9.225,-0.1,0.1,-1.6,0
9.235,-0.1,0.1,-1.6,0
9.245,-0.1,0.1,-1.6,0
9.255,-0.1,0.1,-1.59,0
9.265,-0.1,0.1,-1.59,0
9.275,-0.1,0.1,-1.59,0
9.285,-0.1,0.1,-1.59,0
9.295,-0.1,0.1,-1.59,0
9.305,-0.1,0.1,-1.59,0
9.315,-0.1,0.1,-1.59,0
9.325,-0.1,0.1,-1.59,0
9.335,-0.1,0.1,-1.59,0
9.345,-0.1,0.1,-1.58,0
9.355,-0.1,0.1,-1.58,0
9.365,-0.1,0.1,-1.58,0
9.375,-0.1,0.1,-1.58,0
9.385,-0.1,0.1,-1.58,0
9.395,-0.1,0.1,-1.58,0
9.405,-0.1,0.1,-1.58,0
9.416,-0.1,0.1,-1.58,0
9.426,-0.1,0.1,-1.57,0
9.436,-0.1,0.1,-1.57,0
9.446,-0.1,0.1,-1.57,0
9.456,-0.1,0.1,-1.57,0
9.466,-0.1,0.1,-1.57,0
9.476,-0.1,0.1,-1.57,0
9.486,-0.1,0.1,-1.57,0
9.496,-0.1,0.1,-1.57,0
9.506,-0.1,0.1,-1.57,0
9.516,-0.1,0.1,-1.57,0
9.526,-0.1,0.1,-1.56,0
9.536,-0.1,0.1,-1.56,0
9.546,-0.1,0.1,-1.56,0
9.556,-0.1,0.1,-1.56,0
9.566,-0.1,0.1,-1.56,0
9.576,-0.1,0.1,-1.56,0
9.587,-0.1,0.1,-1.56,0
9.597,-0.1,0.1,-1.56,0
9.607,-0.1,0.1,-1.56,0
9.617,-0.1,0.1,-1.56,0
9.627,-0.1,0.1,-1.56,0
9.637,-0.1,0.1,-1.56,0
9.647,-0.1,0.1,-1.55,0
9.657,-0.1,0.1,-1.55,0
9.667,-0.1,0.1,-1.55,0
9.677,-0.1,0.1,-1.55,0
9.687,-0.1,0.1,-1.55,0
9.697,-0.1,0.1,-1.55,0
9.707,-0.1,0.1,-1.55,0
9.717,-0.1,0.1,-1.55,0
9.727,-0.1,0.1,-1.55,0
9.737,-0.1,0.1,-1.54,0
9.747,-0.1,0.1,-1.54,0
9.757,-0.1,0.1,-1.54,0
9.767,-0.1,0.1,-1.54,0
9.777,-0.1,0.1,-1.54,0
9.787,-0.1,0.1,-1.54,0
9.797,-0.1,0.1,-1.54,0
9.807,-0.1,0.1,-1.54,0
9.817,-0.1,0.1,-1.54,0
9.827,-0.1,0.1,-1.53,0
9.837,-0.1,0.1,-1.53,0
9.847,-0.1,0.1,-1.53,0
9.857,-0.1,0.1,-1.53,0
9.867,-0.1,0.1,-1.53,0
9.877,-0.1,0.1,-1.53,0
9.887,-0.1,0.1,-1.53,0
9.897,-0.1,0.1,-1.53,0
9.907,-0.1,0.1,-1.53,0
9.917,-0.1,0.1,-1.52,0
9.928,-0.1,0.1,-1.52,0
9.938,-0.1,0.1,-1.52,0
9.948,-0.1,0.1,-1.52,0
9.958,-0.1,0.1,-1.52,0
9.968,-0.1,0.1,-1.52,0
9.978,-0.1,0.1,-1.52,0
9.988,-0.1,0.1,-1.52,0
9.998,-0.1,0.1,-1.52,0
10.008,-0.1,0.1,-1.51,0
10.018,-0.1,0.1,-1.51,0
10.028,-0.1,0.1,-1.51,0
10.038,-0.1,0.1,-1.51,0
10.048,-0.1,0.1,-1.51,0
10.058,-0.1,0.1,-1.51,0
10.068,-0.1,0.1,-1.51,0
10.078,-0.1,0.1,-1.51,0
10.088,-0.1,0.1,-1.51,0
10.099,-0.1,0.1,-1.5,0
10.109,-0.1,0.1,-1.5,0
10.119,-0.1,0.1,-1.5,0
10.129,-0.1,0.1,-1.5,0
10.139,-0.1,0.1,-1.5,0
10.149,-0.1,0.1,-1.5,0
10.159,-0.1,0.1,-1.5,0
10.169,-0.1,0.1,-1.5,0
10.179,-0.1,0.1,-1.5,0
10.189,-0.1,0.1,-1.5,0
10.199,-0.1,0.1,-1.5,0
10.209,-0.1,0.1,-1.5,0
10.219,-0.1,0.1,-1.49,0
10.229,-0.1,0.1,-1.49,0
10.239,-0.1,0.1,-1.49,0
10.249,-0.1,0.1,-1.49,0
10.259,-0.1,0.1,-1.49,0
10.269,-0.1,0.1,-1.49,0
10.279,-0.1,0.1,-1.49,0
10.289,-0.1,0.1,-1.49,0
10.299,-0.1,0.1,-1.49,0
10.309,-0.1,0.1,-1.48,0
10.319,-0.1,0.1,-1.48,0
10.329,-0.1,0.1,-1.48,0
10.339,-0.1,0.1,-1.48,0
10.349,-0.1,0.1,-1.48,0
10.359,-0.1,0.1,-1.48,0
10.369,-0.1,0.1,-1.48,0
10.379,-0.1,0.1,-1.48,0
10.389,-0.1,0.1,-1.48,0
10.399,-0.1,0.1,-1.47,0
10.409,-0.1,0.1,-1.47,0
10.419,-0.1,0.1,-1.47,0
10.429,-0.1,0.1,-1.47,0
10.44,-0.1,0.1,-1.47,0
10.45,-0.1,0.1,-1.47,0
10.46,-0.1,0.1,-1.47,0
10.47,-0.1,0.1,-1.47,0
10.48,-0.1,0.1,-1.47,0
10.49,-0.1,0.1,-1.46,0
10.5,-0.1,0.1,-1.46,0
10.51,-0.1,0.1,-1.46,0
10.52,-0.1,0.1,-1.46,0
10.53,-0.1,0.1,-1.46,0
10.54,-0.1,0.1,-1.46,0
10.55,-0.1,0.1,-1.46,0
10.56,-0.1,0.1,-1.46,0
10.57,-0.1,0.1,-1.46,0
10.58,-0.1,0.1,-1.45,0
10.59,-0.1,0.1,-1.45,0
10.6,-0.1,0.1,-1.45,0
10.611,-0.1,0.1,-1.45,0
10.621,-0.1,0.1,-1.45,0
10.631,-0.1,0.1,-1.45,0
10.641,-0.1,0.1,-1.45,0
10.651,-0.1,0.1,-1.45,0
10.661,-0.1,0.1,-1.45,0
10.671,-0.1,0.1,-1.44,0
10.681,-0.1,0.1,-1.44,0
10.691,-0.1,0.1,-1.44,0
10.701,-0.1,0.1,-1.44,0
10.711,-0.1,0.1,-1.44,0
10.721,-0.1,0.1,-1.44,0
10.731,-0.1,0.1,-1.44,0
10.741,-0.1,0.1,-1.44,0
10.751,-0.1,0.1,-1.44,0
10.761,-0.1,0.1,-1.44,0
10.771,-0.1,0.1,-1.44,0
10.781,-0.1,0.1,-1.44,0
10.791,-0.1,0.1,-1.43,0
10.801,-0.1,0.1,-1.43,0
10.811,-0.1,0.1,-1.43,0
10.821,-0.1,0.1,-1.43,0
10.831,-0.1,0.1,-1.43,0
10.841,-0.1,0.1,-1.43,0
10.851,-0.1,0.1,-1.43,0
10.861,-0.1,0.1,-1.43,0
10.871,-0.1,0.1,-1.43,0
10.881,-0.1,0.1,-1.42,0
10.891,-0.1,0.1,-1.42,0
10.901,-0.1,0.1,-1.42,0
10.911,-0.1,0.1,-1.42,0
10.921,-0.1,0.1,-1.42,0
10.931,-0.1,0.1,-1.42,0
10.941,-0.1,0.1,-1.42,0
10.952,-0.1,0.1,-1.42,0
10.962,-0.1,0.1,-1.41,0
10.972,-0.1,0.1,-1.41,0
10.982,-0.1,0.1,-1.41,0
10.992,-0.1,0.1,-1.41,0
11.002,-0.1,0.1,-1.41,0
11.012,-0.1,0.1,-1.41,0
11.022,-0.1,0.1,-1.41,0
11.032,-0.1,0.1,-1.41,0
11.042,-0.1,0.1,-1.41,0
11.052,-0.1,0.1,-1.41,0
11.062,-0.1,0.1,-1.4,0
11.072,-0.1,0.1,-1.4,0
11.082,-0.1,0.1,-1.4,0
11.092,-0.1,0.1,-1.4,0
11.102,-0.1,0.1,-1.4,0
11.112,-0.1,0.1,-1.4,0
11.123,-0.1,0.1,-1.4,0
11.133,-0.1,0.1,-1.4,0
11.143,-0.1,0.1,-1.4,0
11.153,-0.1,0.1,-1.39,0
11.163,-0.1,0.1,-1.39,0
11.173,-0.1,0.1,-1.39,0
11.183,-0.1,0.1,-1.39,0
11.193,-0.1,0.1,-1.39,0
11.203,-0.1,0.1,-1.39,0
11.213,-0.1,0.1,-1.39,0
11.223,-0.1,0.1,-1.39,0
11.233,-0.1,0.1,-1.39,0
11.243,-0.1,0.1,-1.38,0
11.253,-0.1,0.1,-1.38,0
11.263,-0.1,0.1,-1.38,0
11.273,-0.1,0.1,-1.38,0
11.283,-0.1,0.1,-1.38,0
11.293,-0.1,0.1,-1.38,0
11.303,-0.1,0.1,-1.38,0
11.313,-0.1,0.1,-1.38,0
11.323,-0.1,0.1,-1.38,0
11.333,-0.1,0.1,-1.38,0
11.343,-0.1,0.1,-1.38,0
11.353,-0.1,0.1,-1.38,0
11.363,-0.1,0.1,-1.37,0
11.373,-0.1,0.1,-1.37,0
11.383,-0.1,0.1,-1.37,0
11.393,-0.1,0.1,-1.37,0
11.403,-0.1,0.1,-1.37,0
11.413,-0.1,0.1,-1.37,0
11.423,-0.1,0.1,-1.37,0
11.433,-0.1,0.1,-1.37,0
11.443,-0.1,0.1,-1.37,0
11.453,-0.1,0.1,-1.36,0
11.464,-0.1,0.1,-1.36,0
11.474,-0.1,0.1,-1.36,0
11.484,-0.1,0.1,-1.36,0
11.494,-0.1,0.1,-1.36,0
11.504,-0.1,0.1,-1.36,0
11.514,-0.1,0.1,-1.36,0
11.524,-0.1,0.1,-1.36,0
11.534,-0.1,0.1,-1.35,0
11.544,-0.1,0.1,-1.35,0
11.554,-0.1,0.1,-1.35,0
11.564,-0.1,0.1,-1.35,0
11.574,-0.1,0.1,-1.35,0
11.584,-0.1,0.1,-1.35,0
11.594,-0.1,0.1,-1.35,0
11.604,-0.1,0.1,-1.35,0
11.614,-0.1,0.1,-1.35,0
11.624,-0.1,0.1,-1.35,0
11.635,-0.1,0.1,-1.34,0
11.645,-0.1,0.1,-1.34,0
11.655,-0.1,0.1,-1.34,0
11.665,-0.1,0.1,-1.34,0
11.675,-0.1,0.1,-1.34,0
11.685,-0.1,0.1,-1.34,0
11.695,-0.1,0.1,-1.34,0
11.705,-0.1,0.1,-1.34,0
11.715,-0.1,0.1,-1.33,0
11.725,-0.1,0.1,-1.33,0
11.735,-0.1,0.1,-1.33,0
11.745,-0.1,0.1,-1.33,0
11.755,-0.1,0.1,-1.33,0
11.765,-0.1,0.1,-1.33,0
11.775,-0.1,0.1,-1.33,0
11.785,-0.1,0.1,-1.33,0
11.795,-0.1,0.1,-1.33,0
11.805,-0.1,0.1,-1.33,0
11.815,-0.1,0.1,-1.32,0
11.825,-0.1,0.1,-1.32,0
11.835,-0.1,0.1,-1.32,0
11.845,-0.1,0.1,-1.32,0
11.855,-0.1,0.1,-1.32,0
11.865,-0.1,0.1,-1.32,0
11.875,-0.1,0.1,-1.32,0
11.885,-0.1,0.1,-1.32,0
11.895,-0.1,0.1,-1.32,0
11.905,-0.1,0.1,-1.32,0
11.915,-0.1,0.1,-1.32,0
11.925,-0.1,0.1,-1.32,0
11.935,-0.1,0.1,-1.31,0
11.945,-0.1,0.1,-1.31,0
11.955,-0.1,0.1,-1.31,0
11.965,-0.1,0.1,-1.31,0
11.976,-0.1,0.1,-1.31,0
11.986,-0.1,0.1,-1.31,0
11.996,-0.1,0.1,-1.31,0
12.006,-0.1,0.1,-1.31,0
12.016,-0.1,0.1,-1.3,0
12.026,-0.1,0.1,-1.3,0
12.036,-0.1,0.1,-1.3,0
12.046,-0.1,0.1,-1.3,0
12.056,-0.1,0.1,-1.3,0
12.066,-0.1,0.1,-1.3,0
12.076,-0.1,0.1,-1.3,0
12.086,-0.1,0.1,-1.3,0
12.096,-0.1,0.1,-1.3,0
12.106,-0.1,0.1,-1.3,0
12.116,-0.1,0.1,-1.29,0
12.126,-0.1,0.1,-1.29,0
12.136,-0.1,0.1,-1.29,0
12.147,-0.1,0.1,-1.29,0
12.157,-0.1,0.1,-1.29,0
12.167,-0.1,0.1,-1.29,0
12.177,-0.1,0.1,-1.29,0
12.187,-0.1,0.1,-1.29,0
12.197,-0.1,0.1,-1.29,0
12.207,-0.1,0.1,-1.28,0
12.217,-0.1,0.1,-1.28,0
12.227,-0.1,0.1,-1.28,0
12.237,-0.1,0.1,-1.28,0
12.247,-0.1,0.1,-1.28,0
12.257,-0.1,0.1,-1.28,0
12.267,-0.1,0.1,-1.28,0
12.277,-0.1,0.1,-1.28,0
12.287,-0.1,0.1,-1.28,0
12.297,-0.1,0.1,-1.27,0
12.307,-0.1,0.1,-1.27,0
12.317,-0.1,0.1,-1.27,0
12.327,-0.1,0.1,-1.27,0
12.337,-0.1,0.1,-1.27,0
12.347,-0.1,0.1,-1.27,0
12.357,-0.1,0.1,-1.27,0
12.367,-0.1,0.1,-1.27,0
12.377,-0.1,0.1,-1.27,0
12.387,-0.1,0.1,-1.26,0
12.397,-0.1,0.1,-1.26,0
12.407,-0.1,0.1,-1.26,0
12.417,-0.1,0.1,-1.26,0
12.427,-0.1,0.1,-1.26,0
12.437,-0.1,0.1,-1.26,0
12.447,-0.1,0.1,-1.26,0
12.457,-0.1,0.1,-1.26,0
12.467,-0.1,0.1,-1.26,0
12.477,-0.1,0.1,-1.26,0
12.488,-0.1,0.1,-1.26,0
12.498,-0.1,0.1,-1.26,0
12.508,-0.1,0.1,-1.25,0
12.518,-0.1,0.1,-1.25,0
12.528,-0.1,0.1,-1.25,0
12.538,-0.1,0.1,-1.25,0
12.548,-0.1,0.1,-1.25,0
12.558,-0.1,0.1,-1.25,0
12.568,-0.1,0.1,-1.25,0
12.578,-0.1,0.1,-1.25,0
12.588,-0.1,0.1,-1.25,0
12.598,-0.1,0.1,-1.24,0
12.608,-0.1,0.1,-1.24,0
12.618,-0.1,0.1,-1.24,0
12.628,-0.1,0.1,-1.24,0
12.638,-0.1,0.1,-1.24,0
12.648,-0.1,0.1,-1.24,0
12.659,-0.1,0.1,-1.24,0
12.669,-0.1,0.1,-1.24,0
12.679,-0.1,0.1,-1.24,0
12.689,-0.1,0.1,-1.23,0
12.699,-0.1,0.1,-1.23,0
12.709,-0.1,0.1,-1.23,0
12.719,-0.1,0.1,-1.23,0
12.729,-0.1,0.1,-1.23,0
12.739,-0.1,0.1,-1.23,0
12.749,-0.1,0.1,-1.23,0
12.759,-0.1,0.1,-1.23,0
12.769,-0.1,0.1,-1.23,0
12.779,-0.1,0.1,-1.22,0
12.789,-0.1,0.1,-1.22,0
12.799,-0.1,0.1,-1.22,0
12.809,-0.1,0.1,-1.22,0
12.819,-0.1,0.1,-1.22,0
12.829,-0.1,0.1,-1.22,0
12.839,-0.1,0.1,-1.22,0
12.849,-0.1,0.1,-1.22,0
12.859,-0.1,0.1,-1.22,0
12.869,-0.1,0.1,-1.21,0
12.879,-0.1,0.1,-1.21,0
12.889,-0.1,0.1,-1.21,0
12.899,-0.1,0.1,-1.21,0
12.909,-0.1,0.1,-1.21,0
12.919,-0.1,0.1,-1.21,0
12.929,-0.1,0.1,-1.21,0
12.939,-0.1,0.1,-1.21,0
12.949,-0.1,0.1,-1.21,0
12.959,-0.1,0.1,-1.2,0
12.969,-0.1,0.1,-1.2,0
12.979,-0.1,0.1,-1.2,0
12.989,-0.1,0.1,-1.2,0
13,-0.1,0.1,-1.2,0
13.01,-0.1,0.1,-1.2,0
13.02,-0.1,0.1,-1.2,0
13.03,-0.1,0.1,-1.2,0
13.04,-0.1,0.1,-1.2,0
13.05,-0.1,0.1,-1.2,0
13.06,-0.1,0.1,-1.2,0
13.07,-0.1,0.1,-1.19,0
13.08,-0.1,0.1,-1.19,0
13.09,-0.1,0.1,-1.19,0
13.1,-0.1,0.1,-1.19,0
13.11,-0.1,0.1,-1.19,0
13.12,-0.1,0.1,-1.19,0
13.13,-0.1,0.1,-1.19,0
13.14,-0.1,0.1,-1.19,0
13.15,-0.1,0.1,-1.19,0
13.16,-0.1,0.1,-1.19,0
13.171,-0.1,0.1,-1.18,0
13.181,-0.1,0.1,-1.18,0
13.191,-0.1,0.1,-1.18,0
13.201,-0.1,0.1,-1.18,0
13.211,-0.1,0.1,-1.18,0
13.221,-0.1,0.1,-1.18,0
13.231,-0.1,0.1,-1.18,0
13.241,-0.1,0.1,-1.18,0
13.251,-0.1,0.1,-1.18,0
13.261,-0.1,0.1,-1.17,0
13.271,-0.1,0.1,-1.17,0
13.281,-0.1,0.1,-1.17,0
13.291,-0.1,0.1,-1.17,0
13.301,-0.1,0.1,-1.17,0
13.311,-0.1,0.1,-1.17,0
13.321,-0.1,0.1,-1.17,0
13.331,-0.1,0.1,-1.17,0
13.341,-0.1,0.1,-1.17,0
13.351,-0.1,0.1,-1.16,0
13.361,-0.1,0.1,-1.16,0
13.371,-0.1,0.1,-1.16,0
13.381,-0.1,0.1,-1.16,0
13.391,-0.1,0.1,-1.16,0
13.401,-0.1,0.1,-1.16,0
13.411,-0.1,0.1,-1.16,0
13.421,-0.1,0.1,-1.16,0
13.431,-0.1,0.1,-1.16,0
13.441,-0.1,0.1,-1.15,0
13.451,-0.1,0.1,-1.15,0
13.461,-0.1,0.1,-1.15,0
13.471,-0.1,0.1,-1.15,0
13.481,-0.1,0.1,-1.15,0
13.491,-0.1,0.1,-1.15,0
13.501,-0.1,0.1,-1.15,0
13.512,-0.1,0.1,-1.15,0
13.522,-0.1,0.1,-1.15,0
13.532,-0.1,0.1,-1.14,0
13.542,-0.1,0.1,-1.14,0
13.552,-0.1,0.1,-1.14,0
13.562,-0.1,0.1,-1.14,0
13.572,-0.1,0.1,-1.14,0
13.582,-0.1,0.1,-1.14,0
13.592,-0.1,0.1,-1.14,0
13.602,-0.1,0.1,-1.14,0
13.612,-0.1,0.1,-1.14,0
13.622,-0.1,0.1,-1.13,0
13.632,-0.1,0.1,-1.13,0
13.642,-0.1,0.1,-1.13,0
13.652,-0.1,0.1,-1.13,0
13.662,-0.1,0.1,-1.13,0
13.672,-0.1,0.1,-1.13,0
13.683,-0.1,0.1,-1.13,0
13.693,-0.1,0.1,-1.13,0
13.703,-0.1,0.1,-1.13,0
13.713,-0.1,0.1,-1.13,0
13.723,-0.1,0.1,-1.13,0
13.733,-0.1,0.1,-1.13,0
13.743,-0.1,0.1,-1.12,0
13.753,-0.1,0.1,-1.12,0
13.763,-0.1,0.1,-1.12,0
13.773,-0.1,0.1,-1.12,0
13.783,-0.1,0.1,-1.12,0
13.793,-0.1,0.1,-1.12,0
13.803,-0.1,0.1,-1.12,0
13.813,-0.1,0.1,-1.12,0
13.823,-0.1,0.1,-1.12,0
13.833,-0.1,0.1,-1.11,0
13.843,-0.1,0.1,-1.11,0
13.853,-0.1,0.1,-1.11,0
13.863,-0.1,0.1,-1.11,0
13.873,-0.1,0.1,-1.11,0
13.883,-0.1,0.1,-1.11,0
13.893,-0.1,0.1,-1.11,0
13.903,-0.1,0.1,-1.11,0
13.913,-0.1,0.1,-1.11,0
13.923,-0.1,0.1,-1.1,0
13.933,-0.1,0.1,-1.1,0
13.943,-0.1,0.1,-1.1,0
13.953,-0.1,0.1,-1.1,0
13.963,-0.1,0.1,-1.1,0
13.973,-0.1,0.1,-1.1,0
13.983,-0.1,0.1,-1.1,0
13.993,-0.1,0.1,-1.1,0
14.003,-0.1,0.1,-1.1,0
14.013,-0.1,0.1,-1.09,0
14.024,-0.1,0.1,-1.09,0
14.034,-0.1,0.1,-1.09,0
14.044,-0.1,0.1,-1.09,0
14.054,-0.1,0.1,-1.09,0
14.064,-0.1,0.1,-1.09,0
14.074,-0.1,0.1,-1.09,0
14.084,-0.1,0.1,-1.09,0
14.094,-0.1,0.1,-1.09,0
14.104,-0.1,0.1,-1.08,0
14.114,-0.1,0.1,-1.08,0
14.124,-0.1,0.1,-1.08,0
14.134,-0.1,0.1,-1.08,0
14.144,-0.1,0.1,-1.08,0
14.154,-0.1,0.1,-1.08,0
14.164,-0.1,0.1,-1.08,0
14.174,-0.1,0.1,-1.08,0
14.184,-0.1,0.1,-1.08,0
14.195,-0.1,0.1,-1.07,0
14.205,-0.1,0.1,-1.07,0
14.215,-0.1,0.1,-1.07,0
14.225,-0.1,0.1,-1.07,0
14.235,-0.1,0.1,-1.07,0
14.245,-0.1,0.1,-1.07,0
14.255,-0.1,0.1,-1.07,0
14.265,-0.1,0.1,-1.07,0
14.275,-0.1,0.1,-1.07,0
14.285,-0.1,0.1,-1.07,0
14.295,-0.1,0.1,-1.07,0
14.305,-0.1,0.1,-1.07,0
14.315,-0.1,0.1,-1.06,0
14.325,-0.1,0.1,-1.06,0
14.335,-0.1,0.1,-1.06,0
14.345,-0.1,0.1,-1.06,0
14.355,-0.1,0.1,-1.06,0
14.365,-0.1,0.1,-1.06,0
14.375,-0.1,0.1,-1.06,0
14.385,-0.1,0.1,-1.06,0
14.395,-0.1,0.1,-1.06,0
14.405,-0.1,0.1,-1.05,0
14.415,-0.1,0.1,-1.05,0
14.425,-0.1,0.1,-1.05,0
14.435,-0.1,0.1,-1.05,0
14.445,-0.1,0.1,-1.05,0
14.455,-0.1,0.1,-1.05,0
14.465,-0.1,0.1,-1.05,0
14.475,-0.1,0.1,-1.05,0
14.485,-0.1,0.1,-1.05,0
14.495,-0.1,0.1,-1.04,0
14.505,-0.1,0.1,-1.04,0
14.515,-0.1,0.1,-1.04,0
14.525,-0.1,0.1,-1.04,0
14.536,-0.1,0.1,-1.04,0
14.546,-0.1,0.1,-1.04,0
14.556,-0.1,0.1,-1.04,0
14.566,-0.1,0.1,-1.04,0
14.576,-0.1,0.1,-1.03,0
14.586,-0.1,0.1,-1.03,0
14.596,-0.1,0.1,-1.03,0
14.606,-0.1,0.1,-1.03,0
14.616,-0.1,0.1,-1.03,0
14.626,-0.1,0.1,-1.03,0
14.636,-0.1,0.1,-1.03,0
14.646,-0.1,0.1,-1.03,0
14.656,-0.1,0.1,-1.03,0
14.666,-0.1,0.1,-1.02,0
14.676,-0.1,0.1,-1.02,0
14.686,-0.1,0.1,-1.02,0
14.696,-0.1,0.1,-1.02,0
14.707,-0.1,0.1,-1.02,0
14.717,-0.1,0.1,-1.02,0
14.727,-0.1,0.1,-1.02,0
14.737,-0.1,0.1,-1.02,0
14.747,-0.1,0.1,-1.02,0
14.757,-0.1,0.1,-1.01,0
14.767,-0.1,0.1,-1.01,0
14.777,-0.1,0.1,-1.01,0
14.787,-0.1,0.1,-1.01,0
14.797,-0.1,0.1,-1.01,0
14.807,-0.1,0.1,-1.01,0
14.817,-0.1,0.1,-1.01,0
14.827,-0.1,0.1,-1.01,0
14.837,-0.1,0.1,-1.01,0
14.847,-0.1,0.1,-1.01,0
14.857,-0.1,0.1,-1.01,0
14.867,-0.1,0.1,-1.01,0
14.877,-0.1,0.1,-1.01,0
14.887,-0.1,0.1,-1,0
14.897,-0.1,0.1,-1,0
14.907,-0.1,0.1,-1,0
14.917,-0.1,0.1,-1,0
14.927,-0.1,0.1,-1,0
14.937,-0.1,0.1,-1,0
14.947,-0.1,0.1,-1,0
14.957,-0.1,0.1,-1,0
14.967,-0.1,0.1,-1,0
14.977,-0.1,0.1,-0.99,0
14.987,-0.1,0.1,-0.99,0
14.997,-0.1,0.1,-0.99,0
15.007,-0.1,0.1,-0.99,0
15.017,-0.1,0.1,-0.99,0
15.027,-0.1,0.1,-0.99,0
15.037,-0.1,0.1,-0.99,0
15.048,-0.1,0.1,-0.99,0
15.058,-0.1,0.1,-0.98,0
15.068,-0.1,0.1,-0.98,0
15.078,-0.1,0.1,-0.98,0
15.088,-0.1,0.1,-0.98,0
15.098,-0.1,0.1,-0.98,0
15.108,-0.1,0.1,-0.98,0
15.118,-0.1,0.1,-0.98,0
15.128,-0.1,0.1,-0.98,0
15.138,-0.1,0.1,-0.98,0
15.148,-0.1,0.1,-0.98,0
15.158,-0.1,0.1,-0.97,0
15.168,-0.1,0.1,-0.97,0
15.178,-0.1,0.1,-0.97,0
15.188,-0.1,0.1,-0.97,0
15.198,-0.1,0.1,-0.97,0
15.208,-0.1,0.1,-0.97,0
15.219,-0.1,0.1,-0.97,0
15.229,-0.1,0.1,-0.97,0
15.239,-0.1,0.1,-0.96,0
15.249,-0.1,0.1,-0.96,0
15.259,-0.1,0.1,-0.96,0
15.269,-0.1,0.1,-0.96,0
15.279,-0.1,0.1,-0.96,0
15.289,-0.1,0.1,-0.96,0
15.299,-0.1,0.1,-0.96,0
15.309,-0.1,0.1,-0.96,0
15.319,-0.1,0.1,-0.96,0
15.329,-0.1,0.1,-0.95,0
15.339,-0.1,0.1,-0.95,0
15.349,-0.1,0.1,-0.95,0
15.359,-0.1,0.1,-0.95,0
15.369,-0.1,0.1,-0.95,0
15.379,-0.1,0.1,-0.95,0
15.389,-0.1,0.1,-0.95,0
15.399,-0.1,0.1,-0.95,0
15.409,-0.1,0.1,-0.95,0
15.419,-0.1,0.1,-0.95,0
15.429,-0.1,0.1,-0.95,0
15.439,-0.1,0.1,-0.95,0
15.449,-0.1,0.1,-0.95,0
15.459,-0.1,0.1,-0.94,0
15.469,-0.1,0.1,-0.94,0
15.479,-0.1,0.1,-0.94,0
15.489,-0.1,0.1,-0.94,0
15.499,-0.1,0.1,-0.94,0
15.509,-0.1,0.1,-0.94,0
15.519,-0.1,0.1,-0.94,0
15.529,-0.1,0.1,-0.94,0
15.539,-0.1,0.1,-0.94,0
15.549,-0.1,0.1,-0.93,0
15.56,-0.1,0.1,-0.93,0
15.57,-0.1,0.1,-0.93,0
15.58,-0.1,0.1,-0.93,0
15.59,-0.1,0.1,-0.93,0
15.6,-0.1,0.1,-0.93,0
15.61,-0.1,0.1,-0.93,0
15.62,-0.1,0.1,-0.93,0
15.63,-0.1,0.1,-0.93,0
15.64,-0.1,0.1,-0.92,0
15.65,-0.1,0.1,-0.92,0
15.66,-0.1,0.1,-0.92,0
15.67,-0.1,0.1,-0.92,0
15.68,-0.1,0.1,-0.92,0
15.69,-0.1,0.1,-0.92,0
15.7,-0.1,0.1,-0.92,0
15.71,-0.1,0.1,-0.92,0
15.72,-0.1,0.1,-0.92,0
15.731,-0.1,0.1,-0.91,0
15.741,-0.1,0.1,-0.91,0
15.751,-0.1,0.1,-0.91,0
15.761,-0.1,0.1,-0.91,0
15.771,-0.1,0.1,-0.91,0
15.781,-0.1,0.1,-0.91,0
15.791,-0.1,0.1,-0.91,0
15.801,-0.1,0.1,-0.91,0
15.811,-0.1,0.1,-0.91,0
15.821,-0.1,0.1,-0.9,0
15.831,-0.1,0.1,-0.9,0
15.841,-0.1,0.1,-0.9,0
15.851,-0.1,0.1,-0.9,0
15.861,-0.1,0.1,-0.9,0
15.871,-0.1,0.1,-0.9,0
15.881,-0.1,0.1,-0.9,0
15.891,-0.1,0.1,-0.9,0
15.901,-0.1,0.1,-0.9,0
15.911,-0.1,0.1,-0.89,0
15.921,-0.1,0.1,-0.89,0
15.931,-0.1,0.1,-0.89,0
15.941,-0.1,0.1,-0.89,0
15.951,-0.1,0.1,-0.89,0
15.961,-0.1,0.1,-0.89,0
15.971,-0.1,0.1,-0.89,0
15.981,-0.1,0.1,-0.89,0
15.991,-0.1,0.1,-0.89,0
16.001,-0.1,0.1,-0.89,0
16.004,-0.1,0,0,1
16.025,-0.1,0,0,0
16.035,-0.1,0,0,0
16.045,-0.1,0,0,0
16.055,-0.1,0.1,0,0
16.065,-0.1,0.1,0,0
16.075,-0.1,0.1,0,0
16.085,-0.1,0.1,0,0
16.095,-0.1,0.1,0,0
16.105,-0.1,0.1,0,0
16.115,-0.1,0.1,0.01,0
16.125,-0.1,0.1,0.01,0
16.135,-0.1,0.1,0.01,0
16.145,-0.1,0.1,0.01,0
16.155,-0.1,0.1,0.01,0
16.165,-0.1,0.1,0.01,0
16.175,-0.1,0.1,0.01,0
16.185,-0.1,0.1,0.01,0
16.195,-0.1,0.1,0.01,0
16.205,-0.1,0.1,0.02,0
16.215,-0.1,0.1,0.02,0
16.225,-0.1,0.1,0.02,0
16.235,-0.1,0.1,0.02,0
16.245,-0.1,0.1,0.02,0
16.255,-0.1,0.1,0.02,0
16.265,-0.1,0.1,0.02,0
16.275,-0.1,0.1,0.02,0
16.285,-0.1,0.1,0.02,0
16.295,-0.1,0.1,0.03,0
16.305,-0.1,0.1,0.03,0
16.315,-0.1,0.1,0.03,0
16.325,-0.1,0.1,0.03,0
16.335,-0.1,0.1,0.03,0
16.345,-0.1,0.1,0.03,0
16.355,-0.1,0.1,0.03,0
16.365,0.08,0.1,0.03,0
16.375,-0.1,0.1,0.03,0
16.385,-0.1,0.1,0.04,0
16.395,0.08,0.1,0.04,0
16.405,0.08,0.1,0.04,0
16.415,0.08,-0.08,0.04,0
16.425,0.08,-0.08,0.04,0
16.435,0.08,-0.08,0.04,0
16.445,0.08,-0.08,0.03,0
16.456,0.08,-0.08,0.03,0
16.466,0.08,-0.08,0.03,0
16.476,0.08,-0.08,0.03,0
16.486,0.08,-0.08,0.03,0
16.496,-0.1,-0.08,0.03,0
16.506,-0.1,0.1,0.03,0
16.516,-0.1,0.1,0.03,0
16.526,-0.1,0.1,0.03,0
16.536,0.08,0.1,0.04,0
16.546,0.08,0.1,0.04,0
16.556,0.08,0.1,0.04,0
16.566,0.08,-0.08,0.04,0
16.576,0.08,-0.08,0.04,0
16.586,0.08,-0.08,0.04,0
16.596,0.08,-0.08,0.03,0
16.606,0.08,-0.08,0.03,0
16.616,0.08,-0.08,0.03,0
16.627,0.08,-0.08,0.03,0
16.637,0.08,-0.08,0.03,0
16.647,0.08,-0.08,0.03,0
16.657,0.08,-0.08,0.03,0
16.667,0.08,-0.08,0.03,0
16.677,0.08,-0.08,0.03,0
16.687,0.08,-0.08,0.03,0
16.697,0.08,-0.08,0.03,0
16.707,0.08,-0.08,0.03,0
16.717,0.08,-0.08,0.02,0
16.727,0.08,-0.08,0.02,0
16.737,0.08,-0.08,0.02,0
16.747,0.08,-0.08,0.02,0
16.757,0.08,-0.08,0.02,0
16.767,0.08,-0.08,0.02,0
16.777,0.08,-0.08,0.02,0
16.787,0.08,-0.08,0.02,0
16.797,0.08,-0.08,0.02,0
16.807,-0.1,-0.08,0.02,0
16.817,0.08,-0.08,0.02,0
16.827,0.08,-0.08,0.02,0
16.837,0.08,-0.08,0.01,0
16.847,0.08,-0.08,0.01,0
16.857,0.08,-0.08,0.01,0
16.867,0.08,-0.08,0.01,0
16.877,0.08,-0.08,0.01,0
16.887,0.08,-0.08,0.01,0
16.897,0.08,-0.08,0.01,0
16.907,0.08,-0.08,0.01,0
16.917,0.08,-0.08,0.01,0
16.927,0.08,-0.08,0.01,0
16.937,0.08,-0.08,0.01,0
16.947,0.08,-0.08,0.01,0
16.957,0.08,-0.08,0.01,0
16.968,0.08,-0.08,0.01,0
16.978,0.08,-0.08,0.01,0
16.988,0.08,-0.08,0,0
16.998,-0.1,-0.08,0,0
17.008,0.08,-0.08,0,0
17.018,0.08,-0.08,0,0
17.028,0.08,-0.08,0,0
17.038,0.08,-0.08,0,0
17.048,0.08,-0.08,-0,0
17.058,0.08,-0.08,-0,0
17.068,0.08,-0.08,-0,0
17.078,0.08,10.42,0.15,0
17.088,0.08,10.42,0.15,0
17.098,0.08,10.42,0.15,0
17.108,2.83,17.42,0.57,0
17.118,5.03,17.42,0.57,0
17.128,6.86,17.42,0.57,0
17.139,8.51,10.64,0.99,0
17.149,10.16,10.64,0.99,0
17.159,11.26,10.64,0.99,0
17.169,12.54,6.24,1.25,0
17.179,13.46,6.24,1.25,0
17.189,14.37,6.24,1.25,0
17.199,14.92,3.13,1.39,0
17.209,15.66,3.13,1.39,0
17.219,16.21,3.13,1.39,0
17.229,16.94,1.29,1.45,0
17.239,17.49,1.29,1.45,0
17.249,17.86,1.29,1.45,0
17.259,18.22,-0.36,1.47,0
17.269,18.59,-0.36,1.47,0
17.279,18.96,-0.36,1.47,0
17.289,19.14,-1.46,1.44,0
17.299,19.51,-1.46,1.44,0
17.309,19.51,-1.46,1.44,0
17.319,19.69,-2.01,1.39,0
17.329,19.69,-2.01,1.39,0
17.339,19.87,-2.01,1.39,0
17.349,20.06,-2.37,1.32,0
17.359,20.06,-2.37,1.32,0
17.369,20.24,-2.37,1.32,0
17.379,20.42,-2.74,1.25,0
17.389,20.42,-2.74,1.25,0
17.399,20.24,-2.74,1.25,0
17.409,20.24,-2.74,1.16,0
17.419,20.42,-2.74,1.16,0
17.429,20.42,-2.74,1.16,0
17.439,20.42,-2.92,1.08,0
17.449,20.24,-2.92,1.08,0
17.459,20.24,-2.92,1.08,0
17.469,20.06,-2.74,0.99,0
17.48,20.06,-2.74,0.99,0
17.49,19.87,-2.74,0.99,0
17.5,19.69,-2.37,0.92,0
17.51,19.69,-2.37,0.92,0
17.52,19.51,-2.37,0.92,0
17.53,19.51,-2.01,0.85,0
17.54,19.51,-2.01,0.85,0
17.55,19.51,-2.01,0.85,0
17.56,19.51,-2.01,0.79,0
17.57,19.51,-2.01,0.79,0
17.58,19.51,-2.01,0.79,0
17.59,19.51,-2.01,0.73,0
17.6,19.32,-2.01,0.73,0
17.61,19.14,-2.01,0.73,0
17.62,19.14,-1.64,0.68,0
17.63,19.14,-1.64,0.68,0
17.64,18.96,-1.64,0.68,0
17.651,18.96,-1.46,0.63,0
17.661,18.77,-1.46,0.63,0
17.671,18.77,-1.46,0.63,0
17.681,18.77,-1.27,0.59,0
17.691,18.77,-1.27,0.59,0
17.701,18.77,-1.27,0.59,0
17.711,18.77,-1.27,0.55,0
17.721,18.77,-1.27,0.55,0
17.731,18.59,-1.27,0.55,0
17.741,18.59,-1.09,0.52,0
17.751,18.59,-1.09,0.52,0
17.761,18.59,-1.09,0.52,0
17.771,18.41,-1.09,0.48,0
17.781,18.41,-1.09,0.48,0
17.791,18.41,-1.09,0.48,0
17.801,18.41,-0.91,0.45,0
17.811,18.41,-0.91,0.45,0
17.821,18.41,-0.91,0.45,0
17.831,18.41,-0.91,0.43,0
17.841,18.41,-0.91,0.43,0
17.851,18.41,-0.91,0.43,0
17.861,18.41,-0.91,0.4,0
17.871,18.41,-0.91,0.4,0
17.881,18.41,-0.91,0.4,0
17.891,18.22,-0.91,0.37,0
17.901,18.22,-0.91,0.37,0
17.911,18.22,-0.91,0.37,0
17.921,18.22,-0.72,0.35,0
17.931,18.22,-0.72,0.35,0
17.941,18.04,-0.72,0.35,0
17.951,18.04,-0.54,0.33,0
17.961,18.04,-0.54,0.33,0
17.971,18.04,-0.54,0.33,0
17.981,18.04,-0.54,0.31,0
17.992,18.22,-0.54,0.31,0
18.002,18.04,-0.54,0.31,0
18.012,18.22,-0.54,0.3,0
18.022,18.04,-0.54,0.3,0
18.032,18.22,-0.54,0.3,0
18.042,18.04,-0.72,0.28,0
18.052,18.04,-0.72,0.28,0
18.062,18.04,-0.72,0.28,0
18.072,18.04,-0.54,0.26,0
18.082,18.04,-0.54,0.26,0
18.092,18.04,-0.54,0.26,0
18.102,17.86,-0.54,0.24,0
18.112,18.04,-0.54,0.24,0
18.122,17.86,-0.54,0.24,0
18.132,18.04,-0.36,0.23,0
18.142,18.04,-0.36,0.23,0
18.152,18.04,-0.36,0.23,0
18.163,18.04,-0.54,0.21,0
18.173,17.86,-0.54,0.21,0
18.183,18.04,-0.54,0.21,0
18.193,17.86,-0.54,0.2,0
18.203,17.86,-0.54,0.2,0
18.213,17.86,-0.54,0.2,0
18.223,17.86,-0.36,0.18,0
18.233,17.86,-0.36,0.18,0
18.243,17.67,-0.36,0.18,0
18.253,17.86,-0.17,0.18,0
18.263,17.86,-0.17,0.18,0
18.273,17.86,-0.17,0.18,0
18.283,17.86,-0.36,0.17,0
18.293,17.86,-0.36,0.17,0
18.303,17.86,-0.36,0.17,0
18.313,17.86,-0.36,0.16,0
18.323,17.67,-0.36,0.16,0
18.333,17.67,-0.36,0.16,0
18.343,17.67,-0.17,0.15,0
18.353,17.67,-0.17,0.15,0
18.363,17.67,-0.17,0.15,0
18.373,17.67,-0.17,0.14,0
18.383,17.67,-0.17,0.14,0
18.393,17.67,-0.17,0.14,0
18.403,17.67,-0.17,0.14,0
18.413,17.67,-0.17,0.14,0
18.423,17.67,-0.17,0.14,0
18.433,17.67,-0.17,0.13,0
18.443,17.67,-0.17,0.13,0
18.453,17.67,-0.17,0.13,0
18.463,17.67,-0.17,0.13,0
18.473,17.67,-0.17,0.13,0
18.483,17.67,-0.17,0.13,0
18.493,17.67,-0.17,0.12,0
18.504,17.49,-0.17,0.12,0
18.514,17.67,-0.17,0.12,0
18.524,17.49,-0.17,0.12,0
18.534,17.49,-0.17,0.12,0
18.544,17.49,-0.17,0.12,0
18.554,17.49,0.01,0.12,0
18.564,17.67,0.01,0.12,0
18.574,17.49,0.01,0.12,0
18.584,17.49,0.01,0.12,0
18.594,17.49,0.01,0.12,0
18.604,17.49,0.01,0.12,0
18.614,17.49,0.01,0.12,0
18.624,17.49,0.01,0.12,0
18.634,17.49,0.01,0.12,0
18.644,17.49,0.01,0.12,0
18.654,17.49,0.01,0.12,0
18.664,17.49,0.01,0.12,0
18.675,17.49,0.01,0.12,0
18.685,17.49,0.01,0.12,0
18.695,17.31,0.01,0.12,0
18.705,17.49,0.01,0.12,0
18.715,17.49,0.01,0.12,0
18.725,17.49,0.01,0.12,0
18.735,17.31,0.01,0.12,0
18.745,17.31,0.01,0.12,0
18.755,17.31,0.01,0.12,0
18.765,17.31,0.19,0.12,0
18.775,17.31,0.19,0.12,0
18.785,17.31,0.19,0.12,0
18.795,17.31,0.19,0.13,0
18.805,17.31,0.19,0.13,0
18.815,17.31,0.19,0.13,0
18.825,17.31,0.19,0.13,0
18.835,17.31,0.19,0.13,0
18.845,17.31,0.19,0.13,0
18.855,17.31,0.19,0.14,0
18.865,17.31,0.19,0.14,0
18.875,17.31,0.19,0.14,0
18.885,17.31,0.19,0.14,0
18.895,17.31,0.19,0.14,0
18.905,17.31,0.19,0.14,0
18.915,17.31,0.19,0.15,0
18.925,17.31,0.19,0.15,0
18.935,17.31,0.19,0.15,0
18.945,17.12,0.19,0.16,0
18.955,17.12,0.19,0.16,0
18.965,17.31,0.19,0.16,0
18.975,17.12,0.19,0.16,0
18.985,17.12,0.19,0.16,0
18.995,17.12,0.19,0.16,0
19.005,17.31,0.38,0.17,0
19.016,17.12,0.38,0.17,0
19.026,17.31,0.38,0.17,0
19.036,17.12,0.19,0.18,0
19.046,17.12,0.19,0.18,0
19.056,17.12,0.19,0.18,0
19.066,17.12,0.38,0.19,0
19.076,17.12,0.38,0.19,0
19.086,17.12,0.38,0.19,0
19.096,17.12,0.38,0.2,0
19.106,17.12,0.38,0.2,0
19.116,17.12,0.38,0.2,0
19.126,17.12,0.38,0.21,0
19.136,17.12,0.38,0.21,0
19.146,17.12,0.38,0.21,0
19.156,17.12,0.38,0.22,0
19.166,17.12,0.38,0.22,0
19.176,17.12,0.38,0.22,0
19.187,17.12,0.38,0.23,0
19.197,17.12,0.38,0.23,0
19.207,17.12,0.38,0.24,0
19.217,17.12,0.38,0.24,0
19.227,16.94,0.38,0.24,0
19.237,16.94,0.56,0.26,0
19.247,16.94,0.56,0.26,0
19.257,16.94,0.56,0.26,0
19.267,17.12,0.56,0.27,0
19.277,16.94,0.56,0.27,0
19.287,16.94,0.56,0.27,0
19.297,16.94,0.56,0.29,0
19.307,16.94,0.56,0.29,0
19.317,16.94,0.56,0.29,0
19.327,16.94,0.56,0.29,0
19.337,16.94,0.56,0.31,0
19.347,16.94,0.56,0.31,0
19.357,16.94,0.56,0.31,0
19.367,16.94,0.56,0.33,0
19.377,16.94,0.56,0.33,0
19.387,16.94,0.56,0.33,0
19.397,16.94,0.56,0.34,0
19.407,16.94,0.56,0.34,0
19.417,16.76,0.56,0.34,0
19.427,16.76,0.74,0.36,0
19.437,16.94,0.74,0.36,0
19.447,16.94,0.74,0.36,0
19.457,16.94,0.56,0.38,0
19.467,16.76,0.56,0.38,0
19.477,16.94,0.56,0.38,0
19.487,16.94,0.56,0.4,0
19.497,16.94,0.56,0.4,0
19.507,16.94,0.56,0.4,0
19.517,16.94,0.56,0.42,0
19.528,16.76,0.56,0.42,0
19.538,16.76,0.74,0.43,0
19.548,16.76,0.74,0.43,0
19.558,16.76,0.74,0.43,0
19.568,16.76,0.74,0.46,0
19.578,16.76,0.74,0.46,0
19.588,16.76,0.74,0.46,0
19.598,16.94,0.74,0.46,0
19.608,16.94,0.56,0.48,0
19.618,16.94,0.56,0.48,0
19.628,16.94,0.56,0.48,0
19.638,16.94,0.56,0.49,0
19.648,16.94,0.56,0.49,0
19.658,16.94,0.56,0.49,0
19.668,16.94,0.56,0.51,0
19.678,16.94,0.56,0.51,0
19.688,16.94,0.56,0.51,0
19.699,17.12,0.56,0.53,0
19.709,17.12,0.56,0.53,0
19.719,17.12,0.56,0.53,0
19.729,17.12,0.38,0.54,0
19.739,17.12,0.38,0.54,0
19.749,17.12,0.38,0.54,0
19.759,17.12,0.38,0.55,0
19.769,17.12,0.38,0.55,0
19.779,17.12,0.38,0.55,0
19.789,17.12,0.38,0.56,0
19.799,17.12,0.38,0.56,0
19.809,17.12,0.38,0.56,0
19.819,17.12,0.38,0.58,0
19.829,16.94,0.38,0.58,0
19.839,17.12,0.38,0.58,0
19.849,16.94,0.38,0.59,0
19.859,17.12,0.38,0.59,0
19.869,17.12,0.38,0.59,0
19.879,16.94,0.38,0.6,0
19.889,17.12,0.38,0.6,0
19.899,17.12,0.38,0.6,0
19.909,17.12,0.38,0.61,0
19.919,17.12,0.38,0.61,0
19.929,17.12,0.38,0.61,0
19.939,17.12,0.38,0.62,0
19.949,17.12,0.38,0.62,0
19.959,17.12,0.38,0.62,0
19.969,16.94,0.38,0.63,0
19.979,17.12,0.38,0.63,0
19.989,17.12,0.38,0.63,0
19.999,17.12,0.38,0.64,0
20.009,17.12,0.38,0.64,0
20.019,17.12,0.38,0.64,0
20.029,17.12,0.38,0.66,0
20.04,17.12,0.38,0.66,0
20.05,17.12,0.38,0.67,0
20.06,17.12,0.38,0.67,0
20.07,17.31,0.38,0.67,0
20.08,17.31,0.19,0.67,0
20.09,17.31,0.19,0.67,0
20.1,17.31,0.19,0.67,0
20.11,17.12,0.19,0.67,0
20.12,17.31,0.38,0.68,0
20.13,17.31,0.38,0.68,0
20.14,17.31,0.38,0.68,0
20.15,17.31,0.19,0.69,0
20.16,17.31,0.19,0.69,0
20.17,17.31,0.19,0.69,0
20.18,17.31,0.19,0.7,0
20.19,17.31,0.19,0.7,0
20.2,17.31,0.19,0.7,0
20.211,17.31,0.19,0.7,0
20.221,17.31,0.19,0.7,0
20.231,17.31,0.19,0.71,0
20.241,17.31,0.19,0.71,0
20.251,17.31,0.19,0.71,0
20.261,17.31,0.19,0.72,0
20.271,17.31,0.19,0.72,0
20.281,17.31,0.19,0.72,0
20.291,17.31,0.19,0.72,0
20.301,17.31,0.19,0.72,0
20.311,17.31,0.19,0.72,0
20.321,17.31,0.19,0.72,0
20.331,17.31,0.19,0.73,0
20.341,17.31,0.19,0.73,0
20.351,17.31,0.19,0.73,0
20.361,17.31,0.19,0.73,0
20.371,17.31,0.19,0.73,0
20.381,17.31,0.19,0.73,0
20.391,17.31,0.19,0.74,0
20.401,17.31,0.19,0.74,0
20.411,17.31,0.19,0.74,0
20.421,17.31,0.19,0.74,0
20.431,17.31,0.19,0.74,0
20.441,17.31,0.19,0.74,0
20.451,17.31,0.19,0.75,0
20.461,17.49,0.19,0.75,0
20.471,17.49,0.19,0.75,0
20.481,17.31,0.01,0.75,0
20.491,17.49,0.01,0.75,0
20.501,17.49,0.01,0.75,0
20.511,17.49,0.01,0.75,0
20.521,17.31,0.01,0.75,0
20.531,17.31,0.01,0.75,0
20.541,17.31,0.19,0.76,0
20.552,17.31,0.19,0.76,0
20.562,17.49,0.19,0.76,0
20.572,17.31,0.01,0.76,0
20.582,17.49,0.01,0.76,0
20.592,17.31,0.01,0.76,0
20.602,17.49,0.19,0.76,0
20.612,17.49,0.19,0.76,0
20.622,17.31,0.19,0.76,0
20.632,17.31,0.19,0.77,0
20.642,17.49,0.19,0.77,0
20.652,17.49,0.19,0.77,0
20.662,17.49,0.01,0.77,0
20.672,17.49,0.01,0.77,0
20.682,17.49,0.01,0.77,0
20.692,17.49,0.01,0.77,0
20.702,17.49,0.01,0.77,0
20.712,17.49,0.01,0.77,0
20.723,17.49,0.01,0.77,0
20.733,17.49,0.01,0.77,0
20.743,17.49,0.01,0.77,0
20.753,17.49,0.01,0.77,0
20.763,17.49,0.01,0.77,0
20.773,17.49,0.01,0.77,0
20.783,17.49,0.01,0.77,0
20.793,17.49,0.01,0.77,0
20.803,17.49,0.01,0.77,0
20.813,17.49,0.01,0.77,0
20.823,17.49,0.01,0.77,0
20.833,17.49,0.01,0.77,0
20.843,17.31,0.01,0.77,0
20.853,17.49,0.01,0.77,0
20.863,17.49,0.01,0.77,0
20.873,17.49,0.01,0.77,0
20.883,17.31,0.01,0.77,0
20.893,17.49,0.01,0.77,0
20.903,17.49,0.01,0.77,0
20.913,17.49,0.01,0.77,0
20.923,17.49,0.01,0.77,0
20.933,17.31,0.01,0.77,0
20.943,17.31,0.01,0.77,0
20.953,17.49,0.01,0.77,0
20.963,17.31,0.01,0.77,0
20.973,17.49,0.01,0.77,0
20.983,17.49,0.01,0.77,0
20.993,17.31,0.01,0.77,0
21.003,17.31,0.01,0.77,0
21.013,17.31,0.01,0.77,0
21.023,17.31,0.19,0.78,0
21.033,17.49,0.19,0.78,0
21.043,17.49,0.19,0.78,0
21.053,17.49,0.01,0.78,0
21.064,17.49,0.01,0.78,0
21.074,17.49,0.01,0.78,0
21.084,17.49,0.01,0.78,0
21.094,17.49,0.01,0.78,0
21.104,17.49,0.01,0.78,0
21.114,17.49,0.01,0.78,0
21.124,17.49,0.01,0.78,0
21.134,17.49,0.01,0.78,0
21.144,17.49,0.01,0.78,0
21.154,17.49,0.01,0.78,0
21.164,17.49,0.01,0.78,0
21.174,17.49,0.01,0.78,0
21.184,17.49,0.01,0.78,0
21.194,17.49,0.01,0.78,0
21.204,17.49,0.01,0.78,0
21.214,17.49,0.01,0.78,0
21.224,17.49,0.01,0.78,0
21.235,17.49,0.01,0.78,0
21.245,17.49,0.01,0.78,0
21.255,17.49,0.01,0.78,0
21.265,17.49,0.01,0.78,0
21.275,17.49,0.01,0.78,0
21.285,17.49,0.01,0.78,0
21.295,17.49,0.01,0.78,0
21.305,17.49,0.01,0.78,0
21.315,17.49,0.01,0.78,0
21.325,17.49,0.01,0.78,0
21.335,17.49,0.01,0.78,0
21.345,17.49,0.01,0.78,0
21.355,17.49,0.01,0.78,0
21.365,17.49,0.01,0.78,0
21.375,17.49,0.01,0.78,0
21.385,17.49,0.01,0.78,0
21.395,17.49,0.01,0.78,0
21.405,17.49,0.01,0.78,0
21.415,17.49,0.01,0.78,0
21.425,17.49,0.01,0.78,0
21.435,17.49,0.01,0.78,0
21.445,17.49,0.01,0.78,0
21.455,17.49,0.01,0.78,0
21.465,17.49,0.01,0.78,0
21.475,17.49,0.01,0.79,0
21.485,17.49,0.01,0.79,0
21.495,17.49,0.01,0.79,0
21.505,17.49,0.01,0.79,0
21.515,17.49,0.01,0.79,0
21.525,17.49,0.01,0.79,0
21.535,17.49,0.01,0.79,0
21.545,17.49,0.01,0.79,0
21.555,17.49,0.01,0.79,0
21.565,17.49,0.01,0.79,0
21.576,17.49,0.01,0.79,0
21.586,17.49,0.01,0.79,0
21.596,17.49,0.01,0.79,0
21.606,17.49,0.01,0.79,0
21.616,17.49,0.01,0.79,0
21.626,17.49,0.01,0.79,0
21.636,17.49,0.01,0.79,0
21.646,17.49,0.01,0.79,0
21.656,17.49,0.01,0.79,0
21.666,17.49,0.01,0.79,0
21.676,17.49,0.01,0.79,0
21.686,17.49,0.01,0.79,0
21.696,17.49,0.01,0.79,0
21.706,17.49,0.01,0.79,0
21.716,17.49,0.01,0.79,0
21.726,17.49,0.01,0.79,0
21.736,17.49,0.01,0.79,0
21.747,17.49,0.01,0.79,0
21.757,17.49,0.01,0.79,0
21.767,17.49,0.01,0.79,0
21.777,17.49,0.01,0.79,0
21.787,17.49,0.01,0.79,0
21.797,17.49,0.01,0.79,0
21.807,17.49,0.01,0.79,0
21.817,17.49,0.01,0.79,0
21.827,17.49,0.01,0.79,0
21.837,17.49,0.01,0.79,0
21.847,17.49,0.01,0.79,0
21.857,17.49,0.01,0.79,0
21.867,17.49,0.01,0.79,0
21.877,17.49,0.01,0.79,0
21.887,17.49,0.01,0.79,0
21.897,17.49,0.01,0.79,0
21.907,17.49,0.01,0.79,0
21.917,17.49,0.01,0.79,0
21.927,17.49,0.01,0.79,0
21.937,17.49,0.01,0.79,0
21.947,17.49,0.01,0.79,0
21.957,17.49,0.01,0.79,0
21.967,17.49,0.01,0.79,0
21.977,17.49,0.01,0.79,0
21.987,17.49,0.01,0.79,0
21.997,17.49,0.01,0.79,0
22.007,17.49,0.01,0.79,0
22.017,17.49,0.01,0.79,0
22.027,17.49,0.01,0.79,0
22.037,17.49,0.01,0.79,0
22.047,17.49,0.01,0.79,0
22.057,17.49,0.01,0.79,0
22.067,17.49,0.01,0.79,0
22.077,17.49,0.01,0.79,0
22.088,17.49,0.01,0.79,0
22.098,17.49,0.01,0.79,0
22.108,17.49,0.01,0.79,0
22.118,17.49,0.01,0.79,0
22.128,17.49,0.01,0.79,0
22.138,17.49,0.01,0.79,0
22.148,17.49,0.01,0.79,0
22.158,17.49,0.01,0.79,0
22.168,17.49,0.01,0.79,0
22.178,17.49,0.01,0.79,0
22.188,17.49,0.01,0.79,0
22.198,17.49,0.01,0.79,0
22.208,17.49,0.01,0.79,0
22.218,17.49,0.01,0.79,0
22.228,17.49,0.01,0.79,0
22.238,17.49,0.01,0.79,0
22.248,17.49,0.01,0.79,0
22.259,17.49,0.01,0.79,0
22.269,17.49,0.01,0.79,0
22.279,17.49,0.01,0.79,0
22.289,17.49,0.01,0.79,0
22.299,17.49,0.01,0.79,0
22.309,17.49,0.01,0.79,0
22.319,17.49,0.01,0.79,0
22.329,17.49,0.01,0.79,0
22.339,17.49,0.01,0.79,0
22.349,17.49,0.01,0.79,0
22.359,17.49,0.01,0.79,0
22.369,17.49,0.01,0.79,0
22.379,17.49,0.01,0.79,0
22.389,17.49,0.01,0.79,0
22.399,17.49,0.01,0.79,0
22.409,17.49,0.01,0.79,0
22.419,17.49,0.01,0.79,0
22.429,17.49,0.01,0.79,0
22.439,17.49,0.01,0.79,0
22.449,17.49,0.01,0.79,0
22.459,17.49,0.01,0.79,0
22.469,17.49,0.01,0.79,0
22.479,17.49,0.01,0.79,0
22.489,17.49,0.01,0.79,0
22.499,17.49,0.01,0.79,0
22.509,17.49,0.01,0.79,0
22.519,17.49,0.01,0.79,0
22.529,17.49,0.01,0.8,0
22.539,17.49,0.01,0.8,0
22.549,17.49,0.01,0.8,0
22.559,17.49,0.01,0.8,0
22.569,17.49,0.01,0.8,0
22.579,17.49,0.01,0.8,0
22.589,17.49,0.01,0.8,0
22.6,17.49,0.01,0.8,0
22.61,17.49,0.01,0.8,0
22.62,17.49,0.01,0.8,0
22.63,17.49,0.01,0.8,0
22.64,17.49,0.01,0.8,0
22.65,17.49,0.01,0.8,0
22.66,17.49,0.01,0.8,0
22.67,17.49,0.01,0.8,0
22.68,17.49,0.01,0.8,0
22.69,17.49,0.01,0.8,0
22.7,17.49,0.01,0.8,0
22.71,17.49,0.01,0.8,0
22.72,17.49,0.01,0.8,0
22.73,17.49,0.01,0.8,0
22.74,17.49,0.01,0.8,0
22.75,17.49,0.01,0.8,0
22.76,17.49,0.01,0.8,0
22.771,17.49,0.01,0.8,0
22.781,17.49,0.01,0.8,0
22.791,17.49,0.01,0.8,0
22.801,17.49,0.01,0.8,0
22.811,17.49,0.01,0.8,0
22.821,17.49,0.01,0.8,0
22.831,17.49,0.01,0.8,0
22.841,17.49,0.01,0.8,0
22.851,17.49,0.01,0.8,0
22.861,17.49,0.01,0.8,0
22.871,17.49,0.01,0.8,0
22.881,17.49,0.01,0.8,0
22.891,17.49,0.01,0.8,0
22.901,17.49,0.01,0.8,0
22.911,17.49,0.01,0.8,0
22.921,17.49,0.01,0.8,0
22.931,17.49,0.01,0.8,0
22.941,17.49,0.01,0.8,0
22.951,17.49,0.01,0.8,0
22.961,17.49,0.01,0.8,0
22.971,17.49,0.01,0.8,0
22.981,17.49,0.01,0.8,0
22.991,17.49,0.01,0.8,0
23.001,17.67,0.01,0.8,0
23.011,17.49,-0.17,0.8,0
23.021,17.49,-0.17,0.8,0
23.031,17.49,-0.17,0.8,0
23.041,17.49,0.01,0.79,0
23.051,17.49,0.01,0.79,0
23.061,17.49,0.01,0.79,0
23.071,17.49,0.01,0.79,0
23.081,17.49,0.01,0.79,0
23.091,17.49,0.01,0.79,0
23.101,17.49,0.01,0.8,0
23.112,17.49,0.01,0.8,0
23.122,17.49,0.01,0.8,0
23.132,17.49,0.01,0.8,0
23.142,17.49,0.01,0.8,0
23.152,17.49,0.01,0.8,0
23.162,17.49,0.01,0.8,0
23.172,17.49,0.01,0.8,0
23.182,17.49,0.01,0.8,0
23.192,17.49,0.01,0.8,0
23.202,17.49,0.01,0.8,0
23.212,17.49,0.01,0.8,0
23.222,17.49,0.01,0.8,0
23.232,17.49,0.01,0.8,0
23.242,17.49,0.01,0.8,0
23.252,17.49,0.01,0.8,0
23.262,17.49,0.01,0.8,0
23.272,17.49,0.01,0.8,0
23.283,17.49,0.01,0.8,0
23.293,17.49,0.01,0.8,0
23.303,17.49,0.01,0.8,0
23.313,17.49,0.01,0.8,0
23.323,17.49,0.01,0.8,0
23.333,17.49,0.01,0.8,0
23.343,17.49,0.01,0.8,0
23.353,17.49,0.01,0.8,0
23.363,17.49,0.01,0.8,0
23.373,17.49,0.01,0.8,0
23.383,17.49,0.01,0.8,0
23.393,17.49,0.01,0.8,0
23.403,17.49,0.01,0.8,0
23.413,17.49,0.01,0.8,0
23.423,17.49,0.01,0.8,0
23.433,17.49,0.01,0.8,0
23.443,17.49,0.01,0.8,0
23.453,17.49,0.01,0.8,0
23.463,17.49,0.01,0.8,0
23.473,17.49,0.01,0.8,0
23.483,17.49,0.01,0.8,0
23.493,17.49,0.01,0.8,0
23.503,17.49,0.01,0.8,0
23.513,17.49,0.01,0.8,0
23.523,17.49,0.01,0.8,0
23.533,17.49,0.01,0.8,0
23.543,17.49,0.01,0.8,0
23.553,17.49,0.01,0.8,0
23.563,17.49,0.01,0.8,0
23.573,17.49,0.01,0.8,0
23.583,17.49,0.01,0.8,0
23.593,17.49,0.01,0.8,0
23.603,17.49,0.01,0.8,0
23.613,17.49,0.01,0.8,0
23.624,17.49,0.01,0.8,0
23.634,17.49,0.01,0.8,0
23.644,17.49,0.01,0.8,0
23.654,17.49,0.01,0.8,0
23.664,17.49,0.01,0.8,0
23.674,17.49,0.01,0.8,0
23.684,17.49,0.01,0.8,0
23.694,17.49,0.01,0.8,0
23.704,17.49,0.01,0.8,0
23.714,17.49,0.01,0.8,0
23.724,17.49,0.01,0.8,0
23.734,17.49,0.01,0.8,0
23.744,17.49,0.01,0.8,0
23.754,17.49,0.01,0.8,0
23.764,17.49,0.01,0.8,0
23.774,17.49,0.01,0.8,0
23.784,17.49,0.01,0.8,0
23.795,17.49,0.01,0.8,0
23.805,17.49,0.01,0.8,0
23.815,17.49,0.01,0.8,0
23.825,17.49,0.01,0.8,0
23.835,17.49,0.01,0.8,0
23.845,17.49,0.01,0.8,0
23.855,17.49,0.01,0.8,0
23.865,17.49,0.01,0.8,0
23.875,17.49,0.01,0.8,0
23.885,17.49,0.01,0.8,0
23.895,17.49,0.01,0.8,0
23.905,17.49,0.01,0.8,0
23.915,17.49,0.01,0.8,0
23.925,17.49,0.01,0.8,0
23.935,17.49,0.01,0.8,0
23.945,17.49,0.01,0.8,0
23.955,17.49,0.01,0.8,0
23.965,17.49,0.01,0.8,0
23.975,17.49,0.01,0.8,0
23.985,17.49,0.01,0.8,0
23.995,17.49,0.01,0.8,0
24.005,17.49,0.01,0.8,0
24.015,17.49,0.01,0.8,0
24.025,17.49,0.01,0.8,0
24.035,17.67,0.01,0.8,0
24.045,17.49,0.01,0.8,0
24.055,17.49,0.01,0.8,0
24.065,17.49,0.01,0.8,0
24.075,17.49,0.01,0.8,0
24.085,17.49,0.01,0.8,0
24.095,17.67,0.01,0.8,0
24.105,17.67,0.01,0.8,0
24.115,17.49,0.01,0.8,0
24.125,17.67,0.01,0.81,0
24.136,17.49,0.01,0.81,0
24.146,17.49,0.01,0.81,0
24.156,17.49,0.01,0.81,0
24.166,17.67,0.01,0.81,0
24.176,17.67,0.01,0.81,0
24.186,17.67,-0.17,0.8,0
24.196,17.67,-0.17,0.8,0
24.206,17.67,-0.17,0.8,0
24.216,17.67,-0.17,0.8,0
24.226,17.49,-0.17,0.8,0
24.236,17.49,-0.17,0.8,0
24.246,17.49,0.01,0.8,0
24.256,17.49,0.01,0.8,0
24.266,17.49,0.01,0.8,0
24.276,17.49,0.01,0.8,0
24.286,17.49,0.01,0.8,0
24.296,17.49,0.01,0.8,0
24.307,17.67,0.01,0.8,0
24.317,17.67,0.01,0.8,0
24.327,17.49,0.01,0.8,0
24.337,17.49,0.01,0.8,0
24.347,17.49,0.01,0.8,0
24.357,17.67,0.01,0.8,0
24.367,17.49,-0.17,0.79,0
24.377,17.49,-0.17,0.79,0
24.387,17.49,-0.17,0.79,0
24.397,17.49,0.01,0.79,0
24.407,17.49,0.01,0.79,0
24.417,17.49,0.01,0.79,0
24.427,17.49,0.01,0.79,0
24.437,17.49,0.01,0.79,0
24.447,17.49,0.01,0.79,0
24.457,17.49,0.01,0.79,0
24.467,17.49,0.01,0.79,0
24.477,17.49,0.01,0.79,0
24.487,17.49,0.01,0.79,0
24.497,17.49,0.01,0.79,0
24.507,17.49,0.01,0.79,0
24.517,17.49,0.01,0.79,0
24.527,17.49,0.01,0.79,0
24.537,17.49,0.01,0.79,0
24.547,17.49,0.01,0.79,0
24.557,17.49,0.01,0.79,0
24.567,17.49,0.01,0.79,0
24.577,17.49,-17.49,0.53,0
24.587,17.49,-17.49,0.53,0
24.597,17.49,-17.49,0.53,0
24.607,17.12,-17.49,0.01,0
24.617,16.57,-17.49,0.01,0
24.627,15.66,-17.49,0.01,0
24.637,14.92,-15.66,-0.49,0
24.648,14.01,-15.66,-0.49,0
24.658,13.09,-15.66,-0.49,0
24.668,11.26,-13.09,-0.94,0
24.678,9.79,-13.09,-0.94,0
24.688,8.33,-13.09,-0.94,0
24.698,7.23,-8.33,-1.26,0
24.708,6.13,-8.33,-1.26,0
24.718,5.03,-8.33,-1.26,0
24.728,4.11,-5.03,-1.46,0
24.738,3.38,-5.03,-1.46,0
24.748,2.46,-5.03,-1.46,0
24.758,1.91,-2.46,-1.57,0
24.768,1.36,-2.46,-1.57,0
24.778,0.99,-2.46,-1.57,0
24.788,0.63,-0.99,-1.62,0
24.798,0.26,-0.99,-1.62,0
24.808,0.08,-0.99,-1.62,0
24.819,-0.1,-0.08,-1.64,0
24.829,-0.1,-0.08,-1.64,0
24.839,-0.1,0.1,-1.64,0
24.849,-0.1,0.1,-1.64,0
24.859,-0.1,0.1,-1.64,0
24.869,-0.1,0.1,-1.64,0
24.879,-0.1,0.1,-1.64,0
24.889,-0.1,0.1,-1.64,0
24.899,-0.1,0.1,-1.64,0
24.909,-0.1,0.1,-1.63,0
24.919,-0.1,0.1,-1.63,0
24.929,-0.1,0.1,-1.63,0
24.939,-0.1,0.1,-1.63,0
24.949,-0.1,0.1,-1.63,0
24.959,-0.1,0.1,-1.63,0
24.969,-0.1,0.1,-1.63,0
24.979,-0.1,0.1,-1.63,0
24.989,-0.1,0.1,-1.63,0
24.999,-0.1,0.1,-1.62,0
25.009,-0.1,0.1,-1.62,0
25.019,-0.1,0.1,-1.62,0
25.029,-0.1,0.1,-1.62,0
25.039,-0.1,0.1,-1.62,0
25.049,-0.1,0.1,-1.62,0
25.059,-0.1,0.1,-1.62,0
25.069,-0.1,0.1,-1.62,0
25.079,-0.1,0.1,-1.62,0
25.089,-0.1,0.1,-1.61,0
25.099,-0.1,0.1,-1.61,0
25.109,-0.1,0.1,-1.61,0
25.119,-0.1,0.1,-1.61,0
25.129,-0.1,0.1,-1.61,0
25.139,-0.1,0.1,-1.61,0
25.149,-0.1,0.1,-1.61,0
25.16,-0.1,0.1,-1.61,0
25.17,-0.1,0.1,-1.61,0
25.18,-0.1,0.1,-1.6,0
25.19,-0.1,0.1,-1.6,0
25.2,-0.1,0.1,-1.6,0
25.21,-0.1,0.1,-1.6,0
25.22,-0.1,0.1,-1.6,0
25.23,-0.1,0.1,-1.6,0
25.24,-0.1,0.1,-1.6,0
25.25,-0.1,0.1,-1.6,0
25.26,-0.1,0.1,-1.6,0
25.27,-0.1,0.1,-1.59,0
25.28,-0.1,0.1,-1.59,0
25.29,-0.1,0.1,-1.59,0
25.3,-0.1,0.1,-1.59,0
25.31,-0.1,0.1,-1.59,0
25.32,-0.1,0.1,-1.59,0
25.331,-0.1,0.1,-1.59,0
25.341,-0.1,0.1,-1.59,0
25.351,-0.1,0.1,-1.58,0
25.361,-0.1,0.1,-1.58,0
25.371,-0.1,0.1,-1.58,0
25.381,-0.1,0.1,-1.58,0
25.391,-0.1,0.1,-1.58,0
25.401,-0.1,0.1,-1.58,0
25.411,-0.1,0.1,-1.58,0
25.421,-0.1,0.1,-1.58,0
25.431,-0.1,0.1,-1.58,0
25.441,-0.1,0.1,-1.58,0
25.451,-0.1,0.1,-1.58,0
25.461,-0.1,0.1,-1.58,0
25.471,-0.1,0.1,-1.58,0
25.481,-0.1,0.1,-1.57,0
25.491,-0.1,0.1,-1.57,0
25.501,-0.1,0.1,-1.57,0
25.511,-0.1,0.1,-1.57,0
25.521,-0.1,0.1,-1.57,0
25.531,-0.1,0.1,-1.57,0
25.541,-0.1,0.1,-1.57,0
25.551,-0.1,0.1,-1.57,0
25.561,-0.1,0.1,-1.57,0
25.571,-0.1,0.1,-1.56,0
25.581,-0.1,0.1,-1.56,0
25.591,-0.1,0.1,-1.56,0
25.601,-0.1,0.1,-1.56,0
25.611,-0.1,0.1,-1.56,0
25.621,-0.1,0.1,-1.56,0
25.631,-0.1,0.1,-1.56,0
25.641,-0.1,0.1,-1.56,0
25.651,-0.1,0.1,-1.56,0
25.661,-0.1,0.1,-1.55,0
25.672,-0.1,0.1,-1.55,0
25.682,-0.1,0.1,-1.55,0
25.692,-0.1,0.1,-1.55,0
25.702,-0.1,0.1,-1.55,0
25.712,-0.1,0.1,-1.55,0
25.722,-0.1,0.1,-1.55,0
25.732,-0.1,0.1,-1.55,0
25.742,-0.1,0.1,-1.55,0
25.752,-0.1,0.1,-1.54,0
25.762,-0.1,0.1,-1.54,0
25.772,-0.1,0.1,-1.54,0
25.782,-0.1,0.1,-1.54,0
25.792,-0.1,0.1,-1.54,0
25.802,-0.1,0.1,-1.54,0
25.812,-0.1,0.1,-1.54,0
25.822,-0.1,0.1,-1.54,0
25.832,-0.1,0.1,-1.54,0
25.843,-0.1,0.1,-1.53,0
25.853,-0.1,0.1,-1.53,0
25.863,-0.1,0.1,-1.53,0
25.873,-0.1,0.1,-1.53,0
25.883,-0.1,0.1,-1.53,0
25.893,-0.1,0.1,-1.53,0
25.903,-0.1,0.1,-1.53,0
25.913,-0.1,0.1,-1.53,0
25.923,-0.1,0.1,-1.53,0
25.933,-0.1,0.1,-1.52,0
25.943,-0.1,0.1,-1.52,0
25.953,-0.1,0.1,-1.52,0
25.963,-0.1,0.1,-1.52,0
25.973,-0.1,0.1,-1.52,0
25.983,-0.1,0.1,-1.52,0
25.993,-0.1,0.1,-1.52,0
26.003,-0.1,0.1,-1.52,0
26.013,-0.1,0.1,-1.52,0
26.023,-0.1,0.1,-1.52,0
26.033,-0.1,0.1,-1.52,0
26.043,-0.1,0.1,-1.52,0
26.053,-0.1,0.1,-1.51,0
26.063,-0.1,0.1,-1.51,0
26.073,-0.1,0.1,-1.51,0
26.083,-0.1,0.1,-1.51,0
26.093,-0.1,0.1,-1.51,0
26.103,-0.1,0.1,-1.51,0
26.113,-0.1,0.1,-1.51,0
26.123,-0.1,0.1,-1.51,0
26.133,-0.1,0.1,-1.51,0
26.143,-0.1,0.1,-1.5,0
26.153,-0.1,0.1,-1.5,0
26.163,-0.1,0.1,-1.5,0
26.173,-0.1,0.1,-1.5,0
26.184,-0.1,0.1,-1.5,0
26.194,-0.1,0.1,-1.5,0
26.204,-0.1,0.1,-1.5,0
26.214,-0.1,0.1,-1.5,0
26.224,-0.1,0.1,-1.5,0
26.234,-0.1,0.1,-1.49,0
26.244,-0.1,0.1,-1.49,0
26.254,-0.1,0.1,-1.49,0
26.264,-0.1,0.1,-1.49,0
26.274,-0.1,0.1,-1.49,0
26.284,-0.1,0.1,-1.49,0
26.294,-0.1,0.1,-1.49,0
26.304,-0.1,0.1,-1.49,0
26.314,-0.1,0.1,-1.49,0
26.324,-0.1,0.1,-1.48,0
26.334,-0.1,0.1,-1.48,0
26.344,-0.1,0.1,-1.48,0
26.355,-0.1,0.1,-1.48,0
26.365,-0.1,0.1,-1.48,0
26.375,-0.1,0.1,-1.48,0
26.385,-0.1,0.1,-1.48,0
26.395,-0.1,0.1,-1.48,0
26.405,-0.1,0.1,-1.48,0
26.415,-0.1,0.1,-1.47,0
26.425,-0.1,0.1,-1.47,0
26.435,-0.1,0.1,-1.47,0
26.445,-0.1,0.1,-1.47,0
26.455,-0.1,0.1,-1.47,0
26.465,-0.1,0.1,-1.47,0
26.475,-0.1,0.1,-1.47,0
26.485,-0.1,0.1,-1.47,0
26.495,-0.1,0.1,-1.47,0
26.505,-0.1,0.1,-1.46,0
26.515,-0.1,0.1,-1.46,0
26.525,-0.1,0.1,-1.46,0
26.535,-0.1,0.1,-1.46,0
26.545,-0.1,0.1,-1.46,0
26.555,-0.1,0.1,-1.46,0
26.565,-0.1,0.1,-1.46,0
26.575,-0.1,0.1,-1.46,0
26.585,-0.1,0.1,-1.46,0
26.595,-0.1,0.1,-1.45,0
26.605,-0.1,0.1,-1.45,0
26.615,-0.1,0.1,-1.45,0
26.625,-0.1,0.1,-1.45,0
26.635,-0.1,0.1,-1.45,0
26.645,-0.1,0.1,-1.45,0
26.655,-0.1,0.1,-1.45,0
26.665,-0.1,0.1,-1.45,0
26.675,-0.1,0.1,-1.45,0
26.685,-0.1,0.1,-1.45,0
26.696,-0.1,0.1,-1.45,0
26.706,-0.1,0.1,-1.45,0
26.716,-0.1,0.1,-1.44,0
26.726,-0.1,0.1,-1.44,0
26.736,-0.1,0.1,-1.44,0
26.746,-0.1,0.1,-1.44,0
26.756,-0.1,0.1,-1.44,0
26.766,-0.1,0.1,-1.44,0
26.776,-0.1,0.1,-1.44,0
26.786,-0.1,0.1,-1.44,0
26.796,-0.1,0.1,-1.44,0
26.806,-0.1,0.1,-1.43,0
26.816,-0.1,0.1,-1.43,0
26.826,-0.1,0.1,-1.43,0
26.836,-0.1,0.1,-1.43,0
26.846,-0.1,0.1,-1.43,0
26.856,-0.1,0.1,-1.43,0
26.867,-0.1,0.1,-1.43,0
26.877,-0.1,0.1,-1.43,0
26.887,-0.1,0.1,-1.43,0
26.897,-0.1,0.1,-1.42,0
26.907,-0.1,0.1,-1.42,0
26.917,-0.1,0.1,-1.42,0
26.927,-0.1,0.1,-1.42,0
26.937,-0.1,0.1,-1.42,0
26.947,-0.1,0.1,-1.42,0
26.957,-0.1,0.1,-1.42,0
26.967,-0.1,0.1,-1.42,0
26.977,-0.1,0.1,-1.42,0
26.987,-0.1,0.1,-1.41,0
26.997,-0.1,0.1,-1.41,0
27.007,-0.1,0.1,-1.41,0
27.017,-0.1,0.1,-1.41,0
27.027,-0.1,0.1,-1.41,0
27.037,-0.1,0.1,-1.41,0
27.047,-0.1,0.1,-1.41,0
27.057,-0.1,0.1,-1.41,0
27.067,-0.1,0.1,-1.41,0
27.077,-0.1,0.1,-1.4,0
27.087,-0.1,0.1,-1.4,0
27.097,-0.1,0.1,-1.4,0
27.107,-0.1,0.1,-1.4,0
27.117,-0.1,0.1,-1.4,0
27.127,-0.1,0.1,-1.4,0
27.137,-0.1,0.1,-1.4,0
27.147,-0.1,0.1,-1.4,0
27.157,-0.1,0.1,-1.4,0
27.167,-0.1,0.1,-1.39,0
27.177,-0.1,0.1,-1.39,0
27.187,-0.1,0.1,-1.39,0
27.197,-0.1,0.1,-1.39,0
27.208,-0.1,0.1,-1.39,0
27.218,-0.1,0.1,-1.39,0
27.228,-0.1,0.1,-1.39,0
27.238,-0.1,0.1,-1.39,0
27.248,-0.1,0.1,-1.39,0
27.258,-0.1,0.1,-1.39,0
27.268,-0.1,0.1,-1.39,0
27.278,-0.1,0.1,-1.39,0
27.288,-0.1,0.1,-1.38,0
27.298,-0.1,0.1,-1.38,0
27.308,-0.1,0.1,-1.38,0
27.318,-0.1,0.1,-1.38,0
27.328,-0.1,0.1,-1.38,0
27.338,-0.1,0.1,-1.38,0
27.348,-0.1,0.1,-1.38,0
27.358,-0.1,0.1,-1.38,0
27.368,-0.1,0.1,-1.38,0
27.379,-0.1,0.1,-1.37,0
27.389,-0.1,0.1,-1.37,0
27.399,-0.1,0.1,-1.37,0
27.409,-0.1,0.1,-1.37,0
27.419,-0.1,0.1,-1.37,0
27.429,-0.1,0.1,-1.37,0
27.439,-0.1,0.1,-1.37,0
27.449,-0.1,0.1,-1.37,0
27.459,-0.1,0.1,-1.36,0
27.469,-0.1,0.1,-1.36,0
27.479,-0.1,0.1,-1.36,0
27.489,-0.1,0.1,-1.36,0
27.499,-0.1,0.1,-1.36,0
27.509,-0.1,0.1,-1.36,0
27.519,-0.1,0.1,-1.36,0
27.529,-0.1,0.1,-1.36,0
27.539,-0.1,0.1,-1.36,0
27.549,-0.1,0.1,-1.35,0
27.559,-0.1,0.1,-1.35,0
27.569,-0.1,0.1,-1.35,0
27.579,-0.1,0.1,-1.35,0
27.589,-0.1,0.1,-1.35,0
27.599,-0.1,0.1,-1.35,0
27.609,-0.1,0.1,-1.35,0
27.619,-0.1,0.1,-1.35,0
27.629,-0.1,0.1,-1.35,0
27.639,-0.1,0.1,-1.34,0
27.649,-0.1,0.1,-1.34,0
27.659,-0.1,0.1,-1.34,0
27.669,-0.1,0.1,-1.34,0
27.679,-0.1,0.1,-1.34,0
27.689,-0.1,0.1,-1.34,0
27.699,-0.1,0.1,-1.34,0
27.709,-0.1,0.1,-1.34,0
27.72,-0.1,0.1,-1.34,0
27.73,-0.1,0.1,-1.33,0
27.74,-0.1,0.1,-1.33,0
27.75,-0.1,0.1,-1.33,0
27.76,-0.1,0.1,-1.33,0
27.77,-0.1,0.1,-1.33,0
27.78,-0.1,0.1,-1.33,0
27.79,-0.1,0.1,-1.33,0
27.8,-0.1,0.1,-1.33,0
27.81,-0.1,0.1,-1.33,0
27.82,-0.1,0.1,-1.33,0
27.83,-0.1,0.1,-1.33,0
27.84,-0.1,0.1,-1.33,0
27.85,-0.1,0.1,-1.32,0
27.86,-0.1,0.1,-1.32,0
27.87,-0.1,0.1,-1.32,0
27.88,-0.1,0.1,-1.32,0
27.891,-0.1,0.1,-1.32,0
27.901,-0.1,0.1,-1.32,0
27.911,-0.1,0.1,-1.32,0
27.921,-0.1,0.1,-1.32,0
27.931,-0.1,0.1,-1.32,0
27.941,-0.1,0.1,-1.31,0
27.951,-0.1,0.1,-1.31,0
27.961,-0.1,0.1,-1.31,0
27.971,-0.1,0.1,-1.31,0
27.981,-0.1,0.1,-1.31,0
27.991,-0.1,0.1,-1.31,0
28.001,-0.1,0.1,-1.31,0
28.011,-0.1,0.1,-1.31,0
28.021,-0.1,0.1,-1.31,0
28.031,-0.1,0.1,-1.3,0
28.041,-0.1,0.1,-1.3,0
28.051,-0.1,0.1,-1.3,0
28.061,-0.1,0.1,-1.3,0
28.071,-0.1,0.1,-1.3,0
28.081,-0.1,0.1,-1.3,0
28.091,-0.1,0.1,-1.3,0
28.101,-0.1,0.1,-1.3,0
28.111,-0.1,0.1,-1.3,0
28.121,-0.1,0.1,-1.29,0
28.131,-0.1,0.1,-1.29,0
28.141,-0.1,0.1,-1.29,0
28.151,-0.1,0.1,-1.29,0
28.161,-0.1,0.1,-1.29,0
28.171,-0.1,0.1,-1.29,0
28.181,-0.1,0.1,-1.29,0
28.191,-0.1,0.1,-1.29,0
28.201,-0.1,0.1,-1.29,0
28.211,-0.1,0.1,-1.28,0
28.221,-0.1,0.1,-1.28,0
28.232,-0.1,0.1,-1.28,0
28.242,-0.1,0.1,-1.28,0
28.252,-0.1,0.1,-1.28,0
28.262,-0.1,0.1,-1.28,0
28.272,-0.1,0.1,-1.28,0
28.282,-0.1,0.1,-1.28,0
28.292,-0.1,0.1,-1.28,0
28.302,-0.1,0.1,-1.28,0
28.312,-0.1,0.1,-1.28,0
28.322,-0.1,0.1,-1.28,0
28.332,-0.1,0.1,-1.27,0
28.342,-0.1,0.1,-1.27,0
28.352,-0.1,0.1,-1.27,0
28.362,-0.1,0.1,-1.27,0
28.372,-0.1,0.1,-1.27,0
28.382,-0.1,0.1,-1.27,0
28.392,-0.1,0.1,-1.27,0
28.403,-0.1,0.1,-1.27,0
28.413,-0.1,0.1,-1.27,0
28.423,-0.1,0.1,-1.26,0
28.433,-0.1,0.1,-1.26,0
28.443,-0.1,0.1,-1.26,0
28.453,-0.1,0.1,-1.26,0
28.463,-0.1,0.1,-1.26,0
28.473,-0.1,0.1,-1.26,0
28.483,-0.1,0.1,-1.26,0
28.493,-0.1,0.1,-1.26,0
28.503,-0.1,0.1,-1.26,0
28.513,-0.1,0.1,-1.25,0
28.523,-0.1,0.1,-1.25,0
28.533,-0.1,0.1,-1.25,0
28.543,-0.1,0.1,-1.25,0
28.553,-0.1,0.1,-1.25,0
28.563,-0.1,0.1,-1.25,0
28.573,-0.1,0.1,-1.25,0
28.583,-0.1,0.1,-1.25,0
28.593,-0.1,0.1,-1.25,0
28.603,-0.1,0.1,-1.24,0
28.613,-0.1,0.1,-1.24,0
28.623,-0.1,0.1,-1.24,0
28.633,-0.1,0.1,-1.24,0
28.643,-0.1,0.1,-1.24,0
28.653,-0.1,0.1,-1.24,0
28.663,-0.1,0.1,-1.24,0
28.673,-0.1,0.1,-1.24,0
28.683,-0.1,0.1,-1.24,0
28.693,-0.1,0.1,-1.23,0
28.703,-0.1,0.1,-1.23,0
28.713,-0.1,0.1,-1.23,0
28.723,-0.1,0.1,-1.23,0
28.733,-0.1,0.1,-1.23,0
28.744,-0.1,0.1,-1.23,0
28.754,-0.1,0.1,-1.23,0
28.764,-0.1,0.1,-1.23,0
28.774,-0.1,0.1,-1.23,0
28.784,-0.1,0.1,-1.22,0
28.794,-0.1,0.1,-1.22,0
28.804,-0.1,0.1,-1.22,0
28.814,-0.1,0.1,-1.22,0
28.824,-0.1,0.1,-1.22,0
28.834,-0.1,0.1,-1.22,0
28.844,-0.1,0.1,-1.22,0
28.854,-0.1,0.1,-1.22,0
28.864,-0.1,0.1,-1.22,0
28.874,-0.1,0.1,-1.22,0
28.884,-0.1,0.1,-1.22,0
28.894,-0.1,0.1,-1.22,0
28.904,-0.1,0.1,-1.21,0
28.915,-0.1,0.1,-1.21,0
28.925,-0.1,0.1,-1.21,0
28.935,-0.1,0.1,-1.21,0
28.945,-0.1,0.1,-1.21,0
28.955,-0.1,0.1,-1.21,0
28.965,-0.1,0.1,-1.21,0
28.975,-0.1,0.1,-1.21,0
28.985,-0.1,0.1,-1.21,0
28.995,-0.1,0.1,-1.2,0
29.005,-0.1,0.1,-1.2,0
29.015,-0.1,0.1,-1.2,0
29.025,-0.1,0.1,-1.2,0
29.035,-0.1,0.1,-1.2,0
29.045,-0.1,0.1,-1.2,0
29.055,-0.1,0.1,-1.2,0
29.065,-0.1,0.1,-1.2,0
29.075,-0.1,0.1,-1.2,0
29.085,-0.1,0.1,-1.19,0
29.095,-0.1,0.1,-1.19,0
29.105,-0.1,0.1,-1.19,0
29.115,-0.1,0.1,-1.19,0
29.125,-0.1,0.1,-1.19,0
29.135,-0.1,0.1,-1.19,0
29.145,-0.1,0.1,-1.19,0
29.155,-0.1,0.1,-1.19,0
29.165,-0.1,0.1,-1.19,0
29.175,-0.1,0.1,-1.18,0
29.185,-0.1,0.1,-1.18,0
29.195,-0.1,0.1,-1.18,0
29.205,-0.1,0.1,-1.18,0
29.215,-0.1,0.1,-1.18,0
29.225,-0.1,0.1,-1.18,0
29.235,-0.1,0.1,-1.18,0
29.245,-0.1,0.1,-1.18,0
29.256,-0.1,0.1,-1.18,0
29.266,-0.1,0.1,-1.17,0
29.276,-0.1,0.1,-1.17,0
29.286,-0.1,0.1,-1.17,0
29.296,-0.1,0.1,-1.17,0
29.306,-0.1,0.1,-1.17,0
29.316,-0.1,0.1,-1.17,0
29.326,-0.1,0.1,-1.17,0
29.336,-0.1,0.1,-1.17,0
29.346,-0.1,0.1,-1.17,0
29.356,-0.1,0.1,-1.16,0
29.366,-0.1,0.1,-1.16,0
29.376,-0.1,0.1,-1.16,0
29.386,-0.1,0.1,-1.16,0
29.396,-0.1,0.1,-1.16,0
29.406,-0.1,0.1,-1.16,0
29.416,-0.1,0.1,-1.16,0
29.427,-0.1,0.1,-1.16,0
29.437,-0.1,0.1,-1.16,0
29.447,-0.1,0.1,-1.16,0
29.457,-0.1,0.1,-1.16,0
29.467,-0.1,0.1,-1.16,0
29.477,-0.1,0.1,-1.15,0
29.487,-0.1,0.1,-1.15,0
29.497,-0.1,0.1,-1.15,0
29.507,-0.1,0.1,-1.15,0
29.517,-0.1,0.1,-1.15,0
29.527,-0.1,0.1,-1.15,0
29.537,-0.1,0.1,-1.15,0
29.547,-0.1,0.1,-1.15,0
29.557,-0.1,0.1,-1.15,0
29.567,-0.1,0.1,-1.14,0
29.577,-0.1,0.1,-1.14,0
29.587,-0.1,0.1,-1.14,0
29.597,-0.1,0.1,-1.14,0
29.607,-0.1,0.1,-1.14,0
29.617,-0.1,0.1,-1.14,0
29.627,-0.1,0.1,-1.14,0
29.637,-0.1,0.1,-1.14,0
29.647,-0.1,0.1,-1.14,0
29.657,-0.1,0.1,-1.13,0
29.667,-0.1,0.1,-1.13,0
29.677,-0.1,0.1,-1.13,0
29.687,-0.1,0.1,-1.13,0
29.697,-0.1,0.1,-1.13,0
29.707,-0.1,0.1,-1.13,0
29.717,-0.1,0.1,-1.13,0
29.727,-0.1,0.1,-1.13,0
29.737,-0.1,0.1,-1.13,0
29.747,-0.1,0.1,-1.12,0
29.757,-0.1,0.1,-1.12,0
29.768,-0.1,0.1,-1.12,0
29.778,-0.1,0.1,-1.12,0
29.788,-0.1,0.1,-1.12,0
29.798,-0.1,0.1,-1.12,0
29.808,-0.1,0.1,-1.12,0
29.818,-0.1,0.1,-1.12,0
29.828,-0.1,0.1,-1.12,0
29.838,-0.1,0.1,-1.11,0
29.848,-0.1,0.1,-1.11,0
29.858,-0.1,0.1,-1.11,0
29.868,-0.1,0.1,-1.11,0
29.878,-0.1,0.1,-1.11,0
29.888,-0.1,0.1,-1.11,0
29.898,-0.1,0.1,-1.11,0
29.908,-0.1,0.1,-1.11,0
29.918,-0.1,0.1,-1.11,0
29.928,-0.1,0.1,-1.1,0
29.939,-0.1,0.1,-1.1,0
29.949,-0.1,0.1,-1.1,0
29.959,-0.1,0.1,-1.1,0
29.969,-0.1,0.1,-1.1,0
29.979,-0.1,0.1,-1.1,0
29.989,-0.1,0.1,-1.1,0
29.999,-0.1,0.1,-1.1,0
30.009,-0.1,0.1,-1.1,0
30.019,-0.1,0.1,-1.1,0
30.029,-0.1,0.1,-1.1,0
30.039,-0.1,0.1,-1.1,0
30.049,-0.1,0.1,-1.09,0
30.059,-0.1,0.1,-1.09,0
30.069,-0.1,0.1,-1.09,0
30.079,-0.1,0.1,-1.09,0
30.089,-0.1,0.1,-1.09,0
30.099,-0.1,0.1,-1.09,0
30.109,-0.1,0.1,-1.09,0
30.119,-0.1,0.1,-1.09,0
30.129,-0.1,0.1,-1.09,0
30.139,-0.1,0.1,-1.08,0
30.149,-0.1,0.1,-1.08,0
30.159,-0.1,0.1,-1.08,0
30.169,-0.1,0.1,-1.08,0
30.179,-0.1,0.1,-1.08,0
30.189,-0.1,0.1,-1.08,0
30.199,-0.1,0.1,-1.08,0
30.209,-0.1,0.1,-1.08,0
30.219,-0.1,0.1,-1.08,0
30.229,-0.1,0.1,-1.07,0
30.239,-0.1,0.1,-1.07,0
30.249,-0.1,0.1,-1.07,0
30.259,-0.1,0.1,-1.07,0
30.269,-0.1,0.1,-1.07,0
30.28,-0.1,0.1,-1.07,0
30.29,-0.1,0.1,-1.07,0
30.3,-0.1,0.1,-1.07,0
30.31,-0.1,0.1,-1.07,0
30.32,-0.1,0.1,-1.06,0
30.33,-0.1,0.1,-1.06,0
30.34,-0.1,0.1,-1.06,0
30.35,-0.1,0.1,-1.06,0
30.36,-0.1,0.1,-1.06,0
30.37,-0.1,0.1,-1.06,0
30.38,-0.1,0.1,-1.06,0
30.39,-0.1,0.1,-1.06,0
30.4,-0.1,0.1,-1.06,0
30.41,-0.1,0.1,-1.05,0
30.42,-0.1,0.1,-1.05,0
30.43,-0.1,0.1,-1.05,0
30.44,-0.1,0.1,-1.05,0
30.451,-0.1,0.1,-1.05,0
30.461,-0.1,0.1,-1.05,0
30.471,-0.1,0.1,-1.05,0
30.481,-0.1,0.1,-1.05,0
30.491,-0.1,0.1,-1.05,0
30.501,-0.1,0.1,-1.04,0
30.511,-0.1,0.1,-1.04,0
30.521,-0.1,0.1,-1.04,0
30.531,-0.1,0.1,-1.04,0
30.541,-0.1,0.1,-1.04,0
30.551,-0.1,0.1,-1.04,0
30.561,-0.1,0.1,-1.04,0
30.571,-0.1,0.1,-1.04,0
30.581,-0.1,0.1,-1.04,0
30.591,-0.1,0.1,-1.04,0
30.601,-0.1,0.1,-1.04,0
30.611,-0.1,0.1,-1.04,0
30.621,-0.1,0.1,-1.03,0
30.631,-0.1,0.1,-1.03,0
30.641,-0.1,0.1,-1.03,0
30.651,-0.1,0.1,-1.03,0
30.661,-0.1,0.1,-1.03,0
30.671,-0.1,0.1,-1.03,0
30.681,-0.1,0.1,-1.03,0
30.691,-0.1,0.1,-1.03,0
30.701,-0.1,0.1,-1.03,0
30.711,-0.1,0.1,-1.02,0
30.721,-0.1,0.1,-1.02,0
30.731,-0.1,0.1,-1.02,0
30.741,-0.1,0.1,-1.02,0
30.751,-0.1,0.1,-1.02,0
30.761,-0.1,0.1,-1.02,0
30.771,-0.1,0.1,-1.02,0
30.781,-0.1,0.1,-1.02,0
30.792,-0.1,0.1,-1.02,0
30.802,-0.1,0.1,-1.01,0
30.812,-0.1,0.1,-1.01,0
30.822,-0.1,0.1,-1.01,0
30.832,-0.1,0.1,-1.01,0
30.842,-0.1,0.1,-1.01,0
30.852,-0.1,0.1,-1.01,0
30.862,-0.1,0.1,-1.01,0
30.872,-0.1,0.1,-1.01,0
30.882,-0.1,0.1,-1.01,0
30.892,-0.1,0.1,-1,0
30.902,-0.1,0.1,-1,0
30.912,-0.1,0.1,-1,0
30.922,-0.1,0.1,-1,0
30.932,-0.1,0.1,-1,0
30.942,-0.1,0.1,-1,0
30.952,-0.1,0.1,-1,0
30.963,-0.1,0.1,-1,0
30.973,-0.1,0.1,-0.99,0
30.983,-0.1,0.1,-0.99,0
30.993,-0.1,0.1,-0.99,0
31.003,-0.1,0.1,-0.99,0
31.013,-0.1,0.1,-0.99,0
31.023,-0.1,0.1,-0.99,0
31.033,-0.1,0.1,-0.99,0
31.043,-0.1,0.1,-0.99,0
31.053,-0.1,0.1,-0.99,0
31.063,-0.1,0.1,-0.99,0
31.073,-0.1,0.1,-0.98,0
31.083,-0.1,0.1,-0.98,0
31.093,-0.1,0.1,-0.98,0
31.103,-0.1,0.1,-0.98,0
31.113,-0.1,0.1,-0.98,0
31.123,-0.1,0.1,-0.98,0
31.133,-0.1,0.1,-0.98,0
31.143,-0.1,0.1,-0.98,0
31.153,-0.1,0.1,-0.98,0
31.163,-0.1,0.1,-0.98,0
31.173,-0.1,0.1,-0.98,0
31.183,-0.1,0.1,-0.98,0
31.193,-0.1,0.1,-0.97,0
31.203,-0.1,0.1,-0.97,0
31.213,-0.1,0.1,-0.97,0
31.223,-0.1,0.1,-0.97,0
31.233,-0.1,0.1,-0.97,0
31.243,-0.1,0.1,-0.97,0
31.253,-0.1,0.1,-0.97,0
31.263,-0.1,0.1,-0.97,0
31.273,-0.1,0.1,-0.97,0
31.283,-0.1,0.1,-0.96,0
31.293,-0.1,0.1,-0.96,0
31.304,-0.1,0.1,-0.96,0
31.314,-0.1,0.1,-0.96,0
31.324,-0.1,0.1,-0.96,0
31.334,-0.1,0.1,-0.96,0
31.344,-0.1,0.1,-0.96,0
31.354,-0.1,0.1,-0.96,0
31.364,-0.1,0.1,-0.96,0
31.374,-0.1,0.1,-0.95,0
31.384,-0.1,0.1,-0.95,0
31.394,-0.1,0.1,-0.95,0
31.404,-0.1,0.1,-0.95,0
31.414,-0.1,0.1,-0.95,0
31.424,-0.1,0.1,-0.95,0
31.434,-0.1,0.1,-0.95,0
31.444,-0.1,0.1,-0.95,0
31.454,-0.1,0.1,-0.95,0
31.464,-0.1,0.1,-0.94,0
31.475,-0.1,0.1,-0.94,0
31.485,-0.1,0.1,-0.94,0
31.495,-0.1,0.1,-0.94,0
31.505,-0.1,0.1,-0.94,0
31.515,-0.1,0.1,-0.94,0
31.525,-0.1,0.1,-0.94,0
31.535,-0.1,0.1,-0.94,0
31.545,-0.1,0.1,-0.94,0
31.555,-0.1,0.1,-0.93,0
31.565,-0.1,0.1,-0.93,0
31.575,-0.1,0.1,-0.93,0
31.585,-0.1,0.1,-0.93,0
31.595,-0.1,0.1,-0.93,0
31.605,-0.1,0.1,-0.93,0
31.615,-0.1,0.1,-0.93,0
31.625,-0.1,0.1,-0.93,0
31.635,-0.1,0.1,-0.93,0
31.645,-0.1,0.1,-0.92,0
31.655,-0.1,0.1,-0.92,0
31.665,-0.1,0.1,-0.92,0
31.675,-0.1,0.1,-0.92,0
31.685,-0.1,0.1,-0.92,0
31.695,-0.1,0.1,-0.92,0
31.705,-0.1,0.1,-0.92,0
31.715,-0.1,0.1,-0.92,0
31.725,-0.1,0.1,-0.92,0
31.735,-0.1,0.1,-0.92,0
31.745,-0.1,0.1,-0.92,0
31.755,-0.1,0.1,-0.92,0
31.765,-0.1,0.1,-0.91,0
31.775,-0.1,0.1,-0.91,0
31.785,-0.1,0.1,-0.91,0
31.795,-0.1,0.1,-0.91,0
31.805,-0.1,0.1,-0.91,0
31.816,-0.1,0.1,-0.91,0
31.826,-0.1,0.1,-0.91,0
31.836,-0.1,0.1,-0.91,0
31.846,-0.1,0.1,-0.91,0
31.856,-0.1,0.1,-0.9,0
31.866,-0.1,0.1,-0.9,0
31.876,-0.1,0.1,-0.9,0
31.886,-0.1,0.1,-0.9,0
31.896,-0.1,0.1,-0.9,0
31.906,-0.1,0.1,-0.9,0
31.916,-0.1,0.1,-0.9,0
31.926,-0.1,0.1,-0.9,0
31.936,-0.1,0.1,-0.9,0
31.946,-0.1,0.1,-0.89,0
31.956,-0.1,0.1,-0.89,0
31.966,-0.1,0.1,-0.89,0
31.976,-0.1,0.1,-0.89,0
31.987,-0.1,0.1,-0.89,0
31.997,-0.1,0.1,-0.89,0
32.007,-0.1,0.1,-0.89,0
32.017,-0.1,0.1,-0.89,0
32.027,-0.1,0.1,-0.89,0
32.037,-0.1,0.1,-0.88,0
32.047,-0.1,0.1,-0.88,0
32.048,-0.1,0,0,1
32.069,-0.1,0,0,0
32.079,-0.1,0,0,0
32.089,-0.1,0,0,0
32.099,-0.1,0.1,0,0
32.109,-0.1,0.1,0,0
32.119,-0.1,0.1,0,0
32.129,-0.1,0.1,0,0
32.139,-0.1,0.1,0,0
32.149,-0.1,0.1,0,0
32.159,-0.1,0.1,0.01,0
32.169,-0.1,0.1,0.01,0
32.179,-0.1,0.1,0.01,0
32.189,-0.1,0.1,0.01,0
32.2,-0.1,0.1,0.01,0
32.21,-0.1,0.1,0.01,0
32.22,-0.1,0.1,0.01,0
32.23,-0.1,0.1,0.01,0
32.24,-0.1,0.1,0.01,0
32.25,-0.1,0.1,0.02,0
32.26,-0.1,0.1,0.02,0
32.27,-0.1,0.1,0.02,0
32.28,-0.1,0.1,0.02,0
32.29,-0.1,0.1,0.02,0
32.3,-0.1,0.1,0.02,0
32.31,-0.1,0.1,0.02,0
32.32,-0.1,0.1,0.02,0
32.33,-0.1,0.1,0.02,0
32.34,-0.1,0.1,0.03,0
32.35,-0.1,0.1,0.03,0
32.36,-0.1,0.1,0.03,0
32.371,-0.1,0.1,0.03,0
32.381,-0.1,0.1,0.03,0
32.391,-0.1,0.1,0.03,0
32.401,-0.1,0.1,0.03,0
32.411,-0.1,0.1,0.03,0
32.421,0.08,0.1,0.03,0
32.431,0.08,-0.08,0.03,0
32.441,0.08,-0.08,0.03,0
32.451,0.08,-0.08,0.03,0
32.461,-0.1,-0.08,0.03,0
32.471,0.08,-0.08,0.03,0
32.481,0.08,-0.08,0.03,0
32.491,0.08,-0.08,0.03,0
32.501,0.08,-0.08,0.03,0
32.511,0.08,-0.08,0.03,0
32.521,0.08,-0.08,0.03,0
32.531,0.08,-0.08,0.03,0
32.541,0.08,-0.08,0.03,0
32.551,0.08,-0.08,0.02,0
32.561,0.08,-0.08,0.02,0
32.571,0.08,-0.08,0.02,0
32.581,0.08,-0.08,0.02,0
32.591,0.08,-0.08,0.02,0
32.601,-0.1,-0.08,0.02,0
32.611,0.08,0.1,0.02,0
32.621,0.08,0.1,0.02,0
32.631,0.08,0.1,0.02,0
32.641,0.08,-0.08,0.02,0
32.651,0.08,-0.08,0.02,0
32.661,0.08,-0.08,0.02,0
32.671,0.08,-0.08,0.02,0
32.681,0.08,-0.08,0.02,0
32.691,-0.1,-0.08,0.02,0
32.701,0.08,0.1,0.02,0
32.712,0.08,0.1,0.02,0
32.722,0.08,0.1,0.02,0
32.732,0.08,-0.08,0.02,0
32.742,-0.1,-0.08,0.02,0
32.752,-0.1,-0.08,0.02,0
32.762,0.08,0.1,0.02,0
32.772,0.08,0.1,0.02,0
32.782,0.08,0.1,0.02,0
32.792,0.08,-0.08,0.02,0
32.802,-0.1,-0.08,0.02,0
32.812,-0.1,-0.08,0.02,0
32.822,0.08,0.1,0.02,0
32.832,0.08,0.1,0.02,0
32.842,0.08,0.1,0.02,0
32.852,-0.1,-0.08,0.02,0
32.862,0.08,-0.08,0.02,0
32.872,0.08,-0.08,0.02,0
32.883,0.08,-0.08,0.02,0
32.893,0.08,-0.08,0.02,0
32.903,-0.1,-0.08,0.02,0
32.913,0.08,0.1,0.02,0
32.923,0.08,0.1,0.02,0
32.933,0.08,0.1,0.02,0
32.943,-0.1,-0.08,0.02,0
32.953,0.08,-0.08,0.02,0
32.963,0.08,-0.08,0.02,0
32.973,0.08,-0.08,0.02,0
32.983,-0.1,-0.08,0.02,0
32.993,-0.1,-0.08,0.02,0
33.003,0.08,0.1,0.02,0
33.013,0.08,0.1,0.02,0
33.023,-0.1,0.1,0.02,0
33.033,-0.1,0.1,0.02,0
33.043,-0.1,0.1,0.02,0
33.053,0.08,0.1,0.02,0
33.063,0.08,-0.08,0.02,0
33.073,0.08,-0.08,0.02,0
33.083,0.08,-0.08,0.02,0
33.093,0.08,-0.08,0.02,0
33.103,-0.1,-0.08,0.02,0
33.113,0.08,-0.08,0.02,0
33.123,0.08,9.72,0.16,0
33.133,0.08,9.72,0.16,0
33.143,0.08,9.72,0.16,0
33.153,2.09,17.42,0.57,0
33.163,4.66,17.42,0.57,0
33.173,6.68,17.42,0.57,0
33.183,8.33,10.82,1,0
33.193,9.79,10.82,1,0
33.203,11.08,10.82,1,0
33.213,12.36,6.42,1.25,0
33.224,13.27,6.42,1.25,0
33.234,14.19,6.42,1.25,0
33.244,14.92,3.31,1.4,0
33.254,15.66,3.31,1.4,0
33.264,16.21,3.31,1.4,0
33.274,16.76,1.29,1.47,0
33.284,17.31,1.29,1.47,0
33.294,17.86,1.29,1.47,0
33.304,18.22,-0.36,1.48,0
33.314,18.59,-0.36,1.48,0
33.324,18.96,-0.36,1.48,0
33.334,19.14,-1.46,1.46,0
33.344,19.32,-1.46,1.46,0
33.354,19.51,-1.46,1.46,0
33.364,19.69,-2.01,1.4,0
33.374,19.69,-2.01,1.4,0
33.384,19.87,-2.01,1.4,0
33.395,19.87,-2.37,1.34,0
33.405,20.06,-2.37,1.34,0
33.415,20.06,-2.37,1.34,0
33.425,20.42,-2.56,1.26,0
33.435,20.24,-2.56,1.26,0
33.445,20.24,-2.56,1.26,0
33.455,20.24,-2.74,1.19,0
33.465,20.42,-2.74,1.19,0
33.475,20.42,-2.74,1.19,0
33.485,20.42,-2.92,1.1,0
33.495,20.24,-2.92,1.1,0
33.505,20.24,-2.92,1.1,0
33.515,20.24,-2.74,1.01,0
33.525,19.87,-2.74,1.01,0
33.535,19.87,-2.74,1.01,0
33.545,19.69,-2.37,0.94,0
33.555,19.69,-2.37,0.94,0
33.565,19.51,-2.37,0.94,0
33.575,19.51,-2.01,0.87,0
33.585,19.51,-2.01,0.87,0
33.595,19.51,-2.01,0.87,0
33.605,19.51,-2.01,0.81,0
33.615,19.51,-2.01,0.81,0
33.625,19.51,-2.01,0.81,0
33.635,19.32,-2.01,0.75,0
33.645,19.32,-2.01,0.75,0
33.655,19.32,-2.01,0.75,0
33.665,19.14,-1.82,0.69,0
33.675,19.14,-1.82,0.69,0
33.685,18.96,-1.82,0.69,0
33.695,18.96,-1.46,0.64,0
33.705,18.96,-1.46,0.64,0
33.715,18.77,-1.46,0.64,0
33.725,18.77,-1.27,0.6,0
33.736,18.77,-1.27,0.6,0
33.746,18.77,-1.27,0.6,0
33.756,18.77,-1.27,0.56,0
33.766,18.77,-1.27,0.56,0
33.776,18.77,-1.27,0.56,0
33.786,18.77,-1.27,0.53,0
33.796,18.77,-1.27,0.53,0
33.806,18.59,-1.27,0.53,0
33.816,18.59,-1.09,0.49,0
33.826,18.59,-1.09,0.49,0
33.836,18.59,-1.09,0.49,0
33.846,18.41,-1.09,0.46,0
33.856,18.41,-1.09,0.46,0
33.866,18.41,-1.09,0.46,0
33.876,18.41,-0.91,0.43,0
33.886,18.41,-0.91,0.43,0
33.896,18.41,-0.91,0.43,0
33.907,18.41,-0.91,0.4,0
33.917,18.41,-0.91,0.4,0
33.927,18.41,-0.91,0.4,0
33.937,18.41,-0.91,0.37,0
33.947,18.41,-0.91,0.37,0
33.957,18.22,-0.91,0.37,0
33.967,18.22,-0.72,0.35,0
33.977,18.22,-0.72,0.35,0
33.987,18.22,-0.72,0.35,0
33.997,18.22,-0.72,0.33,0
34.007,18.22,-0.72,0.33,0
34.017,18.04,-0.72,0.33,0
34.027,18.22,-0.54,0.31,0
34.037,18.22,-0.54,0.31,0
34.047,18.22,-0.54,0.31,0
34.057,18.22,-0.72,0.29,0
34.067,18.22,-0.72,0.29,0
34.077,18.22,-0.72,0.29,0
34.087,18.22,-0.72,0.27,0
34.097,18.22,-0.72,0.27,0
34.107,18.04,-0.72,0.27,0
34.117,18.04,-0.54,0.25,0
34.127,18.04,-0.54,0.25,0
34.137,18.04,-0.54,0.25,0
34.147,18.04,-0.54,0.23,0
34.157,18.04,-0.54,0.23,0
34.167,18.04,-0.54,0.23,0
34.177,18.04,-0.54,0.22,0
34.187,18.04,-0.54,0.22,0
34.197,18.04,-0.54,0.22,0
34.207,18.04,-0.54,0.2,0
34.217,18.04,-0.54,0.2,0
34.227,18.04,-0.54,0.2,0
34.237,18.04,-0.54,0.18,0
34.248,18.04,-0.54,0.18,0
34.258,17.86,-0.54,0.18,0
34.268,17.86,-0.36,0.17,0
34.278,17.86,-0.36,0.17,0
34.288,17.86,-0.36,0.17,0
34.298,17.86,-0.36,0.16,0
34.308,17.86,-0.36,0.16,0
34.318,17.86,-0.36,0.16,0
34.328,17.86,-0.36,0.15,0
34.338,17.86,-0.36,0.15,0
34.348,17.86,-0.36,0.15,0
34.358,17.86,-0.36,0.14,0
34.368,17.86,-0.36,0.14,0
34.378,17.86,-0.36,0.14,0
34.388,17.86,-0.36,0.13,0
34.398,17.86,-0.36,0.13,0
34.408,17.67,-0.36,0.13,0
34.419,17.86,-0.17,0.12,0
34.429,17.67,-0.17,0.12,0
34.439,17.86,-0.17,0.12,0
34.449,17.67,-0.36,0.11,0
34.459,17.86,-0.36,0.11,0
34.469,17.86,-0.36,0.11,0
34.479,17.67,-0.36,0.1,0
34.489,17.67,-0.36,0.1,0
34.499,17.67,-0.36,0.1,0
34.509,17.67,-0.17,0.09,0
34.519,17.67,-0.17,0.09,0
34.529,17.67,-0.17,0.09,0
34.539,17.67,-0.17,0.09,0
34.549,17.67,-0.17,0.09,0
34.559,17.67,-0.17,0.09,0
34.569,17.67,-0.17,0.08,0
34.579,17.67,-0.17,0.08,0
34.589,17.67,-0.17,0.08,0
34.599,17.67,-0.17,0.08,0
34.609,17.49,-0.17,0.08,0
34.619,17.67,-0.17,0.08,0
34.629,17.67,-0.17,0.07,0
34.639,17.67,-0.17,0.07,0
34.649,17.67,-0.17,0.07,0
34.659,17.67,-0.17,0.07,0
34.669,17.67,-0.17,0.07,0
34.679,17.49,-0.17,0.07,0
34.689,17.49,0.01,0.06,0
34.699,17.49,0.01,0.06,0
34.709,17.49,0.01,0.06,0
34.719,17.49,0.01,0.06,0
34.729,17.49,0.01,0.06,0
34.739,17.49,0.01,0.06,0
34.749,17.49,0.01,0.06,0
34.76,17.49,0.01,0.06,0
34.77,17.49,0.01,0.06,0
34.78,17.49,0.01,0.06,0
34.79,17.49,0.01,0.06,0
34.8,17.49,0.01,0.06,0
34.81,17.49,0.01,0.07,0
34.82,17.49,0.01,0.07,0
34.83,17.49,0.01,0.07,0
34.84,17.49,0.01,0.07,0
34.85,17.31,0.01,0.07,0
34.86,17.31,0.01,0.07,0
34.87,17.31,0.19,0.07,0
34.88,17.31,0.19,0.07,0
34.89,17.31,0.19,0.07,0
34.9,17.31,0.19,0.07,0
34.91,17.31,0.19,0.07,0
34.92,17.31,0.19,0.07,0
34.931,17.31,0.19,0.08,0
34.941,17.31,0.19,0.08,0
34.951,17.31,0.19,0.08,0
34.961,17.31,0.19,0.09,0
34.971,17.31,0.19,0.09,0
34.981,17.31,0.19,0.09,0
34.991,17.31,0.19,0.09,0
35.001,17.31,0.19,0.09,0
35.011,17.31,0.19,0.09,0
35.021,17.31,0.19,0.1,0
35.031,17.31,0.19,0.1,0
35.041,17.31,0.19,0.1,0
35.051,17.31,0.19,0.1,0
35.061,17.31,0.19,0.1,0
35.071,17.31,0.19,0.1,0
35.081,17.31,0.19,0.11,0
35.091,17.31,0.19,0.11,0
35.101,17.31,0.19,0.11,0
35.111,17.12,0.19,0.12,0
35.121,17.31,0.19,0.12,0
35.131,17.12,0.19,0.12,0
35.141,17.12,0.38,0.12,0
35.151,17.12,0.38,0.12,0
35.161,17.12,0.38,0.12,0
35.171,17.12,0.38,0.13,0
35.181,17.12,0.38,0.13,0
35.191,17.12,0.38,0.13,0
35.201,17.12,0.38,0.15,0
35.211,17.12,0.38,0.15,0
35.221,17.12,0.38,0.15,0
35.231,17.12,0.38,0.16,0
35.241,17.12,0.38,0.16,0
35.251,17.12,0.38,0.16,0
35.261,17.12,0.38,0.17,0
35.272,17.12,0.38,0.17,0
35.282,17.12,0.38,0.17,0
35.292,17.12,0.38,0.18,0
35.302,17.12,0.38,0.18,0
35.312,17.12,0.38,0.18,0
35.322,17.12,0.38,0.19,0
35.332,17.12,0.38,0.19,0
35.342,17.12,0.38,0.19,0
35.352,17.12,0.38,0.2,0
35.362,17.12,0.38,0.2,0
35.372,17.12,0.38,0.2,0
35.382,16.94,0.38,0.21,0
35.392,16.94,0.38,0.21,0
35.402,16.94,0.38,0.21,0
35.412,16.94,0.56,0.23,0
35.422,16.94,0.56,0.23,0
35.432,16.94,0.56,0.23,0
35.443,16.94,0.56,0.25,0
35.453,16.94,0.56,0.25,0
35.463,16.94,0.56,0.25,0
35.473,16.94,0.56,0.26,0
35.483,16.94,0.56,0.26,0
35.493,16.94,0.56,0.26,0
35.503,16.94,0.56,0.28,0
35.513,16.94,0.56,0.28,0
35.523,16.94,0.56,0.28,0
35.533,16.94,0.56,0.3,0
35.543,16.94,0.56,0.3,0
35.553,16.94,0.56,0.3,0
35.563,16.94,0.56,0.31,0
35.573,16.94,0.56,0.31,0
35.583,16.94,0.56,0.31,0
35.593,16.94,0.56,0.33,0
35.603,16.94,0.56,0.33,0
35.613,16.94,0.56,0.33,0
35.623,16.94,0.56,0.35,0
35.633,16.76,0.56,0.35,0
35.643,16.76,0.56,0.35,0
35.653,16.76,0.74,0.37,0
35.663,16.94,0.74,0.37,0
35.673,16.76,0.74,0.37,0
35.683,16.76,0.74,0.39,0
35.693,16.76,0.74,0.39,0
35.703,16.76,0.74,0.39,0
35.713,16.76,0.74,0.41,0
35.723,16.76,0.74,0.41,0
35.733,16.76,0.74,0.41,0
35.743,16.76,0.74,0.43,0
35.753,16.76,0.74,0.43,0
35.763,16.76,0.74,0.43,0
35.773,16.76,0.74,0.45,0
35.784,16.76,0.74,0.45,0
35.794,16.94,0.74,0.48,0
35.804,16.94,0.74,0.48,0
35.814,17.12,0.74,0.48,0
35.824,17.12,0.74,0.48,0
35.834,17.12,0.38,0.49,0
35.844,17.12,0.38,0.49,0
35.854,17.12,0.38,0.49,0
35.864,17.12,0.38,0.51,0
35.874,17.12,0.38,0.51,0
35.884,16.94,0.38,0.51,0
35.894,17.12,0.56,0.52,0
35.904,17.12,0.56,0.52,0
35.914,17.12,0.56,0.52,0
35.924,17.12,0.38,0.53,0
35.934,17.12,0.38,0.53,0
35.944,16.94,0.38,0.53,0
35.955,17.12,0.56,0.55,0
35.965,17.12,0.56,0.55,0
35.975,17.12,0.38,0.56,0
35.985,17.12,0.38,0.56,0
35.995,17.12,0.38,0.56,0
36.005,17.12,0.38,0.57,0
36.015,17.12,0.38,0.57,0
36.025,17.12,0.38,0.57,0
36.035,16.94,0.38,0.57,0
36.045,17.12,0.56,0.59,0
36.055,17.12,0.56,0.59,0
36.065,17.12,0.56,0.59,0
36.075,17.12,0.38,0.6,0
36.085,17.12,0.38,0.6,0
36.095,17.12,0.38,0.6,0
36.105,17.12,0.38,0.61,0
36.115,17.12,0.38,0.61,0
36.125,17.12,0.38,0.61,0
36.135,17.12,0.38,0.62,0
36.145,17.12,0.38,0.62,0
36.155,17.12,0.38,0.62,0
36.165,17.12,0.38,0.64,0
36.175,17.12,0.38,0.64,0
36.185,17.12,0.38,0.64,0
36.195,17.12,0.38,0.65,0
36.205,17.12,0.38,0.65,0
36.215,17.12,0.38,0.65,0
36.225,17.12,0.38,0.66,0
36.235,17.31,0.38,0.66,0
36.245,17.12,0.38,0.66,0
36.255,17.31,0.38,0.67,0
36.265,17.31,0.38,0.67,0
36.275,17.31,0.38,0.67,0
36.285,17.31,0.19,0.68,0
36.296,17.31,0.19,0.68,0
36.306,17.31,0.19,0.68,0
36.316,17.31,0.19,0.68,0
36.326,17.31,0.19,0.68,0
36.336,17.31,0.19,0.68,0
36.346,17.31,0.19,0.69,0
36.356,17.31,0.19,0.69,0
36.366,17.31,0.19,0.69,0
36.376,17.31,0.19,0.7,0
36.386,17.31,0.19,0.7,0
36.396,17.31,0.19,0.7,0
36.406,17.31,0.19,0.7,0
36.416,17.12,0.19,0.7,0
36.426,17.31,0.19,0.7,0
36.436,17.12,0.19,0.71,0
36.446,17.31,0.19,0.71,0
36.456,17.31,0.19,0.71,0
36.467,17.12,0.19,0.71,0
36.477,17.31,0.19,0.71,0
36.487,17.12,0.19,0.71,0
36.497,17.31,0.38,0.72,0
36.507,17.31,0.38,0.72,0
36.517,17.31,0.38,0.72,0
36.527,17.49,0.19,0.73,0
36.537,17.49,0.19,0.73,0
36.547,17.49,0.19,0.73,0
36.557,17.49,0.01,0.73,0
36.567,17.49,0.01,0.73,0
36.577,17.31,0.01,0.73,0
36.587,17.49,0.19,0.74,0
36.597,17.49,0.19,0.74,0
36.607,17.49,0.19,0.74,0
36.617,17.49,0.01,0.74,0
36.627,17.49,0.01,0.74,0
36.637,17.49,0.01,0.74,0
36.647,17.49,0.01,0.74,0
36.657,17.49,0.01,0.74,0
36.667,17.49,0.01,0.74,0
36.677,17.31,0.01,0.74,0
36.687,17.31,0.01,0.74,0
36.697,17.31,0.01,0.74,0
36.707,17.31,0.19,0.74,0
36.717,17.31,0.19,0.74,0
36.727,17.31,0.19,0.74,0
36.737,17.49,0.19,0.75,0
36.747,17.49,0.19,0.75,0
36.757,17.49,0.19,0.75,0
36.767,17.49,0.01,0.75,0
36.777,17.49,0.01,0.75,0
36.787,17.49,0.01,0.75,0
36.797,17.49,0.01,0.75,0
36.808,17.49,0.01,0.75,0
36.818,17.49,0.01,0.75,0
36.828,17.49,0.01,0.75,0
36.838,17.49,0.01,0.75,0
36.848,17.49,0.01,0.75,0
36.858,17.31,0.01,0.75,0
36.868,17.31,0.01,0.75,0
36.878,17.49,0.01,0.75,0
36.888,17.49,0.01,0.75,0
36.898,17.49,0.01,0.75,0
36.908,17.31,0.01,0.75,0
36.918,17.31,0.19,0.76,0
36.928,17.49,0.19,0.76,0
36.938,17.49,0.19,0.76,0
36.948,17.31,0.01,0.76,0
36.958,17.49,0.01,0.76,0
36.968,17.49,0.01,0.76,0
36.979,17.49,0.01,0.76,0
36.989,17.49,0.01,0.76,0
36.999,17.49,0.01,0.76,0
37.009,17.31,0.01,0.76,0
37.019,17.31,0.01,0.76,0
37.029,17.49,0.19,0.76,0
37.039,17.49,0.19,0.76,0
37.049,17.49,0.19,0.76,0
37.059,17.49,0.19,0.76,0
37.069,17.49,0.01,0.77,0
37.079,17.49,0.01,0.77,0
37.089,17.49,0.01,0.77,0
37.099,17.49,0.01,0.77,0
37.109,17.49,0.01,0.77,0
37.119,17.49,0.01,0.77,0
37.129,17.49,0.01,0.77,0
37.139,17.49,0.01,0.77,0
37.149,17.49,0.01,0.77,0
37.159,17.49,0.01,0.77,0
37.169,17.49,0.01,0.77,0
37.179,17.49,0.01,0.77,0
37.189,17.49,0.01,0.77,0
37.199,17.49,0.01,0.77,0
37.209,17.49,0.01,0.77,0
37.219,17.49,0.01,0.77,0
37.229,17.49,0.01,0.77,0
37.239,17.49,0.01,0.77,0
37.249,17.49,0.01,0.77,0
37.259,17.49,0.01,0.77,0
37.269,17.49,0.01,0.77,0
37.279,17.49,0.01,0.77,0
37.289,17.49,0.01,0.77,0
37.299,17.49,0.01,0.77,0
37.309,17.49,0.01,0.77,0
37.32,17.49,0.01,0.77,0
37.33,17.49,0.01,0.77,0
37.34,17.49,0.01,0.77,0
37.35,17.49,0.01,0.77,0
37.36,17.49,0.01,0.77,0
37.37,17.49,0.01,0.77,0
37.38,17.49,0.01,0.77,0
37.39,17.49,0.01,0.77,0
37.4,17.49,0.01,0.77,0
37.41,17.49,0.01,0.77,0
37.42,17.49,0.01,0.77,0
37.43,17.49,0.01,0.77,0
37.44,17.49,0.01,0.77,0
37.45,17.49,0.01,0.77,0
37.46,17.49,0.01,0.77,0
37.47,17.49,0.01,0.77,0
37.48,17.49,0.01,0.77,0
37.491,17.49,0.01,0.77,0
37.501,17.49,0.01,0.77,0
37.511,17.49,0.01,0.77,0
37.521,17.49,0.01,0.77,0
37.531,17.49,0.01,0.77,0
37.541,17.49,0.01,0.77,0
37.551,17.49,0.01,0.77,0
37.561,17.49,0.01,0.77,0
37.571,17.49,0.01,0.77,0
37.581,17.49,0.01,0.77,0
37.591,17.49,0.01,0.77,0
37.601,17.49,0.01,0.77,0
37.611,17.49,0.01,0.77,0
37.621,17.49,0.01,0.77,0
37.631,17.49,0.01,0.77,0
37.641,17.49,0.01,0.77,0
37.651,17.49,0.01,0.77,0
37.661,17.49,0.01,0.77,0
37.671,17.49,0.01,0.77,0
37.681,17.49,0.01,0.77,0
37.691,17.49,0.01,0.77,0
37.701,17.49,0.01,0.77,0
37.711,17.49,0.01,0.77,0
37.721,17.49,0.01,0.77,0
37.731,17.49,0.01,0.77,0
37.741,17.49,0.01,0.77,0
37.751,17.49,0.01,0.77,0
37.761,17.49,0.01,0.77,0
37.771,17.49,0.01,0.77,0
37.781,17.49,0.01,0.77,0
37.791,17.49,0.01,0.77,0
37.801,17.49,0.01,0.77,0
37.811,17.49,0.01,0.77,0
37.821,17.49,0.01,0.77,0
37.832,17.49,0.01,0.77,0
37.842,17.49,0.01,0.77,0
37.852,17.49,0.01,0.77,0
37.862,17.49,0.01,0.77,0
37.872,17.49,0.01,0.77,0
37.882,17.49,0.01,0.77,0
37.892,17.49,0.01,0.77,0
37.902,17.49,0.01,0.77,0
37.912,17.49,0.01,0.77,0
37.922,17.49,0.01,0.77,0
37.932,17.49,0.01,0.77,0
37.942,17.49,0.01,0.77,0
37.952,17.49,0.01,0.77,0
37.962,17.49,0.01,0.77,0
37.972,17.49,0.01,0.77,0
37.982,17.49,0.01,0.77,0
37.992,17.49,0.01,0.77,0
38.003,17.49,0.01,0.78,0
38.013,17.49,0.01,0.78,0
38.023,17.49,0.01,0.78,0
38.033,17.49,0.01,0.78,0
38.043,17.49,0.01,0.78,0
38.053,17.49,0.01,0.78,0
38.063,17.49,0.01,0.78,0
38.073,17.49,0.01,0.78,0
38.083,17.49,0.01,0.78,0
38.093,17.49,0.01,0.78,0
38.103,17.49,0.01,0.78,0
38.113,17.49,0.01,0.78,0
38.123,17.49,0.01,0.78,0
38.133,17.49,0.01,0.78,0
38.143,17.49,0.01,0.78,0
38.153,17.49,0.01,0.78,0
38.163,17.49,0.01,0.78,0
38.173,17.49,0.01,0.78,0
38.183,17.49,0.01,0.78,0
38.193,17.49,0.01,0.78,0
38.203,17.49,0.01,0.78,0
38.213,17.49,0.01,0.78,0
38.223,17.49,0.01,0.78,0
38.233,17.49,0.01,0.78,0
38.243,17.49,0.01,0.78,0
38.253,17.49,0.01,0.78,0
38.263,17.49,0.01,0.78,0
38.273,17.49,0.01,0.78,0
38.283,17.49,0.01,0.78,0
38.293,17.49,0.01,0.78,0
38.303,17.49,0.01,0.78,0
38.313,17.49,0.01,0.78,0
38.323,17.49,0.01,0.78,0
38.333,17.49,0.01,0.78,0
38.344,17.49,0.01,0.78,0
38.354,17.49,0.01,0.78,0
38.364,17.49,0.01,0.78,0
38.374,17.49,0.01,0.78,0
38.384,17.49,0.01,0.78,0
38.394,17.49,0.01,0.78,0
38.404,17.49,0.01,0.78,0
38.414,17.49,0.01,0.78,0
38.424,17.49,0.01,0.78,0
38.434,17.31,0.01,0.78,0
38.444,17.49,0.01,0.78,0
38.454,17.49,0.01,0.78,0
38.464,17.49,0.01,0.78,0
38.474,17.49,0.01,0.78,0
38.484,17.49,0.01,0.78,0
38.494,17.49,0.01,0.78,0
38.504,17.49,0.01,0.78,0
38.515,17.49,0.01,0.78,0
38.525,17.49,0.01,0.78,0
38.535,17.49,0.01,0.78,0
38.545,17.49,0.01,0.78,0
38.555,17.49,0.01,0.78,0
38.565,17.49,0.01,0.78,0
38.575,17.49,0.01,0.78,0
38.585,17.49,0.01,0.78,0
38.595,17.49,0.01,0.78,0
38.605,17.49,0.01,0.78,0
38.615,17.49,0.01,0.78,0
38.625,17.49,0.01,0.78,0
38.635,17.49,0.01,0.78,0
38.645,17.49,0.01,0.78,0
38.655,17.49,0.01,0.78,0
38.665,17.49,0.01,0.78,0
38.675,17.49,0.01,0.78,0
38.685,17.49,0.01,0.78,0
38.695,17.49,0.01,0.78,0
38.705,17.49,0.01,0.78,0
38.715,17.49,0.01,0.78,0
38.725,17.49,0.01,0.78,0
38.735,17.49,0.01,0.78,0
38.745,17.49,0.01,0.78,0
38.755,17.49,0.01,0.78,0
38.765,17.49,0.01,0.78,0
38.775,17.49,0.01,0.78,0
38.785,17.49,0.01,0.78,0
38.795,17.49,0.01,0.78,0
38.805,17.49,0.01,0.78,0
38.815,17.49,0.01,0.78,0
38.825,17.49,0.01,0.78,0
38.835,17.49,0.01,0.78,0
38.845,17.49,0.01,0.78,0
38.856,17.49,0.01,0.78,0
38.866,17.49,0.01,0.78,0
38.876,17.49,0.01,0.78,0
38.886,17.49,0.01,0.78,0
38.896,17.49,0.01,0.78,0
38.906,17.49,0.01,0.78,0
38.916,17.49,0.01,0.78,0
38.926,17.49,0.01,0.78,0
38.936,17.49,0.01,0.78,0
38.946,17.49,0.01,0.78,0
38.956,17.49,0.01,0.78,0
38.966,17.49,0.01,0.78,0
38.976,17.49,0.01,0.78,0
38.986,17.49,0.01,0.78,0
38.996,17.49,0.01,0.78,0
39.006,17.49,0.01,0.78,0
39.016,17.49,0.01,0.78,0
39.027,17.49,0.01,0.78,0
39.037,17.49,0.01,0.78,0
39.047,17.49,0.01,0.79,0
39.057,17.49,0.01,0.79,0
39.067,17.49,0.01,0.79,0
39.077,17.49,0.01,0.79,0
39.087,17.49,0.01,0.79,0
39.097,17.31,0.01,0.79,0
39.107,17.49,0.01,0.79,0
39.117,17.49,0.01,0.79,0
39.127,17.49,0.01,0.79,0
39.137,17.49,0.01,0.79,0
39.147,17.49,0.01,0.79,0
39.157,17.49,0.01,0.79,0
39.167,17.49,0.01,0.79,0
39.177,17.49,0.01,0.79,0
39.187,17.49,0.01,0.79,0
39.197,17.49,0.01,0.79,0
39.207,17.49,0.01,0.79,0
39.217,17.49,0.01,0.79,0
39.227,17.49,0.01,0.79,0
39.237,17.49,0.01,0.79,0
39.247,17.49,0.01,0.79,0
39.257,17.49,0.01,0.79,0
39.267,17.49,0.01,0.79,0
39.277,17.49,0.01,0.79,0
39.287,17.49,0.01,0.79,0
39.297,17.49,0.01,0.79,0
39.307,17.49,0.01,0.79,0
39.317,17.49,0.01,0.79,0
39.327,17.49,0.01,0.79,0
39.337,17.49,0.01,0.79,0
39.347,17.49,0.01,0.79,0
39.357,17.49,0.01,0.79,0
39.368,17.49,0.01,0.79,0
39.378,17.49,0.01,0.79,0
39.388,17.49,0.01,0.79,0
39.398,17.49,0.01,0.79,0
39.408,17.49,0.01,0.79,0
39.418,17.49,0.01,0.79,0
39.428,17.49,0.01,0.79,0
39.438,17.49,0.01,0.79,0
39.448,17.49,0.01,0.79,0
39.458,17.49,0.01,0.79,0
39.468,17.49,0.01,0.79,0
39.478,17.49,0.01,0.79,0
39.488,17.49,0.01,0.79,0
39.498,17.49,0.01,0.79,0
39.508,17.49,0.01,0.79,0
39.518,17.49,0.01,0.79,0
39.528,17.49,0.01,0.79,0
39.539,17.49,0.01,0.79,0
39.549,17.49,0.01,0.79,0
39.559,17.49,0.01,0.79,0
39.569,17.49,0.01,0.79,0
39.579,17.49,0.01,0.79,0
39.589,17.49,0.01,0.79,0
39.599,17.49,0.01,0.79,0
39.609,17.49,0.01,0.79,0
39.619,17.49,0.01,0.79,0
39.629,17.49,0.01,0.79,0
39.639,17.49,0.01,0.79,0
39.649,17.49,0.01,0.79,0
39.659,17.49,0.01,0.79,0
39.669,17.49,0.01,0.79,0
39.679,17.49,0.01,0.79,0
39.689,17.49,0.01,0.79,0
39.699,17.49,0.01,0.79,0
39.709,17.49,0.01,0.79,0
39.719,17.49,0.01,0.79,0
39.729,17.49,0.01,0.79,0
39.739,17.49,0.01,0.79,0
39.749,17.49,0.01,0.79,0
39.759,17.49,0.01,0.79,0
39.769,17.49,0.01,0.79,0
39.779,17.49,0.01,0.79,0
39.789,17.49,0.01,0.79,0
39.799,17.49,0.01,0.79,0
39.809,17.49,0.01,0.79,0
39.819,17.49,0.01,0.79,0
39.829,17.49,0.01,0.79,0
39.839,17.49,0.01,0.79,0
39.849,17.49,0.01,0.79,0
39.859,17.49,0.01,0.79,0
39.869,17.49,0.01,0.79,0
39.88,17.49,0.01,0.79,0
39.89,17.49,0.01,0.79,0
39.9,17.49,0.01,0.79,0
39.91,17.49,0.01,0.79,0
39.92,17.49,0.01,0.79,0
39.93,17.49,0.01,0.79,0
39.94,17.49,0.01,0.79,0
39.95,17.49,0.01,0.79,0
39.96,17.49,0.01,0.79,0
39.97,17.49,0.01,0.79,0
39.98,17.49,0.01,0.79,0
39.99,17.49,0.01,0.79,0
40,17.49,0.01,0.79,0
40.01,17.49,0.01,0.79,0
40.02,17.49,0.01,0.79,0
40.03,17.49,0.01,0.79,0
40.04,17.49,0.01,0.79,0
40.051,17.49,0.01,0.79,0
40.061,17.49,0.01,0.79,0
40.071,17.49,0.01,0.8,0
40.081,17.49,0.01,0.8,0
40.091,17.49,0.01,0.8,0
40.101,17.49,0.01,0.8,0
40.111,17.49,0.01,0.8,0
40.121,17.49,0.01,0.8,0
40.131,17.49,0.01,0.8,0
40.141,17.49,0.01,0.8,0
40.151,17.49,0.01,0.8,0
40.161,17.49,0.01,0.8,0
40.171,17.49,0.01,0.8,0
40.181,17.49,0.01,0.8,0
40.191,17.49,0.01,0.8,0
40.201,17.49,0.01,0.8,0
40.211,17.49,0.01,0.8,0
40.221,17.49,0.01,0.8,0
40.231,17.49,0.01,0.8,0
40.241,17.49,0.01,0.8,0
40.251,17.49,0.01,0.8,0
40.261,17.49,0.01,0.8,0
40.271,17.49,0.01,0.8,0
40.281,17.49,0.01,0.8,0
40.291,17.49,0.01,0.8,0
40.301,17.49,0.01,0.8,0
40.311,17.49,0.01,0.8,0
40.321,17.49,0.01,0.8,0
40.331,17.49,0.01,0.8,0
40.341,17.49,0.01,0.8,0
40.351,17.49,0.01,0.8,0
40.361,17.49,0.01,0.8,0
40.371,17.49,0.01,0.8,0
40.381,17.49,0.01,0.8,0
40.392,17.49,0.01,0.8,0
40.402,17.49,0.01,0.8,0
40.412,17.49,0.01,0.8,0
40.422,17.49,0.01,0.8,0
40.432,17.49,0.01,0.8,0
40.442,17.49,0.01,0.8,0
40.452,17.49,0.01,0.8,0
40.462,17.49,0.01,0.8,0
40.472,17.49,0.01,0.8,0
40.482,17.49,0.01,0.8,0
40.492,17.49,0.01,0.8,0
40.502,17.49,0.01,0.8,0
40.512,17.49,0.01,0.8,0
40.522,17.49,0.01,0.8,0
40.532,17.49,0.01,0.8,0
40.542,17.49,0.01,0.8,0
40.552,17.49,0.01,0.8,0
40.563,17.49,0.01,0.8,0
40.573,17.49,0.01,0.8,0
40.583,17.49,-17.49,0.54,0
40.593,17.49,-17.49,0.54,0
40.603,17.49,-17.49,0.54,0
40.613,17.31,-17.49,0.01,0
40.623,16.94,-17.49,0.01,0
40.633,16.39,-17.49,0.01,0
40.643,15.66,-16.39,-0.5,0
40.653,14.92,-16.39,-0.5,0
40.663,14.19,-16.39,-0.5,0
40.673,13.09,-14.19,-0.95,0
40.683,11.99,-14.19,-0.95,0
40.693,10.16,-14.19,-0.95,0
40.703,8.69,-10.16,-1.32,0
40.713,7.41,-10.16,-1.32,0
40.723,6.31,-10.16,-1.32,0
40.733,5.39,-10.16,-1.32,0
40.743,4.29,-5.39,-1.56,0
40.753,3.38,-5.39,-1.56,0
40.763,2.64,-5.39,-1.56,0
40.773,2.09,-2.64,-1.68,0
40.783,1.54,-2.64,-1.68,0
40.793,0.99,-2.64,-1.68,0
40.803,0.63,-0.99,-1.74,0
40.813,0.44,-0.99,-1.74,0
40.823,0.08,-0.99,-1.74,0
40.833,-0.1,-0.08,-1.75,0
40.843,-0.1,-0.08,-1.75,0
40.853,-0.1,-0.08,-1.75,0
40.863,-0.1,0.1,-1.75,0
40.873,-0.1,0.1,-1.75,0
40.883,-0.1,0.1,-1.75,0
40.893,-0.1,0.1,-1.75,0
40.904,-0.1,0.1,-1.75,0
40.914,-0.1,0.1,-1.74,0
40.924,-0.1,0.1,-1.74,0
40.934,-0.1,0.1,-1.74,0
40.944,-0.1,0.1,-1.74,0
40.954,-0.1,0.1,-1.74,0
40.964,-0.1,0.1,-1.74,0
40.974,-0.1,0.1,-1.74,0
40.984,-0.1,0.1,-1.74,0
40.994,-0.1,0.1,-1.74,0
41.004,-0.1,0.1,-1.74,0
41.014,-0.1,0.1,-1.74,0
41.024,-0.1,0.1,-1.74,0
41.034,-0.1,0.1,-1.74,0
41.044,-0.1,0.1,-1.73,0
41.054,-0.1,0.1,-1.73,0
41.064,-0.1,0.1,-1.73,0
41.075,-0.1,0.1,-1.73,0
41.085,-0.1,0.1,-1.73,0
41.095,-0.1,0.1,-1.73,0
41.105,-0.1,0.1,-1.73,0
41.115,-0.1,0.1,-1.73,0
41.125,-0.1,0.1,-1.72,0
41.135,-0.1,0.1,-1.72,0
41.145,-0.1,0.1,-1.72,0
41.155,-0.1,0.1,-1.72,0
41.165,-0.1,0.1,-1.72,0
41.175,-0.1,0.1,-1.72,0
41.185,-0.1,0.1,-1.72,0
41.195,-0.1,0.1,-1.72,0
41.205,-0.1,0.1,-1.72,0
41.215,-0.1,0.1,-1.72,0
41.225,-0.1,0.1,-1.71,0
41.235,-0.1,0.1,-1.71,0
41.245,-0.1,0.1,-1.71,0
41.255,-0.1,0.1,-1.71,0
41.265,-0.1,0.1,-1.71,0
41.275,-0.1,0.1,-1.71,0
41.285,-0.1,0.1,-1.71,0
41.295,-0.1,0.1,-1.71,0
41.305,-0.1,0.1,-1.71,0
41.315,-0.1,0.1,-1.7,0
41.325,-0.1,0.1,-1.7,0
41.335,-0.1,0.1,-1.7,0
41.345,-0.1,0.1,-1.7,0
41.355,-0.1,0.1,-1.7,0
41.365,-0.1,0.1,-1.7,0
41.375,-0.1,0.1,-1.7,0
41.385,-0.1,0.1,-1.7,0
41.395,-0.1,0.1,-1.7,0
41.405,-0.1,0.1,-1.69,0
41.416,-0.1,0.1,-1.69,0
41.426,-0.1,0.1,-1.69,0
41.436,-0.1,0.1,-1.69,0
41.446,-0.1,0.1,-1.69,0
41.456,-0.1,0.1,-1.69,0
41.466,-0.1,0.1,-1.69,0
41.476,-0.1,0.1,-1.69,0
41.486,-0.1,0.1,-1.69,0
41.496,-0.1,0.1,-1.68,0
41.506,-0.1,0.1,-1.68,0
41.516,-0.1,0.1,-1.68,0
41.526,-0.1,0.1,-1.68,0
41.536,-0.1,0.1,-1.68,0
41.546,-0.1,0.1,-1.68,0
41.556,-0.1,0.1,-1.68,0
41.566,-0.1,0.1,-1.68,0
41.576,-0.1,0.1,-1.68,0
41.587,-0.1,0.1,-1.68,0
41.597,-0.1,0.1,-1.68,0
41.607,-0.1,0.1,-1.67,0
41.617,-0.1,0.1,-1.67,0
41.627,-0.1,0.1,-1.67,0
41.637,-0.1,0.1,-1.67,0
41.647,-0.1,0.1,-1.67,0
41.657,-0.1,0.1,-1.67,0
41.667,-0.1,0.1,-1.67,0
41.677,-0.1,0.1,-1.67,0
41.687,-0.1,0.1,-1.67,0
41.697,-0.1,0.1,-1.67,0
41.707,-0.1,0.1,-1.66,0
41.717,-0.1,0.1,-1.66,0
41.727,-0.1,0.1,-1.66,0
41.737,-0.1,0.1,-1.66,0
41.747,-0.1,0.1,-1.66,0
41.757,-0.1,0.1,-1.66,0
41.767,-0.1,0.1,-1.66,0
41.777,-0.1,0.1,-1.66,0
41.787,-0.1,0.1,-1.66,0
41.797,-0.1,0.1,-1.65,0
41.807,-0.1,0.1,-1.65,0
41.817,-0.1,0.1,-1.65,0
41.827,-0.1,0.1,-1.65,0
41.837,-0.1,0.1,-1.65,0
41.847,-0.1,0.1,-1.65,0
41.857,-0.1,0.1,-1.65,0
41.867,-0.1,0.1,-1.65,0
41.877,-0.1,0.1,-1.65,0
41.887,-0.1,0.1,-1.64,0
41.897,-0.1,0.1,-1.64,0
41.907,-0.1,0.1,-1.64,0
41.917,-0.1,0.1,-1.64,0
41.928,-0.1,0.1,-1.64,0
41.938,-0.1,0.1,-1.64,0
41.948,-0.1,0.1,-1.64,0
41.958,-0.1,0.1,-1.64,0
41.968,-0.1,0.1,-1.64,0
41.978,-0.1,0.1,-1.63,0
41.988,-0.1,0.1,-1.63,0
41.998,-0.1,0.1,-1.63,0
42.008,-0.1,0.1,-1.63,0
42.018,-0.1,0.1,-1.63,0
42.028,-0.1,0.1,-1.63,0
42.038,-0.1,0.1,-1.63,0
42.048,-0.1,0.1,-1.63,0
42.058,-0.1,0.1,-1.63,0
42.068,-0.1,0.1,-1.62,0
42.078,-0.1,0.1,-1.62,0
42.088,-0.1,0.1,-1.62,0
42.099,-0.1,0.1,-1.62,0
42.109,-0.1,0.1,-1.62,0
42.119,-0.1,0.1,-1.62,0
42.129,-0.1,0.1,-1.62,0
42.139,-0.1,0.1,-1.62,0
42.149,-0.1,0.1,-1.62,0
42.159,-0.1,0.1,-1.62,0
42.169,-0.1,0.1,-1.62,0
42.179,-0.1,0.1,-1.62,0
