Settings:,,
Use KPA,0,
KP,1,
KI,0,
KD,0,
Traj Follow Error Pressure Threshold,4.35,
Traj Follow Error Time Threshold,1500,
Filter alpha,0,
Sensor offset,0.24,
Pressure Read Delay,30,
Interpolation Calculation Delay,30,
Controller Delay,30,
"Traj times","0.00, 1000.00, 1100.00, 8500.00, 8600.00, 16000.00, ",""
"Traj pressures","0.00, 0.00, 17.50, 17.50, 0.00, 0.00, ",""
time,pressure,error,integral,cycle_start
0,0,0,0,0
0.03,0,-0,-0.02,0
0.06,0,-0,-0.02,0
0.09,0,-0,-0.02,0
0.12,0,-0,-0.02,0
0.15,0,-0,-0.02,0
0.18,0,-0,-0.02,0
0.21,0,-0,-0.02,0
0.24,0,-0,-0.02,0
0.27,0,-0,-0.02,0
0.3,0.19,-0,-0.02,0
0.33,0,-0.19,-0.02,0
0.36,0,-0,-0.02,0
0.39,0,-0,-0.02,0
0.42,0,-0,-0.02,0
0.45,0,-0,-0.02,0
0.48,0,-0,-0.02,0
0.51,0,-0,-0.02,0
0.54,0,-0,-0.02,0
0.57,0,-0,-0.02,0
0.6,0,-0,-0.02,0
0.63,0,-0,-0.02,0
0.66,0,-0,-0.02,0
0.69,0,-0,-0.02,0
0.72,0,-0,-0.02,0
0.75,0,-0,-0.02,0
0.78,0,-0,-0.02,0
0.81,0,-0,-0.02,0
0.84,0,-0,-0.02,0
0.87,0,-0,-0.02,0
0.9,0,-0,-0.02,0
0.93,0,-0,-0.02,0
0.96,0,-0,-0.02,0
0.99,0,-0,-0.02,0
1.02,0,-0,-0.02,0
1.05,2.57,3.5,0.03,0
1.081,8.43,6.18,0.17,0
1.111,12.28,5.74,0.35,0
1.141,14.66,5.22,0.52,0
1.171,16.68,2.84,0.64,0
1.201,17.96,0.82,0.69,0
1.231,18.33,-0.46,0.7,0
1.261,17.96,-0.83,0.68,0
1.291,17.41,-0.46,0.66,0
1.321,17.05,0.09,0.65,0
1.351,17.05,0.45,0.66,0
1.381,17.05,0.45,0.68,0
1.411,17.05,0.45,0.69,0
1.441,17.05,0.45,0.7,0
1.471,16.86,0.45,0.72,0
1.501,17.23,0.64,0.73,0
1.531,17.23,0.27,0.75,0
1.561,17.23,0.27,0.75,0
1.591,17.05,0.27,0.76,0
1.621,17.05,0.45,0.77,0
1.651,17.05,0.45,0.79,0
1.681,17.23,0.45,0.8,0
1.711,17.23,0.27,0.81,0
1.741,17.05,0.27,0.82,0
1.771,17.05,0.45,0.83,0
1.801,17.05,0.45,0.84,0
1.831,17.05,0.45,0.86,0
1.861,17.05,0.45,0.87,0
1.892,17.05,0.45,0.88,0
1.922,17.05,0.45,0.9,0
1.952,17.05,0.45,0.91,0
1.982,17.05,0.45,0.93,0
2.012,17.05,0.45,0.94,0
2.042,17.05,0.45,0.95,0
2.072,17.05,0.45,0.97,0
2.102,17.05,0.45,0.98,0
2.132,17.23,0.45,0.99,0
2.162,17.23,0.27,1,0
2.192,17.05,0.27,1.01,0
2.222,17.05,0.45,1.02,0
2.252,17.05,0.45,1.04,0
2.282,17.23,0.45,1.05,0
2.312,17.23,0.27,1.06,0
2.342,17.23,0.27,1.07,0
2.372,17.05,0.27,1.08,0
2.402,17.05,0.45,1.09,0
2.432,17.05,0.45,1.1,0
2.462,17.05,0.45,1.12,0
2.492,17.05,0.45,1.13,0
2.522,17.05,0.45,1.14,0
2.552,17.05,0.45,1.16,0
2.582,17.23,0.45,1.17,0
2.612,17.23,0.27,1.18,0
2.642,17.05,0.27,1.19,0
2.672,17.05,0.45,1.2,0
2.702,17.05,0.45,1.21,0
2.732,17.05,0.45,1.23,0
2.762,17.05,0.45,1.24,0
2.792,17.05,0.45,1.25,0
2.822,17.23,0.45,1.27,0
2.852,17.23,0.27,1.28,0
2.882,17.23,0.27,1.29,0
2.912,17.23,0.27,1.29,0
2.942,17.05,0.27,1.3,0
2.972,17.05,0.45,1.31,0
3.002,17.05,0.45,1.33,0
3.032,17.23,0.45,1.34,0
3.062,17.05,0.27,1.35,0
3.092,17.05,0.45,1.36,0
3.122,17.05,0.45,1.38,0
3.152,17.23,0.45,1.39,0
3.182,17.05,0.27,1.4,0
3.212,17.05,0.45,1.41,0
3.242,17.05,0.45,1.42,0
3.272,17.05,0.45,1.44,0
3.302,17.23,0.45,1.45,0
3.332,17.05,0.27,1.46,0
3.362,17.23,0.45,1.47,0
3.392,17.23,0.27,1.48,0
3.422,17.23,0.27,1.49,0
3.452,17.23,0.27,1.5,0
3.482,17.23,0.27,1.51,0
3.513,17.05,0.27,1.52,0
3.543,17.05,0.45,1.53,0
3.573,17.05,0.45,1.54,0
3.603,17.05,0.45,1.55,0
3.633,17.05,0.45,1.57,0
3.663,17.23,0.45,1.58,0
3.693,17.23,0.27,1.59,0
3.723,17.05,0.27,1.6,0
3.753,17.05,0.45,1.61,0
3.783,17.05,0.45,1.63,0
3.813,17.05,0.45,1.64,0
3.843,17.05,0.45,1.65,0
3.873,17.23,0.45,1.67,0
3.903,17.05,0.27,1.68,0
3.933,17.23,0.45,1.69,0
3.963,17.05,0.27,1.7,0
3.993,17.23,0.45,1.71,0
4.023,17.23,0.27,1.72,0
4.053,17.05,0.27,1.73,0
4.083,17.05,0.45,1.74,0
4.113,17.05,0.45,1.75,0
4.143,17.05,0.45,1.77,0
4.173,17.23,0.45,1.78,0
4.203,17.23,0.27,1.79,0
4.233,17.05,0.27,1.8,0
4.263,17.05,0.45,1.81,0
4.293,17.05,0.45,1.82,0
4.324,17.23,0.45,1.84,0
4.354,17.23,0.27,1.85,0
4.384,17.05,0.27,1.86,0
4.414,17.05,0.45,1.87,0
4.444,17.23,0.45,1.88,0
4.474,17.05,0.27,1.89,0
4.504,17.05,0.45,1.9,0
4.534,17.05,0.45,1.92,0
4.564,17.23,0.45,1.93,0
4.594,17.23,0.27,1.94,0
4.624,17.05,0.27,1.95,0
4.654,17.05,0.45,1.96,0
4.684,17.05,0.45,1.97,0
4.714,17.05,0.45,1.99,0
4.744,17.05,0.45,2,0
4.774,17.23,0.45,2.01,0
4.804,17.23,0.27,2.02,0
4.834,17.05,0.27,2.03,0
4.864,17.05,0.45,2.04,0
4.894,17.05,0.45,2.06,0
4.924,17.05,0.45,2.07,0
4.954,17.23,0.45,2.08,0
4.984,17.23,0.27,2.1,0
5.014,17.05,0.27,2.1,0
5.044,17.05,0.45,2.11,0
5.074,17.23,0.45,2.13,0
5.104,17.05,0.27,2.14,0
5.134,17.05,0.45,2.15,0
5.164,17.23,0.45,2.16,0
5.194,17.05,0.27,2.17,0
5.224,17.05,0.45,2.18,0
5.254,17.05,0.45,2.2,0
5.284,17.05,0.45,2.21,0
5.314,17.23,0.45,2.23,0
5.344,17.05,0.27,2.24,0
5.374,17.05,0.45,2.25,0
5.404,17.05,0.45,2.26,0
5.434,17.23,0.45,2.27,0
5.464,17.05,0.27,2.29,0
5.494,17.05,0.45,2.3,0
5.524,17.23,0.45,2.31,0
5.554,17.23,0.27,2.32,0
5.584,17.05,0.27,2.33,0
5.614,17.05,0.45,2.34,0
5.644,17.05,0.45,2.35,0
5.674,17.23,0.45,2.37,0
5.704,17.05,0.27,2.38,0
5.734,17.05,0.45,2.39,0
5.764,17.23,0.45,2.4,0
5.794,17.23,0.27,2.41,0
5.824,17.05,0.27,2.42,0
5.854,17.05,0.45,2.43,0
5.884,17.05,0.45,2.45,0
5.914,17.05,0.45,2.46,0
5.945,17.23,0.45,2.47,0
5.975,17.05,0.27,2.48,0
6.005,17.05,0.45,2.49,0
6.035,17.05,0.45,2.51,0
6.065,17.23,0.45,2.52,0
6.095,17.05,0.27,2.53,0
6.125,17.05,0.45,2.54,0
6.155,17.23,0.45,2.56,0
6.185,17.05,0.27,2.57,0
6.215,17.23,0.45,2.58,0
6.245,17.05,0.27,2.59,0
6.275,17.05,0.45,2.6,0
6.305,17.05,0.45,2.61,0
6.335,17.05,0.45,2.63,0
6.365,17.05,0.45,2.64,0
6.395,17.05,0.45,2.65,0
6.425,17.23,0.45,2.67,0
6.455,17.05,0.27,2.68,0
6.485,17.23,0.45,2.69,0
6.515,17.05,0.27,2.7,0
6.545,17.05,0.45,2.71,0
6.575,17.05,0.45,2.72,0
6.605,17.05,0.45,2.74,0
6.635,17.05,0.45,2.75,0
6.665,17.23,0.45,2.77,0
6.695,17.23,0.27,2.78,0
6.725,17.05,0.27,2.78,0
6.756,17.05,0.45,2.8,0
6.786,17.05,0.45,2.81,0
6.816,17.05,0.45,2.82,0
6.846,17.23,0.45,2.84,0
6.876,17.05,0.27,2.85,0
6.906,17.05,0.45,2.86,0
6.936,17.05,0.45,2.87,0
6.966,17.05,0.45,2.88,0
6.996,17.05,0.45,2.9,0
7.026,17.05,0.45,2.91,0
7.056,17.05,0.45,2.93,0
7.086,17.23,0.45,2.94,0
7.116,17.23,0.27,2.95,0
7.146,17.23,0.27,2.96,0
7.176,17.05,0.27,2.97,0
7.206,17.05,0.45,2.98,0
7.236,17.05,0.45,2.99,0
7.266,17.05,0.45,3,0
7.296,17.23,0.45,3.02,0
7.326,17.05,0.27,3.03,0
7.356,17.05,0.45,3.04,0
7.386,17.05,0.45,3.05,0
7.416,17.23,0.45,3.07,0
7.446,17.23,0.27,3.08,0
7.476,17.05,0.27,3.09,0
7.506,17.05,0.45,3.1,0
7.536,17.05,0.45,3.11,0
7.566,17.05,0.45,3.12,0
7.596,17.05,0.45,3.14,0
7.626,17.05,0.45,3.15,0
7.656,17.05,0.45,3.16,0
7.686,17.23,0.45,3.18,0
7.716,17.05,0.27,3.19,0
7.746,17.23,0.45,3.2,0
7.776,17.05,0.27,3.21,0
7.806,17.05,0.45,3.22,0
7.836,17.05,0.45,3.24,0
7.866,17.05,0.45,3.25,0
7.896,17.05,0.45,3.26,0
7.926,17.23,0.45,3.28,0
7.956,17.05,0.27,3.29,0
7.986,17.05,0.45,3.3,0
8.016,17.05,0.45,3.31,0
8.046,17.05,0.45,3.32,0
8.076,17.05,0.45,3.34,0
8.106,17.23,0.45,3.35,0
8.136,17.05,0.27,3.36,0
8.166,17.23,0.45,3.37,0
8.196,17.05,0.27,3.38,0
8.226,17.05,0.45,3.4,0
8.256,17.05,0.45,3.41,0
8.286,17.23,0.45,3.42,0
8.316,17.05,0.27,3.43,0
8.346,17.05,0.45,3.44,0
8.377,17.05,0.45,3.46,0
8.407,17.05,0.45,3.47,0
8.437,17.05,0.45,3.49,0
8.467,17.05,0.45,3.5,0
8.497,17.23,0.45,3.51,0
8.527,17.05,0.27,3.52,0
8.557,16.86,-4.27,3.46,0
8.587,14.85,-9.34,3.26,0
8.617,10.27,-12.57,2.93,0
8.647,6.6,-10.27,2.59,0
8.677,3.85,-6.6,2.33,0
8.707,1.83,-3.85,2.18,0
8.737,0.55,-1.83,2.09,0
8.767,0.19,-0.55,2.06,0
8.797,0,-0.19,2.05,0
8.827,0,-0,2.04,0
8.857,0,-0,2.04,0
8.887,0,-0,2.04,0
8.917,0,-0,2.04,0
8.947,0,-0,2.04,0
8.977,0,-0,2.04,0
9.007,0,-0,2.04,0
9.037,0,-0,2.04,0
9.067,0,-0,2.04,0
9.097,0,-0,2.04,0
9.127,0,-0,2.04,0
9.157,0,-0,2.04,0
9.188,0,-0,2.04,0
9.218,0,-0,2.04,0
9.248,0,-0,2.04,0
9.278,0,-0,2.04,0
9.308,0,-0,2.04,0
9.338,0,-0,2.04,0
9.368,0,-0,2.04,0
9.398,0,-0,2.04,0
9.428,0,-0,2.04,0
9.458,0,-0,2.04,0
9.488,0,-0,2.04,0
9.518,0,-0,2.04,0
9.548,0,-0,2.04,0
9.578,0,-0,2.04,0
9.608,0,-0,2.04,0
9.638,0,-0,2.04,0
9.668,0,-0,2.04,0
9.698,0,-0,2.04,0
9.728,0,-0,2.04,0
9.758,0,-0,2.04,0
9.788,0,-0,2.04,0
9.818,0,-0,2.04,0
9.848,0,-0,2.04,0
9.878,0,-0,2.04,0
9.908,0,-0,2.04,0
9.938,0,-0,2.04,0
9.968,0,-0,2.04,0
9.998,0,-0,2.04,0
10.028,0,-0,2.04,0
10.058,0,-0,2.04,0
10.088,0,-0,2.04,0
10.118,0,-0,2.04,0
10.148,0,-0,2.04,0
10.178,0,-0,2.04,0
10.208,0,-0,2.04,0
10.238,0.19,-0,2.04,0
10.268,0,-0.19,2.04,0
10.298,0,-0,2.03,0
10.328,0,-0,2.03,0
10.358,0,-0,2.03,0
10.388,0,-0,2.03,0
10.418,0,-0,2.03,0
10.448,0,-0,2.03,0
10.478,0,-0,2.03,0
10.508,0,-0,2.03,0
10.538,0,-0,2.03,0
10.568,0,-0,2.03,0
10.598,0,-0,2.03,0
10.628,0,-0,2.03,0
10.658,0,-0,2.03,0
10.688,0,-0,2.03,0
10.718,0,-0,2.03,0
10.748,0,-0,2.03,0
10.778,0,-0,2.03,0
10.809,0,-0,2.03,0
10.839,0,-0,2.03,0
10.869,0,-0,2.03,0
10.899,0,-0,2.03,0
10.929,0,-0,2.03,0
10.959,0,-0,2.03,0
10.989,0,-0,2.03,0
11.019,0,-0,2.03,0
11.049,0,-0,2.03,0
11.079,0,-0,2.03,0
11.109,0,-0,2.03,0
11.139,0,-0,2.03,0
11.169,0,-0,2.03,0
11.199,0,-0,2.03,0
11.229,0,-0,2.03,0
11.259,0,-0,2.03,0
11.289,0,-0,2.03,0
11.319,0,-0,2.03,0
11.349,0,-0,2.03,0
11.379,0,-0,2.03,0
11.409,0,-0,2.03,0
11.439,0,-0,2.03,0
11.469,0,-0,2.03,0
11.499,0,-0,2.03,0
11.529,0,-0,2.03,0
11.559,0,-0,2.03,0
11.589,0,-0,2.03,0
11.62,0,-0,2.03,0
11.65,0,-0,2.03,0
11.68,0,-0,2.03,0
11.71,0,-0,2.03,0
11.74,0,-0,2.03,0
11.77,0,-0,2.03,0
11.8,0,-0,2.03,0
11.83,0,-0,2.03,0
11.86,0,-0,2.03,0
11.89,0,-0,2.03,0
11.92,0,-0,2.03,0
11.95,0,-0,2.03,0
11.98,0,-0,2.03,0
12.01,0,-0,2.03,0
12.04,0,-0,2.03,0
12.07,0,-0,2.03,0
12.1,0,-0,2.03,0
12.13,0,-0,2.03,0
12.16,0,-0,2.03,0
12.19,0,-0,2.03,0
12.22,0,-0,2.03,0
12.25,0,-0,2.03,0
12.28,0,-0,2.03,0
12.31,0,-0,2.03,0
12.34,0,-0,2.03,0
12.37,0,-0,2.03,0
12.4,0,-0,2.03,0
12.43,0,-0,2.03,0
12.46,0.19,-0,2.03,0
12.49,0,-0.19,2.03,0
12.52,0,-0,2.03,0
12.55,0,-0,2.03,0
12.58,0,-0,2.03,0
12.61,0,-0,2.03,0
12.64,0,-0,2.03,0
12.67,0,-0,2.03,0
12.7,0,-0,2.03,0
12.73,0,-0,2.03,0
12.76,0,-0,2.03,0
12.79,0,-0,2.03,0
12.82,0,-0,2.03,0
12.85,0,-0,2.03,0
12.88,0,-0,2.02,0
12.91,0,-0,2.02,0
12.94,0,-0,2.02,0
12.97,0,-0,2.02,0
13,0,-0,2.02,0
13.03,0,-0,2.02,0
13.06,0,-0,2.02,0
13.09,0,-0,2.02,0
13.12,0,-0,2.02,0
13.15,0,-0,2.02,0
13.18,0,-0,2.02,0
13.21,0,-0,2.02,0
13.241,0,-0,2.02,0
13.271,0,-0,2.02,0
13.301,0,-0,2.02,0
13.331,0,-0,2.02,0
13.361,0,-0,2.02,0
13.391,0,-0,2.02,0
13.421,0,-0,2.02,0
13.451,0,-0,2.02,0
13.481,0,-0,2.02,0
13.511,0,-0,2.02,0
13.541,0,-0,2.02,0
13.571,0,-0,2.02,0
13.601,0,-0,2.02,0
13.631,0,-0,2.02,0
13.661,0,-0,2.02,0
13.691,0,-0,2.02,0
13.721,0,-0,2.02,0
13.751,0,-0,2.02,0
13.781,0,-0,2.02,0
13.811,0,-0,2.02,0
13.841,0,-0,2.02,0
13.871,0,-0,2.02,0
13.901,0,-0,2.02,0
13.931,0,-0,2.02,0
13.961,0,-0,2.02,0
13.991,0,-0,2.02,0
14.021,0,-0,2.02,0
14.052,0,-0,2.02,0
14.082,0,-0,2.02,0
14.112,0,-0,2.02,0
14.142,0,-0,2.02,0
14.172,0,-0,2.02,0
14.202,0,-0,2.02,0
14.232,0,-0,2.02,0
14.262,0,-0,2.02,0
14.292,0,-0,2.02,0
14.322,0,-0,2.02,0
14.352,0,-0,2.02,0
14.382,0,-0,2.02,0
14.412,0,-0,2.02,0
14.442,0,-0,2.02,0
14.472,0,-0,2.02,0
14.502,0,-0,2.02,0
14.532,0,-0,2.02,0
14.562,0,-0,2.02,0
14.592,0,-0,2.02,0
14.622,0,-0,2.02,0
14.652,0,-0,2.02,0
14.682,0,-0,2.02,0
14.712,0,-0,2.02,0
14.742,0,-0,2.02,0
14.772,0,-0,2.02,0
14.802,0,-0,2.02,0
14.832,0,-0,2.02,0
14.862,0,-0,2.02,0
14.892,0,-0,2.02,0
14.922,0,-0,2.02,0
14.952,0,-0,2.02,0
14.982,0,-0,2.02,0
15.012,0,-0,2.02,0
15.042,0,-0,2.02,0
15.072,0,-0,2.02,0
15.102,0,-0,2.02,0
15.132,0,-0,2.02,0
15.162,0,-0,2.02,0
15.192,0,-0,2.02,0
15.222,0,-0,2.02,0
15.252,0,-0,2.02,0
15.282,0,-0,2.02,0
15.312,0,-0,2.02,0
15.342,0,-0,2.02,0
15.372,0,-0,2.02,0
15.402,0,-0,2.02,0
15.432,0,-0,2.02,0
15.462,0,-0,2.02,0
15.492,0,-0,2.02,0
15.522,0,-0,2.02,0
15.552,0,-0,2.02,0
15.582,0,-0,2.02,0
15.612,0,-0,2.02,0
15.642,0,-0,2.02,0
15.673,0,-0,2.02,0
15.703,0,-0,2.02,0
15.733,0,-0,2.02,0
15.763,0,-0,2.02,0
15.793,0.19,-0,2.02,0
15.823,0,-0.19,2.02,0
15.853,0,-0,2.01,0
15.883,0,-0,2.01,0
15.913,0,-0,2.01,0
15.943,0,-0,2.01,0
15.973,0,-0,2.01,0
16.003,0,-0,2.01,0
16.004,0,0,0,1
16.033,0,0,0,0
16.063,0,-0,-0,0
16.093,0,-0,-0,0
16.123,0,-0,-0,0
16.153,0,-0,-0,0
16.183,0,-0,-0,0
16.213,0,-0,-0,0
16.243,0,-0,-0,0
16.273,0,-0,-0,0
16.303,0,-0,-0,0
16.333,0,-0,-0,0
16.363,0,-0,-0,0
16.393,0,-0,-0,0
16.423,0,-0,-0,0
16.453,0,-0,-0,0
16.484,0,-0,-0,0
16.514,0,-0,-0,0
16.544,0,-0,-0,0
16.574,0,-0,-0,0
16.604,0,-0,-0,0
16.634,0,-0,-0,0
16.664,0,-0,-0,0
16.694,0,-0,-0,0
16.724,0,-0,-0,0
16.754,0,-0,-0,0
16.784,0,-0,-0,0
16.814,0,-0,-0,0
16.844,0,-0,-0,0
16.874,0,-0,-0,0
16.904,0.19,-0,-0,0
16.934,0,-0.19,-0,0
16.964,0,-0,-0.01,0
16.994,0,-0,-0.01,0
17.024,0,-0,-0.01,0
17.054,0,-0,-0.01,0
17.084,0,4.9,0.07,0
17.114,4.95,10.15,0.29,0
17.144,9.72,10.45,0.6,0
17.174,13.2,7.78,0.87,0
17.204,15.4,4.3,1.06,0
17.234,17.23,2.1,1.15,0
17.264,18.51,0.27,1.19,0
17.294,19.43,-1.01,1.18,0
17.324,18.33,-1.93,1.13,0
17.354,13.56,-0.83,1.09,0
17.384,9.17,3.94,1.14,0
17.414,12.47,8.33,1.32,0
17.444,15.4,5.03,1.52,0
17.474,16.86,2.1,1.63,0
17.504,17.78,0.64,1.67,0
17.534,18.88,-0.28,1.68,0
17.564,18.88,-1.38,1.65,0
17.594,17.23,-1.38,1.61,0
17.624,11.55,0.27,1.59,0
17.654,12.83,5.95,1.69,0
17.684,15.4,4.67,1.84,0
17.714,17.23,2.1,1.95,0
17.744,18.33,0.27,1.98,0
17.774,19.06,-0.83,1.97,0
17.804,18.51,-1.56,1.94,0
17.834,15.58,-1.01,1.9,0
17.864,10.45,1.92,1.91,0
17.894,13.75,7.05,2.05,0
17.924,16.13,3.75,2.21,0
17.954,17.41,1.37,2.29,0
17.984,18.33,0.09,2.31,0
18.014,19.25,-0.83,2.3,0
18.044,18.88,-1.75,2.26,0
18.074,15.95,-1.38,2.21,0
18.105,10.45,1.55,2.21,0
18.135,13.56,7.05,2.34,0
18.165,15.95,3.94,2.51,0
18.195,17.6,1.55,2.59,0
18.225,18.51,-0.1,2.61,0
18.255,18.15,-1.01,2.6,0
18.285,17.05,-0.65,2.57,0
18.315,16.5,0.45,2.57,0
18.345,16.86,1,2.59,0
18.375,18.15,0.64,2.61,0
18.405,18.7,-0.65,2.61,0
18.435,18.33,-1.2,2.59,0
18.465,16.68,-0.83,2.56,0
18.495,15.03,0.82,2.56,0
18.525,15.95,2.47,2.61,0
18.555,17.41,1.55,2.67,0
18.585,18.33,0.09,2.69,0
18.615,19.06,-0.83,2.68,0
18.645,18.7,-1.56,2.64,0
18.675,15.95,-1.2,2.6,0
18.705,10.82,1.55,2.61,0
18.735,13.75,6.68,2.73,0
18.765,16.13,3.75,2.89,0
18.795,17.6,1.37,2.97,0
18.825,18.51,-0.1,2.99,0
18.855,18.15,-1.01,2.97,0
18.885,17.23,-0.65,2.94,0
18.916,16.86,0.27,2.94,0
18.946,16.5,0.64,2.95,0
18.976,17.05,1,2.98,0
19.006,18.33,0.45,3,0
19.036,19.06,-0.83,2.99,0
19.066,18.51,-1.56,2.96,0
19.096,15.95,-1.01,2.92,0
19.126,10.45,1.55,2.93,0
19.156,13.75,7.05,3.06,0
19.186,16.13,3.75,3.22,0
19.216,17.6,1.37,3.29,0
19.246,18.51,-0.1,3.31,0
19.276,18.15,-1.01,3.3,0
19.306,17.23,-0.65,3.27,0
19.336,16.5,0.27,3.27,0
19.366,16.5,1,3.29,0
19.396,17.96,1,3.32,0
19.426,18.7,-0.46,3.32,0
19.456,18.51,-1.2,3.3,0
19.486,16.86,-1.01,3.27,0
19.516,11.73,0.64,3.26,0
19.546,13.38,5.77,3.36,0
19.576,15.95,4.12,3.5,0
19.606,17.41,1.55,3.59,0
19.636,18.33,0.09,3.61,0
19.666,19.25,-0.83,3.6,0
19.696,18.7,-1.75,3.56,0
19.726,15.76,-1.2,3.52,0
19.756,10.45,1.74,3.53,0
19.786,13.75,7.05,3.66,0
19.816,15.95,3.75,3.82,0
19.846,17.6,1.55,3.9,0
19.876,18.33,-0.1,3.92,0
19.906,18.15,-0.83,3.91,0
19.936,17.96,-0.65,3.89,0
19.966,17.6,-0.46,3.87,0
19.996,17.23,-0.1,3.86,0
20.026,16.86,0.27,3.86,0
20.056,16.68,0.64,3.88,0
20.086,17.23,0.82,3.9,0
20.116,18.51,0.27,3.92,0
20.146,19.06,-1.01,3.91,0
20.176,18.15,-1.56,3.87,0
20.206,14.48,-0.65,3.83,0
20.236,9.72,3.02,3.87,0
20.266,13.38,7.78,4.03,0
20.296,15.76,4.12,4.21,0
20.326,17.05,1.74,4.3,0
20.356,18.15,0.45,4.33,0
20.386,19.06,-0.65,4.33,0
20.416,19.06,-1.56,4.29,0
20.446,16.5,-1.56,4.25,0
20.476,11,1,4.24,0
20.506,13.75,6.5,4.35,0
20.537,16.13,3.75,4.5,0
20.567,17.78,1.37,4.58,0
20.597,18.7,-0.28,4.6,0
20.627,18.15,-1.2,4.57,0
20.657,17.05,-0.65,4.55,0
20.687,16.5,0.45,4.54,0
20.717,16.86,1,4.57,0
20.747,18.33,0.64,4.59,0
20.777,18.88,-0.83,4.59,0
20.807,18.15,-1.38,4.55,0
20.837,16.13,-0.65,4.52,0
20.867,15.58,1.37,4.54,0
20.897,17.05,1.92,4.58,0
20.927,17.96,0.45,4.62,0
20.957,18.51,-0.46,4.62,0
20.987,18.33,-1.01,4.6,0
21.017,17.05,-0.83,4.57,0
21.047,15.21,0.45,4.56,0
21.077,15.76,2.29,4.61,0
21.107,17.41,1.74,4.67,0
21.137,18.33,0.09,4.69,0
21.167,19.25,-0.83,4.68,0
21.197,18.7,-1.75,4.64,0
21.227,16.13,-1.2,4.6,0
21.257,10.82,1.37,4.6,0
21.287,13.56,6.68,4.72,0
21.317,15.95,3.94,4.88,0
21.348,17.6,1.55,4.96,0
21.378,18.51,-0.1,4.98,0
21.408,18.15,-1.01,4.97,0
21.438,17.05,-0.65,4.94,0
21.468,16.68,0.45,4.94,0
21.498,16.68,0.82,4.96,0
21.528,17.6,0.82,4.98,0
21.558,18.7,-0.1,4.99,0
21.588,18.51,-1.2,4.98,0
21.618,17.05,-1.01,4.94,0
21.648,12.28,0.45,4.93,0
21.678,13.93,5.22,5.02,0
21.708,16.13,3.57,5.15,0
21.738,17.6,1.37,5.22,0
21.768,18.51,-0.1,5.24,0
21.798,18.33,-1.01,5.23,0
21.828,17.23,-0.83,5.2,0
21.858,15.4,0.27,5.19,0
21.888,15.76,2.1,5.23,0
21.918,17.78,1.74,5.28,0
21.948,18.51,-0.28,5.31,0
21.978,18.15,-1.01,5.29,0
22.008,17.05,-0.65,5.26,0
22.038,16.5,0.45,5.26,0
22.068,16.68,1,5.28,0
22.098,18.15,0.82,5.31,0
22.128,18.88,-0.65,5.31,0
22.158,18.51,-1.38,5.28,0
22.188,16.31,-1.01,5.24,0
22.218,11.37,1.19,5.25,0
22.248,14.66,6.13,5.36,0
22.278,16.5,2.84,5.49,0
22.308,17.78,1,5.55,0
22.338,18.7,-0.28,5.56,0
22.368,18.51,-1.2,5.54,0
22.398,17.05,-1.01,5.5,0
22.428,11.92,0.45,5.5,0
22.458,13.38,5.58,5.59,0
22.488,15.95,4.12,5.73,0
22.518,17.41,1.55,5.82,0
22.548,18.33,0.09,5.84,0
22.578,19.25,-0.83,5.83,0
22.608,18.7,-1.75,5.79,0
22.638,15.76,-1.2,5.75,0
22.668,10.63,1.74,5.76,0
22.698,13.75,6.87,5.88,0
22.728,16.13,3.75,6.04,0
22.758,17.41,1.37,6.12,0
22.788,18.33,0.09,6.14,0
22.818,19.25,-0.83,6.13,0
22.848,18.88,-1.75,6.09,0
22.878,15.76,-1.38,6.04,0
22.908,10.63,1.74,6.05,0
22.938,13.56,6.87,6.18,0
22.969,15.95,3.94,6.34,0
22.999,17.6,1.55,6.42,0
23.029,18.51,-0.1,6.45,0
23.059,18.15,-1.01,6.43,0
23.089,17.23,-0.65,6.4,0
23.119,16.68,0.27,6.4,0
23.149,16.68,0.82,6.41,0
23.179,17.78,0.82,6.44,0
23.209,18.51,-0.28,6.45,0
23.239,18.51,-1.01,6.43,0
23.269,16.86,-1.01,6.4,0
23.299,12.47,0.64,6.39,0
23.329,13.75,5.03,6.48,0
23.359,16.13,3.75,6.61,0
23.389,17.6,1.37,6.69,0
23.419,18.51,-0.1,6.7,0
23.449,18.15,-1.01,6.69,0
23.479,17.23,-0.65,6.66,0
23.509,16.68,0.27,6.66,0
23.539,16.5,0.82,6.67,0
23.569,17.78,1,6.7,0
23.599,18.51,-0.28,6.71,0
23.629,18.51,-1.01,6.69,0
23.659,16.86,-1.01,6.66,0
23.689,11.73,0.64,6.66,0
23.719,13.56,5.77,6.75,0
23.749,16.13,3.94,6.9,0
23.78,17.6,1.37,6.98,0
23.81,18.33,-0.1,7,0
23.84,18.15,-0.83,6.98,0
23.87,17.96,-0.65,6.96,0
23.9,17.6,-0.46,6.94,0
23.93,17.23,-0.1,6.93,0
23.96,16.86,0.27,6.94,0
23.99,16.68,0.64,6.95,0
24.02,17.23,0.82,6.97,0
24.05,18.51,0.27,6.99,0
24.08,19.06,-1.01,6.98,0
24.11,18.33,-1.56,6.94,0
24.14,13.93,-0.83,6.9,0
24.17,9.9,3.57,6.94,0
24.2,13.38,7.6,7.11,0
24.23,15.58,4.12,7.29,0
24.26,17.05,1.92,7.38,0
24.29,18.15,0.45,7.41,0
24.32,19.06,-0.65,7.41,0
24.35,19.06,-1.56,7.38,0
24.38,16.68,-1.56,7.33,0
24.41,10.82,0.82,7.32,0
24.44,13.2,6.68,7.43,0
24.47,15.76,4.3,7.6,0
24.5,17.6,1.74,7.69,0
24.53,18.51,-0.1,7.71,0
24.56,17.96,-1.71,7.68,0
24.59,16.68,-6.41,7.56,0
24.62,11.73,-10.38,7.31,0
24.65,8.07,-10.68,6.99,0
24.68,4.95,-8.07,6.71,0
24.71,2.38,-4.95,6.52,0
24.74,0.92,-2.38,6.41,0
24.77,0.19,-0.92,6.36,0
24.8,0,-0.19,6.34,0
24.83,0,-0,6.34,0
24.86,0,-0,6.34,0
24.89,0,-0,6.34,0
24.92,0,-0,6.34,0
24.95,0,-0,6.34,0
24.98,0,-0,6.34,0
25.01,0,-0,6.34,0
25.04,0,-0,6.34,0
25.07,0,-0,6.34,0
25.1,0,-0,6.34,0
25.13,0,-0,6.34,0
25.16,0,-0,6.34,0
25.19,0,-0,6.34,0
25.22,0,-0,6.34,0
25.25,0,-0,6.34,0
25.28,0,-0,6.34,0
25.31,0,-0,6.34,0
25.34,0,-0,6.34,0
25.37,0,-0,6.34,0
25.401,0,-0,6.34,0
25.431,0,-0,6.34,0
25.461,0,-0,6.34,0
25.491,0,-0,6.34,0
25.521,0,-0,6.34,0
25.551,0,-0,6.34,0
25.581,0,-0,6.34,0
25.611,0,-0,6.34,0
25.641,0,-0,6.34,0
25.671,0,-0,6.34,0
25.701,0,-0,6.34,0
25.731,0,-0,6.34,0
25.761,0.19,-0,6.34,0
25.791,0,-0.19,6.34,0
25.821,0,-0,6.33,0
25.851,0,-0,6.33,0
25.881,0,-0,6.33,0
25.911,0,-0,6.33,0
25.941,0,-0,6.33,0
25.971,0,-0,6.33,0
26.001,0,-0,6.33,0
26.031,0,-0,6.33,0
26.061,0,-0,6.33,0
26.091,0,-0,6.33,0
26.121,0,-0,6.33,0
26.151,0,-0,6.33,0
26.181,0,-0,6.33,0
26.212,0,-0,6.33,0
26.242,0,-0,6.33,0
26.272,0,-0,6.33,0
26.302,0,-0,6.33,0
26.332,0.19,-0,6.33,0
26.362,0,-0.19,6.33,0
26.392,0,-0,6.33,0
26.422,0,-0,6.33,0
26.452,0,-0,6.33,0
26.482,0,-0,6.33,0
26.512,0,-0,6.33,0
26.542,0,-0,6.33,0
26.572,0,-0,6.33,0
26.602,0,-0,6.33,0
26.632,0,-0,6.33,0
26.662,0,-0,6.33,0
26.692,0,-0,6.33,0
26.722,0,-0,6.33,0
26.752,0,-0,6.33,0
26.782,0,-0,6.33,0
26.812,0,-0,6.33,0
26.842,0,-0,6.33,0
26.872,0,-0,6.32,0
26.902,0,-0,6.32,0
26.932,0,-0,6.32,0
26.962,0.19,-0,6.32,0
26.992,0,-0.19,6.32,0
27.022,0,-0,6.32,0
27.052,0,-0,6.32,0
27.082,0,-0,6.32,0
27.112,0,-0,6.32,0
27.142,0,-0,6.32,0
27.172,0,-0,6.32,0
27.202,0,-0,6.32,0
27.232,0,-0,6.32,0
27.262,0,-0,6.32,0
27.292,0,-0,6.32,0
27.322,0,-0,6.32,0
27.352,0,-0,6.32,0
27.382,0,-0,6.32,0
27.412,0,-0,6.32,0
27.442,0,-0,6.32,0
27.472,0,-0,6.32,0
27.502,0,-0,6.32,0
27.532,0,-0,6.32,0
27.562,0,-0,6.32,0
27.592,0,-0,6.32,0
27.622,0,-0,6.32,0
27.652,0,-0,6.32,0
27.682,0,-0,6.32,0
27.712,0,-0,6.32,0
27.742,0,-0,6.32,0
27.772,0,-0,6.32,0
27.802,0,-0,6.32,0
27.833,0,-0,6.32,0
27.863,0,-0,6.32,0
27.893,0,-0,6.32,0
27.923,0,-0,6.32,0
27.953,0,-0,6.32,0
27.983,0,-0,6.32,0
28.013,0.19,-0,6.32,0
28.043,0,-0.19,6.31,0
28.073,0,-0,6.31,0
28.103,0,-0,6.31,0
28.133,0,-0,6.31,0
28.163,0,-0,6.31,0
28.193,0,-0,6.31,0
28.223,0,-0,6.31,0
28.253,0,-0,6.31,0
28.283,0,-0,6.31,0
28.313,0,-0,6.31,0
28.343,0,-0,6.31,0
28.373,0,-0,6.31,0
28.403,0,-0,6.31,0
28.433,0,-0,6.31,0
28.463,0,-0,6.31,0
28.493,0,-0,6.31,0
28.523,0,-0,6.31,0
28.553,0,-0,6.31,0
28.583,0,-0,6.31,0
28.613,0,-0,6.31,0
28.644,0,-0,6.31,0
28.674,0,-0,6.31,0
28.704,0,-0,6.31,0
28.734,0,-0,6.31,0
28.764,0,-0,6.31,0
28.794,0,-0,6.31,0
28.824,0,-0,6.31,0
28.854,0,-0,6.31,0
28.884,0,-0,6.31,0
28.914,0,-0,6.31,0
28.944,0,-0,6.31,0
28.974,0,-0,6.31,0
29.004,0,-0,6.31,0
29.034,0,-0,6.31,0
29.064,0,-0,6.31,0
29.094,0,-0,6.31,0
29.124,0,-0,6.31,0
29.154,0,-0,6.31,0
29.184,0,-0,6.31,0
29.214,0,-0,6.31,0
29.244,0,-0,6.31,0
29.274,0,-0,6.31,0
29.304,0,-0,6.31,0
29.334,0,-0,6.31,0
29.364,0,-0,6.31,0
29.394,0,-0,6.31,0
29.424,0,-0,6.31,0
29.454,0,-0,6.31,0
29.484,0,-0,6.31,0
29.514,0,-0,6.31,0
29.544,0,-0,6.31,0
29.574,0,-0,6.31,0
29.604,0,-0,6.31,0
29.634,0,-0,6.31,0
29.664,0,-0,6.31,0
29.694,0,-0,6.31,0
29.724,0,-0,6.31,0
29.754,0.19,-0,6.31,0
29.784,0,-0.19,6.31,0
29.814,0,-0,6.3,0
29.844,0,-0,6.3,0
29.874,0,-0,6.3,0
29.904,0,-0,6.3,0
29.934,0,-0,6.3,0
29.964,0,-0,6.3,0
29.994,0,-0,6.3,0
30.024,0,-0,6.3,0
30.054,0,-0,6.3,0
30.084,0,-0,6.3,0
30.114,0,-0,6.3,0
30.144,0,-0,6.3,0
30.174,0,-0,6.3,0
30.204,0,-0,6.3,0
30.234,0,-0,6.3,0
30.265,0,-0,6.3,0
30.295,0,-0,6.3,0
30.325,0,-0,6.3,0
30.355,0,-0,6.3,0
30.385,0,-0,6.3,0
30.415,0,-0,6.3,0
30.445,0,-0,6.3,0
30.475,0,-0,6.3,0
30.505,0,-0,6.3,0
30.535,0,-0,6.3,0
30.565,0,-0,6.3,0
30.595,0,-0,6.3,0
30.625,0,-0,6.3,0
30.655,0,-0,6.3,0
30.685,0,-0,6.3,0
30.715,0,-0,6.3,0
30.745,0,-0,6.3,0
30.775,0,-0,6.3,0
30.805,0,-0,6.3,0
30.835,0,-0,6.3,0
30.865,0,-0,6.3,0
30.895,0,-0,6.3,0
30.925,0,-0,6.3,0
30.955,0,-0,6.3,0
30.985,0,-0,6.3,0
31.015,0,-0,6.3,0
31.045,0,-0,6.3,0
31.076,0,-0,6.3,0
31.106,0,-0,6.3,0
31.136,0,-0,6.3,0
31.166,0,-0,6.3,0
31.196,0,-0,6.3,0
31.226,0,-0,6.3,0
31.256,0,-0,6.3,0
31.286,0,-0,6.3,0
31.316,0,-0,6.3,0
31.346,0.19,-0,6.3,0
31.376,0,-0.19,6.3,0
31.406,0,-0,6.3,0
31.436,0,-0,6.3,0
31.466,0,-0,6.3,0
31.496,0,-0,6.29,0
31.526,0,-0,6.29,0
31.556,0,-0,6.29,0
31.586,0,-0,6.29,0
31.616,0,-0,6.29,0
31.646,0,-0,6.29,0
31.676,0,-0,6.29,0
31.706,0,-0,6.29,0
31.736,0,-0,6.29,0
31.766,0,-0,6.29,0
31.796,0,-0,6.29,0
31.826,0,-0,6.29,0
31.856,0,-0,6.29,0
31.886,0,-0,6.29,0
31.916,0,-0,6.29,0
31.946,0,-0,6.29,0
31.976,0,-0,6.29,0
32.006,0,-0,6.29,0
32.036,0,-0,6.29,0
32.037,0,0,0,1
32.066,0,0,0,0
32.096,0,-0,-0,0
32.126,0,-0,-0,0
32.156,0,-0,-0,0
32.186,0,-0,-0,0
32.216,0,-0,-0,0
32.246,0,-0,-0,0
32.276,0,-0,-0,0
32.306,0,-0,-0,0
32.336,0,-0,-0,0
32.366,0,-0,-0,0
32.396,0,-0,-0,0
32.426,0,-0,-0,0
32.456,0,-0,-0,0
32.486,0,-0,-0,0
32.516,0,-0,-0,0
32.546,0,-0,-0,0
32.576,0,-0,-0,0
32.606,0,-0,-0,0
32.636,0,-0,-0,0
32.666,0,-0,-0,0
32.697,0,-0,-0,0
32.727,0,-0,-0,0
32.757,0,-0,-0,0
32.787,0,-0,-0,0
32.817,0,-0,-0,0
32.847,0,-0,-0,0
32.877,0,-0,-0,0
32.907,0,-0,-0,0
32.937,0,-0,-0,0
32.967,0,-0,-0,0
32.997,0,-0,-0,0
33.027,0,-0,-0,0
33.057,0,-0,-0,0
33.087,0,-0,-0,0
33.117,0,4.9,0.07,0
33.147,4.95,10.15,0.3,0
33.177,9.72,10.45,0.61,0
33.207,13.38,7.78,0.88,0
33.237,15.4,4.12,1.06,0
33.267,17.23,2.1,1.15,0
33.297,18.51,0.27,1.19,0
33.327,19.25,-1.01,1.18,0
33.357,18.33,-1.75,1.13,0
33.387,13.38,-0.83,1.09,0
33.417,9.17,4.12,1.14,0
33.447,12.28,8.33,1.33,0
33.477,15.4,5.22,1.53,0
33.508,16.86,2.1,1.64,0
33.538,17.96,0.64,1.69,0
33.568,18.88,-0.46,1.69,0
33.598,18.88,-1.38,1.66,0
33.628,17.05,-1.38,1.62,0
33.658,11.37,0.45,1.6,0
33.688,12.83,6.13,1.7,0
33.718,15.58,4.67,1.87,0
33.748,17.23,1.92,1.96,0
33.778,18.51,0.27,2,0
33.808,19.25,-1.01,1.99,0
33.838,18.33,-1.75,1.94,0
33.868,13.56,-0.83,1.91,0
33.898,9.53,3.94,1.95,0
33.928,13.01,7.97,2.13,0
33.958,15.58,4.49,2.32,0
33.988,16.86,1.92,2.41,0
34.018,17.96,0.64,2.45,0
34.048,19.06,-0.46,2.45,0
34.078,19.06,-1.56,2.42,0
34.108,17.05,-1.56,2.38,0
34.138,11.37,0.45,2.36,0
34.168,12.83,6.13,2.46,0
34.198,15.58,4.67,2.62,0
34.228,17.41,1.92,2.72,0
34.258,18.33,0.09,2.75,0
34.288,19.06,-0.83,2.74,0
34.318,18.51,-1.56,2.7,0
34.348,15.58,-1.01,2.66,0
34.378,10.63,1.92,2.68,0
34.408,13.93,6.87,2.81,0
34.438,16.13,3.57,2.97,0
34.468,17.41,1.37,3.04,0
34.498,18.33,0.09,3.06,0
34.528,19.43,-0.83,3.05,0
34.558,19.06,-1.93,3.01,0
34.588,15.95,-1.56,2.96,0
34.618,10.63,1.55,2.96,0
34.648,13.56,6.87,3.08,0
34.678,16.13,3.94,3.25,0
34.708,17.6,1.37,3.33,0
34.738,18.51,-0.1,3.34,0
34.768,18.15,-1.01,3.33,0
34.798,17.05,-0.65,3.3,0
34.828,16.68,0.45,3.3,0
34.858,16.86,0.82,3.32,0
34.888,17.78,0.64,3.34,0
34.918,18.7,-0.28,3.35,0
34.948,18.33,-1.2,3.32,0
34.978,17.23,-0.83,3.29,0
35.008,15.76,0.27,3.29,0
35.038,15.95,1.74,3.32,0
35.068,17.6,1.55,3.36,0
35.098,18.33,-0.1,3.39,0
35.129,18.15,-0.83,3.37,0
35.159,17.96,-0.65,3.35,0
35.189,17.6,-0.46,3.33,0
35.219,17.23,-0.1,3.33,0
35.249,16.86,0.27,3.33,0
35.279,16.86,0.64,3.34,0
35.309,17.23,0.64,3.36,0
35.339,17.6,0.27,3.37,0
35.369,17.6,-0.1,3.38,0
35.399,17.23,-0.1,3.37,0
35.429,17.05,0.27,3.38,0
35.459,17.05,0.45,3.39,0
35.489,17.05,0.45,3.4,0
35.519,17.05,0.45,3.41,0
35.549,17.05,0.45,3.43,0
35.579,17.05,0.45,3.44,0
35.609,17.23,0.45,3.46,0
35.639,17.23,0.27,3.47,0
35.669,17.05,0.27,3.47,0
35.699,17.05,0.45,3.48,0
35.729,17.05,0.45,3.5,0
35.759,17.23,0.45,3.51,0
35.789,17.23,0.27,3.52,0
35.819,17.05,0.27,3.53,0
35.849,17.05,0.45,3.54,0
35.879,17.05,0.45,3.56,0
35.909,17.05,0.45,3.57,0
35.94,17.05,0.45,3.58,0
35.97,17.05,0.45,3.6,0
36,17.05,0.45,3.61,0
36.03,17.05,0.45,3.62,0
36.06,17.05,0.45,3.64,0
36.09,17.23,0.45,3.65,0
36.12,17.05,0.27,3.66,0
36.15,17.05,0.45,3.67,0
36.18,17.05,0.45,3.69,0
36.21,17.05,0.45,3.7,0
36.24,17.05,0.45,3.71,0
36.27,17.05,0.45,3.73,0
36.3,17.05,0.45,3.74,0
36.33,17.05,0.45,3.75,0
36.36,17.05,0.45,3.77,0
36.39,17.05,0.45,3.78,0
36.42,17.05,0.45,3.79,0
36.45,17.05,0.45,3.81,0
36.48,17.05,0.45,3.82,0
36.51,17.05,0.45,3.84,0
36.54,17.05,0.45,3.85,0
36.57,17.05,0.45,3.86,0
36.6,17.05,0.45,3.88,0
36.63,17.05,0.45,3.89,0
36.66,17.05,0.45,3.9,0
36.69,17.05,0.45,3.92,0
36.72,17.05,0.45,3.93,0
36.75,17.05,0.45,3.94,0
36.78,17.05,0.45,3.96,0
36.81,17.05,0.45,3.97,0
36.84,17.05,0.45,3.98,0
36.87,17.05,0.45,4,0
36.9,17.05,0.45,4.01,0
36.93,17.05,0.45,4.03,0
36.96,17.05,0.45,4.04,0
36.99,17.05,0.45,4.05,0
37.02,17.05,0.45,4.07,0
37.05,17.05,0.45,4.08,0
37.08,17.05,0.45,4.09,0
37.11,17.05,0.45,4.11,0
37.14,17.05,0.45,4.12,0
37.17,17.05,0.45,4.13,0
37.2,17.05,0.45,4.15,0
37.23,17.05,0.45,4.16,0
37.26,17.05,0.45,4.18,0
37.29,17.05,0.45,4.19,0
37.32,17.23,0.45,4.2,0
37.35,17.05,0.27,4.21,0
37.38,17.05,0.45,4.22,0
37.41,17.05,0.45,4.24,0
37.44,17.05,0.45,4.25,0
37.47,17.05,0.45,4.27,0
37.5,17.05,0.45,4.28,0
37.53,17.05,0.45,4.29,0
37.561,17.05,0.45,4.31,0
37.591,17.05,0.45,4.32,0
37.621,17.05,0.45,4.33,0
37.651,17.05,0.45,4.35,0
37.681,17.05,0.45,4.36,0
37.711,17.05,0.45,4.37,0
37.741,17.05,0.45,4.39,0
37.771,17.05,0.45,4.4,0
37.801,17.05,0.45,4.41,0
37.831,17.05,0.45,4.43,0
37.861,17.05,0.45,4.44,0
37.891,17.05,0.45,4.46,0
37.921,17.05,0.45,4.47,0
37.951,17.05,0.45,4.48,0
37.981,17.05,0.45,4.5,0
38.011,17.05,0.45,4.51,0
38.041,17.05,0.45,4.52,0
38.071,17.05,0.45,4.54,0
38.101,17.05,0.45,4.55,0
38.131,17.05,0.45,4.56,0
38.161,17.05,0.45,4.58,0
38.191,17.05,0.45,4.59,0
38.221,17.05,0.45,4.6,0
38.251,17.05,0.45,4.62,0
38.281,17.05,0.45,4.63,0
38.311,17.05,0.45,4.65,0
38.341,17.05,0.45,4.66,0
38.372,17.05,0.45,4.67,0
38.402,17.05,0.45,4.69,0
38.432,17.05,0.45,4.7,0
38.462,17.05,0.45,4.71,0
38.492,17.05,0.45,4.73,0
38.522,17.05,0.45,4.74,0
38.552,17.05,0.45,4.75,0
38.582,17.05,0.45,4.77,0
38.612,17.05,0.45,4.78,0
38.642,17.05,0.45,4.8,0
38.672,17.05,0.45,4.81,0
38.702,17.05,0.45,4.82,0
38.732,17.05,0.45,4.84,0
38.762,17.05,0.45,4.85,0
38.792,17.05,0.45,4.86,0
38.822,17.05,0.45,4.88,0
38.852,17.05,0.45,4.89,0
38.882,17.05,0.45,4.9,0
38.912,17.05,0.45,4.92,0
38.942,17.05,0.45,4.93,0
38.972,17.05,0.45,4.94,0
39.002,17.05,0.45,4.96,0
39.032,17.05,0.45,4.97,0
39.062,17.05,0.45,4.99,0
39.092,17.05,0.45,5,0
39.122,17.05,0.45,5.01,0
39.152,17.05,0.45,5.03,0
39.182,17.05,0.45,5.04,0
39.212,17.05,0.45,5.05,0
39.242,17.05,0.45,5.07,0
39.272,17.05,0.45,5.08,0
39.302,17.05,0.45,5.09,0
39.332,17.05,0.45,5.11,0
39.362,17.05,0.45,5.12,0
39.392,17.05,0.45,5.14,0
39.422,17.05,0.45,5.15,0
39.452,17.05,0.45,5.16,0
39.482,17.05,0.45,5.18,0
39.512,17.05,0.45,5.19,0
39.542,17.05,0.45,5.2,0
39.572,17.05,0.45,5.22,0
39.602,17.05,0.45,5.23,0
39.632,17.05,0.45,5.24,0
39.662,17.05,0.45,5.26,0
39.692,17.05,0.45,5.27,0
39.722,17.05,0.45,5.28,0
39.752,17.05,0.45,5.3,0
39.782,17.05,0.45,5.31,0
39.812,17.05,0.45,5.33,0
39.842,17.05,0.45,5.34,0
39.872,17.05,0.45,5.35,0
39.902,17.05,0.45,5.37,0
39.932,17.05,0.45,5.38,0
39.962,17.05,0.45,5.39,0
39.993,17.05,0.45,5.41,0
40.023,17.05,0.45,5.42,0
40.053,17.05,0.45,5.43,0
40.083,17.05,0.45,5.45,0
40.113,17.05,0.45,5.46,0
40.143,17.05,0.45,5.48,0
40.173,17.05,0.45,5.49,0
40.203,17.05,0.45,5.5,0
40.233,17.05,0.45,5.52,0
40.263,17.05,0.45,5.53,0
40.293,17.05,0.45,5.54,0
40.323,17.05,0.45,5.56,0
40.353,17.05,0.45,5.57,0
40.383,17.05,0.45,5.58,0
40.413,17.05,0.45,5.6,0
40.443,17.05,0.45,5.61,0
40.473,17.05,0.45,5.62,0
40.503,17.05,0.45,5.64,0
40.533,17.05,0.45,5.65,0
40.563,17.05,0.45,5.67,0
40.593,17.05,-0.25,5.67,0
40.623,16.68,-5.5,5.58,0
40.653,15.76,-10.38,5.34,0
40.683,11.55,-14.71,4.96,0
40.713,7.7,-11.55,4.56,0
40.743,4.58,-7.7,4.27,0
40.773,2.38,-4.58,4.09,0
40.804,0.92,-2.38,3.98,0
40.834,0.19,-0.92,3.93,0
40.864,0,-0.19,3.92,0
40.894,0,-0,3.91,0
40.924,0,-0,3.91,0
40.954,0,-0,3.91,0
40.984,0,-0,3.91,0
41.014,0,-0,3.91,0
41.044,0,-0,3.91,0
41.074,0,-0,3.91,0
41.104,0,-0,3.91,0
41.134,0,-0,3.91,0
41.164,0,-0,3.91,0
41.194,0,-0,3.91,0
41.224,0,-0,3.91,0
41.254,0,-0,3.91,0
41.284,0,-0,3.91,0
41.314,0,-0,3.91,0
41.344,0,-0,3.91,0
41.374,0,-0,3.91,0
41.404,0,-0,3.91,0
41.434,0,-0,3.91,0
41.464,0,-0,3.91,0
41.494,0,-0,3.91,0
41.524,0,-0,3.91,0
41.554,0,-0,3.91,0
41.584,0,-0,3.91,0
41.614,0,-0,3.91,0
41.644,0,-0,3.91,0
41.674,0,-0,3.91,0
41.704,0,-0,3.91,0
41.734,0,-0,3.91,0
41.764,0,-0,3.91,0
41.794,0,-0,3.91,0
41.824,0,-0,3.91,0
41.854,0,-0,3.91,0
41.884,0,-0,3.91,0
41.914,0,-0,3.91,0
41.944,0,-0,3.91,0
41.974,0,-0,3.91,0
42.004,0,-0,3.91,0
42.034,0,-0,3.91,0
42.064,0,-0,3.91,0
42.094,0,-0,3.91,0
42.124,0,-0,3.91,0
42.154,0,-0,3.91,0
42.184,0,-0,3.91,0
42.214,0,-0,3.91,0
42.244,0,-0,3.91,0
42.274,0,-0,3.91,0
42.304,0,-0,3.91,0
42.334,0,-0,3.91,0
42.364,0,-0,3.91,0
42.394,0,-0,3.91,0
42.425,0,-0,3.91,0
42.455,0,-0,3.91,0
42.485,0,-0,3.91,0
42.515,0,-0,3.91,0
42.545,0,-0,3.91,0
42.575,0,-0,3.91,0
42.605,0,-0,3.91,0
42.635,0,-0,3.91,0
42.665,0,-0,3.91,0
42.695,0,-0,3.91,0
42.725,0,-0,3.91,0
42.755,0,-0,3.91,0
42.785,0,-0,3.91,0
42.815,0,-0,3.91,0
42.845,0,-0,3.91,0
42.875,0,-0,3.91,0
42.905,0,-0,3.91,0
42.935,0,-0,3.91,0
42.965,0,-0,3.91,0
42.995,0,-0,3.91,0
43.025,0,-0,3.91,0
43.055,0,-0,3.91,0
43.085,0,-0,3.91,0
43.115,0,-0,3.91,0
43.145,0,-0,3.91,0
43.175,0,-0,3.91,0
43.205,0,-0,3.91,0
43.236,0,-0,3.91,0
43.266,0,-0,3.91,0
43.296,0,-0,3.91,0
43.326,0,-0,3.91,0
43.356,0,-0,3.91,0
43.386,0,-0,3.91,0
43.416,0,-0,3.91,0
43.446,0,-0,3.91,0
43.476,0,-0,3.91,0
43.506,0,-0,3.91,0
43.536,0,-0,3.91,0
43.566,0,-0,3.91,0
43.596,0,-0,3.91,0
43.626,0,-0,3.91,0
43.656,0,-0,3.91,0
43.686,0,-0,3.91,0
43.716,0,-0,3.91,0
43.746,0,-0,3.91,0
43.776,0,-0,3.91,0
43.806,0,-0,3.91,0
43.836,0,-0,3.91,0
43.866,0,-0,3.91,0
43.896,0,-0,3.91,0
43.926,0,-0,3.91,0
43.956,0,-0,3.91,0
43.986,0,-0,3.91,0
44.016,0,-0,3.91,0
44.046,0,-0,3.91,0
44.076,0,-0,3.91,0
44.106,0,-0,3.91,0
44.136,0,-0,3.91,0
44.166,0,-0,3.91,0
44.196,0,-0,3.91,0
44.226,0,-0,3.91,0
44.256,0,-0,3.91,0
44.286,0,-0,3.91,0
44.316,0,-0,3.91,0
44.346,0,-0,3.91,0
44.376,0,-0,3.91,0
44.406,0,-0,3.91,0
44.436,0,-0,3.91,0
44.466,0,-0,3.91,0
44.496,0,-0,3.91,0
44.526,0,-0,3.91,0
44.556,0,-0,3.91,0
44.586,0,-0,3.91,0
44.616,0,-0,3.91,0
44.646,0,-0,3.91,0
44.676,0,-0,3.91,0
44.706,0,-0,3.91,0
44.736,0,-0,3.91,0
44.766,0,-0,3.91,0
44.796,0,-0,3.91,0
44.826,0,-0,3.91,0
44.857,0,-0,3.91,0
44.887,0,-0,3.91,0
44.917,0,-0,3.91,0
44.947,0.19,-0,3.91,0
44.977,0,-0.19,3.9,0
45.007,0,-0,3.9,0
45.037,0,-0,3.9,0
45.067,0,-0,3.9,0
45.097,0,-0,3.9,0
45.127,0,-0,3.9,0
45.157,0,-0,3.9,0
45.187,0,-0,3.9,0
45.217,0,-0,3.9,0
45.247,0,-0,3.9,0
45.277,0,-0,3.9,0
45.307,0,-0,3.9,0
45.337,0,-0,3.9,0
45.367,0,-0,3.9,0
45.397,0,-0,3.9,0
45.427,0,-0,3.9,0
45.457,0,-0,3.9,0
45.487,0,-0,3.9,0
45.517,0,-0,3.9,0
45.547,0,-0,3.9,0
45.577,0,-0,3.9,0
45.607,0,-0,3.9,0
45.637,0,-0,3.9,0
45.668,0,-0,3.9,0
45.698,0,-0,3.9,0
45.728,0,-0,3.9,0
45.758,0,-0,3.9,0
45.788,0,-0,3.9,0
45.818,0,-0,3.9,0
45.848,0,-0,3.9,0
45.878,0,-0,3.9,0
45.908,0,-0,3.9,0
45.938,0,-0,3.9,0
45.968,0,-0,3.9,0
45.998,0,-0,3.9,0
46.028,0,-0,3.9,0
46.058,0,-0,3.9,0
46.088,0,-0,3.9,0
46.118,0,-0,3.9,0
46.148,0,-0,3.9,0
46.178,0,-0,3.9,0
46.208,0,-0,3.9,0
46.238,0,-0,3.9,0
46.268,0,-0,3.9,0
46.298,0,-0,3.9,0
46.328,0,-0,3.9,0
46.358,0,-0,3.9,0
46.388,0,-0,3.9,0
46.418,0,-0,3.9,0
46.448,0,-0,3.9,0
46.478,0,-0,3.9,0
46.508,0,-0,3.9,0
46.538,0,-0,3.9,0
46.568,0,-0,3.9,0
46.598,0,-0,3.9,0
46.628,0,-0,3.9,0
46.658,0,-0,3.9,0
46.688,0,-0,3.9,0
46.718,0,-0,3.9,0
46.748,0,-0,3.9,0
46.778,0,-0,3.9,0
46.808,0,-0,3.9,0
46.838,0,-0,3.9,0
46.868,0,-0,3.9,0
46.898,0,-0,3.9,0
46.928,0,-0,3.9,0
46.958,0,-0,3.9,0
46.988,0,-0,3.9,0
47.018,0,-0,3.9,0
47.048,0,-0,3.9,0
47.078,0,-0,3.9,0
47.108,0,-0,3.9,0
47.138,0,-0,3.9,0
47.168,0,-0,3.9,0
47.198,0,-0,3.9,0
47.228,0,-0,3.9,0
47.258,0,-0,3.9,0
47.289,0,-0,3.9,0
47.319,0,-0,3.9,0
47.349,0,-0,3.9,0
47.379,0,-0,3.9,0
47.409,0,-0,3.9,0
47.439,0,-0,3.9,0
47.469,0,-0,3.9,0
47.499,0,-0,3.9,0
47.529,0,-0,3.9,0
47.559,0,-0,3.9,0
47.589,0,-0,3.9,0
47.619,0,-0,3.9,0
47.649,0,-0,3.9,0
47.679,0,-0,3.9,0
47.709,0,-0,3.9,0
47.739,0,-0,3.9,0
47.769,0,-0,3.9,0
47.799,0,-0,3.9,0
47.829,0,-0,3.9,0
47.859,0,-0,3.9,0
47.889,0,-0,3.9,0
47.919,0,-0,3.9,0
47.949,0,-0,3.9,0
47.979,0,-0,3.9,0
48.009,0,-0,3.9,0
48.039,0,-0,3.9,0
48.069,0,-0,3.9,0
48.07,0,0,0,1
48.1,0,0,0,0
48.13,0,-0,-0,0
48.16,0,-0,-0,0
48.19,0,-0,-0,0
48.22,0,-0,-0,0
48.25,0,-0,-0,0
48.28,0,-0,-0,0
48.31,0,-0,-0,0
48.34,0,-0,-0,0
48.37,0,-0,-0,0
48.4,0,-0,-0,0
48.43,0,-0,-0,0
48.46,0,-0,-0,0
48.49,0,-0,-0,0
48.52,0.19,-0,-0,0
48.55,0,-0.19,-0,0
48.58,0,-0,-0.01,0
48.61,0,-0,-0.01,0
48.64,0,-0,-0.01,0
48.67,0,-0,-0.01,0
48.7,0,-0,-0.01,0
48.73,0,-0,-0.01,0
48.76,0,-0,-0.01,0
48.79,0,-0,-0.01,0
48.82,0,-0,-0.01,0
48.85,0,-0,-0.01,0
48.88,0,-0,-0.01,0
48.91,0,-0,-0.01,0
48.94,0,-0,-0.01,0
48.97,0,-0,-0.01,0
49,0,-0,-0.01,0
49.03,0,-0,-0.01,0
49.06,0,-0,-0.01,0
49.09,0,-0,-0.01,0
49.12,0,-0,-0.01,0
49.15,0,5.07,0.07,0
49.18,4.95,10.32,0.3,0
49.21,9.9,10.62,0.61,0
49.24,13.2,7.6,0.89,0
49.27,15.58,4.3,1.07,0
49.3,17.23,1.92,1.16,0
49.33,18.51,0.27,1.19,0
49.36,19.43,-1.01,1.18,0
49.39,18.33,-1.93,1.14,0
49.42,13.2,-0.83,1.1,0
49.45,9.17,4.3,1.15,0
49.48,12.83,8.33,1.34,0
49.51,15.58,4.67,1.53,0
49.54,17.05,1.92,1.63,0
49.57,17.96,0.45,1.67,0
49.6,18.88,-0.46,1.67,0
49.63,18.88,-1.38,1.64,0
49.66,16.86,-1.38,1.6,0
49.69,11.37,0.64,1.59,0
49.721,13.01,6.13,1.69,0
49.751,15.76,4.49,1.85,0
49.781,17.41,1.74,1.94,0
49.811,18.51,0.09,1.97,0
49.841,18.7,-1.01,1.95,0
49.871,18.33,-1.2,1.92,0
49.901,13.38,-0.83,1.89,0
49.931,9.35,4.12,1.94,0
49.961,12.83,8.15,2.12,0
49.991,15.4,4.67,2.31,0
50.021,16.86,2.1,2.42,0
50.051,17.96,0.64,2.46,0
50.081,19.06,-0.46,2.46,0
50.111,19.06,-1.56,2.43,0
50.141,16.68,-1.56,2.38,0
50.171,11.92,0.82,2.37,0
50.201,13.75,5.58,2.47,0
50.231,16.13,3.75,2.61,0
50.261,17.78,1.37,2.68,0
50.291,18.7,-0.28,2.7,0
50.321,18.15,-1.2,2.68,0
50.351,16.86,-0.65,2.65,0
50.381,16.5,0.64,2.65,0
50.411,17.05,1,2.68,0
50.441,18.33,0.45,2.7,0
50.471,18.7,-0.83,2.69,0
50.501,18.15,-1.2,2.66,0
50.532,15.95,-0.65,2.63,0
50.562,15.58,1.55,2.65,0
50.592,16.86,1.92,2.7,0
50.622,17.96,0.64,2.74,0
50.652,18.15,-0.46,2.74,0
50.682,18.33,-0.65,2.72,0
50.712,18.33,-0.83,2.7,0
50.742,17.6,-0.83,2.68,0
50.772,16.68,-0.1,2.66,0
50.802,16.5,0.82,2.67,0
50.832,17.05,1,2.7,0
50.862,18.51,0.45,2.72,0
50.892,19.06,-1.01,2.71,0
50.922,18.15,-1.56,2.68,0
50.952,13.38,-0.65,2.64,0
50.982,11.18,4.12,2.69,0
51.012,13.38,6.32,2.85,0
51.042,16.13,4.12,3.01,0
51.072,17.23,1.37,3.09,0
51.102,18.15,0.27,3.11,0
51.132,19.25,-0.65,3.11,0
51.162,19.06,-1.75,3.07,0
51.192,16.31,-1.56,3.02,0
51.222,11.18,1.19,3.02,0
51.252,14.11,6.32,3.13,0
51.282,16.31,3.39,3.28,0
51.312,17.96,1.19,3.34,0
51.342,18.88,-0.46,3.35,0
51.372,18.33,-1.38,3.33,0
51.402,16.5,-0.83,3.29,0
51.432,14.85,1,3.3,0
51.462,16.68,2.65,3.35,0
51.492,17.96,0.82,3.4,0
51.522,18.7,-0.46,3.41,0
51.552,18.33,-1.2,3.38,0
51.582,16.68,-0.83,3.35,0
51.612,15.21,0.82,3.35,0
51.642,16.31,2.29,3.4,0
51.672,17.78,1.19,3.45,0
51.702,18.51,-0.28,3.47,0
51.732,18.33,-1.01,3.45,0
51.762,17.05,-0.83,3.42,0
51.792,15.58,0.45,3.41,0
51.822,16.13,1.92,3.45,0
51.852,17.6,1.37,3.5,0
51.882,18.51,-0.1,3.52,0
51.912,18.33,-1.01,3.5,0
51.942,17.05,-0.83,3.47,0
51.972,15.58,0.45,3.47,0
52.002,15.95,1.92,3.5,0
52.032,17.78,1.55,3.55,0
52.062,18.51,-0.28,3.57,0
52.092,18.33,-1.01,3.55,0
52.122,17.05,-0.83,3.53,0
52.153,15.4,0.45,3.52,0
52.183,15.95,2.1,3.56,0
52.213,17.78,1.55,3.61,0
52.243,18.51,-0.28,3.63,0
52.273,18.33,-1.01,3.61,0
52.303,16.86,-0.83,3.59,0
52.333,15.4,0.64,3.58,0
52.363,16.13,2.1,3.62,0
52.393,17.78,1.37,3.68,0
52.423,18.51,-0.28,3.69,0
52.453,18.33,-1.01,3.67,0
52.483,17.05,-0.83,3.65,0
52.513,15.58,0.45,3.64,0
52.543,15.95,1.92,3.68,0
52.573,17.78,1.55,3.73,0
52.603,18.51,-0.28,3.75,0
52.633,18.15,-1.01,3.73,0
52.663,17.05,-0.65,3.7,0
52.693,16.68,0.45,3.7,0
52.723,16.5,0.82,3.72,0
52.753,17.6,1,3.75,0
52.783,18.51,-0.1,3.76,0
52.813,18.33,-1.01,3.74,0
52.843,17.23,-0.83,3.72,0
52.873,15.76,0.27,3.71,0
52.903,15.95,1.74,3.74,0
52.933,17.78,1.55,3.79,0
52.964,18.51,-0.28,3.81,0
52.994,18.33,-1.01,3.79,0
53.024,16.86,-0.83,3.76,0
53.054,15.58,0.64,3.76,0
53.084,16.13,1.92,3.79,0
53.114,17.96,1.37,3.84,0
53.144,18.51,-0.46,3.86,0
53.174,18.15,-1.01,3.83,0
53.204,16.86,-0.65,3.81,0
53.234,16.5,0.64,3.81,0
53.264,16.86,1,3.83,0
53.294,18.15,0.64,3.86,0
53.324,18.51,-0.65,3.86,0
53.354,18.51,-1.01,3.83,0
53.384,16.31,-1.01,3.8,0
53.414,13.38,1.19,3.81,0
53.444,14.66,4.12,3.89,0
53.474,16.68,2.84,3.99,0
53.504,17.78,0.82,4.04,0
53.534,18.15,-0.28,4.05,0
53.564,18.51,-0.65,4.04,0
53.594,18.15,-1.01,4.01,0
53.624,16.13,-0.65,3.99,0
53.654,15.4,1.37,4,0
53.684,16.86,2.1,4.05,0
53.714,18.15,0.64,4.09,0
53.744,18.88,-0.65,4.09,0
53.774,18.51,-1.38,4.06,0
53.804,16.13,-1.01,4.03,0
53.834,13.01,1.37,4.03,0
53.864,14.66,4.49,4.12,0
53.894,16.68,2.84,4.23,0
53.924,17.78,0.82,4.28,0
53.954,18.7,-0.28,4.29,0
53.984,18.51,-1.2,4.27,0
54.014,16.86,-1.01,4.24,0
54.044,13.75,0.64,4.23,0
54.074,13.75,3.75,4.3,0
54.104,16.13,3.75,4.41,0
54.134,17.41,1.37,4.49,0
54.164,18.51,0.09,4.51,0
54.194,19.43,-1.01,4.49,0
54.224,18.7,-1.93,4.45,0
54.254,13.75,-1.2,4.4,0
54.284,9.35,3.75,4.44,0
54.314,13.01,8.15,4.62,0
54.344,15.58,4.49,4.81,0
54.374,17.23,1.92,4.91,0
54.404,18.15,0.27,4.94,0
54.434,19.06,-0.65,4.93,0
54.464,18.88,-1.56,4.9,0
54.494,16.31,-1.38,4.86,0
54.524,11.18,1.19,4.85,0
54.554,14.3,6.32,4.97,0
54.585,16.5,3.2,5.11,0
54.615,17.96,1,5.17,0
54.645,18.7,-0.46,5.18,0
54.675,18.51,-1.2,5.15,0
54.705,16.31,-1.01,5.12,0
54.735,13.2,1.19,5.12,0
54.765,14.66,4.3,5.21,0
54.795,16.86,2.84,5.32,0
54.825,17.96,0.64,5.37,0
54.855,18.7,-0.46,5.37,0
54.885,18.51,-1.2,5.35,0
54.915,16.68,-1.01,5.31,0
54.945,11.55,0.82,5.31,0
54.975,13.93,5.95,5.41,0
55.005,16.13,3.57,5.55,0
55.035,17.6,1.37,5.63,0
55.065,18.7,-0.1,5.65,0
55.095,18.33,-1.2,5.63,0
55.125,17.05,-0.83,5.6,0
55.155,15.58,0.45,5.59,0
55.185,15.95,1.92,5.63,0
55.215,17.78,1.55,5.68,0
55.245,18.51,-0.28,5.7,0
55.275,18.33,-1.01,5.68,0
55.305,16.86,-0.83,5.65,0
55.335,15.4,0.64,5.65,0
55.365,16.13,2.1,5.69,0
55.396,17.96,1.37,5.74,0
55.426,18.51,-0.46,5.76,0
55.456,18.33,-1.01,5.73,0
55.486,16.5,-0.83,5.71,0
55.516,15.21,1,5.71,0
55.546,16.86,2.29,5.76,0
55.576,17.96,0.64,5.8,0
55.606,18.15,-0.46,5.8,0
55.636,18.33,-0.65,5.79,0
55.666,18.15,-0.83,5.77,0
55.696,17.78,-0.65,5.74,0
55.726,17.23,-0.28,5.73,0
55.756,16.86,0.27,5.73,0
55.786,16.86,0.64,5.74,0
55.816,17.23,0.64,5.76,0
55.846,17.78,0.27,5.78,0
55.876,17.41,-0.28,5.77,0
55.906,17.23,0.09,5.77,0
55.936,17.05,0.27,5.78,0
55.966,17.05,0.45,5.79,0
55.996,17.23,0.45,5.8,0
56.026,17.05,0.27,5.81,0
56.056,17.05,0.45,5.82,0
56.086,17.05,0.45,5.84,0
56.116,17.05,0.45,5.85,0
56.146,17.23,0.45,5.86,0
56.176,17.23,0.27,5.87,0
56.206,17.05,0.27,5.88,0
56.236,17.05,0.45,5.89,0
56.266,17.05,0.45,5.91,0
56.296,17.23,0.45,5.92,0
56.326,17.05,0.27,5.93,0
56.356,17.05,0.45,5.94,0
56.386,17.05,0.45,5.96,0
56.416,17.05,0.45,5.97,0
56.446,17.23,0.45,5.98,0
56.476,17.05,0.27,5.99,0
56.506,17.05,0.45,6.01,0
56.536,17.05,0.45,6.02,0
56.566,17.05,0.45,6.03,0
56.596,17.05,0.45,6.05,0
56.626,17.05,-0.42,6.05,0
56.656,16.86,-5.67,5.96,0
56.686,15.58,-10.74,5.71,0
56.716,11.18,-14.71,5.33,0
56.746,7.52,-11.18,4.94,0
56.776,4.4,-7.52,4.66,0
56.806,2.2,-4.4,4.48,0
56.836,0.73,-2.2,4.38,0
56.866,0.19,-0.73,4.34,0
56.896,0,-0.19,4.32,0
56.926,0,-0,4.32,0
56.956,0,-0,4.32,0
56.986,0,-0,4.32,0
57.017,0,-0,4.32,0
57.047,0,-0,4.32,0
57.077,0,-0,4.32,0
57.107,0,-0,4.32,0
57.137,0,-0,4.32,0
57.167,0,-0,4.32,0
57.197,0,-0,4.32,0
57.227,0,-0,4.32,0
57.257,0,-0,4.32,0
57.287,0.19,-0,4.32,0
57.317,0,-0.19,4.32,0
57.347,0,-0,4.31,0
57.377,0,-0,4.31,0
57.407,0,-0,4.31,0
57.437,0,-0,4.31,0
57.467,0,-0,4.31,0
57.497,0,-0,4.31,0
57.527,0,-0,4.31,0
57.557,0,-0,4.31,0
57.587,0,-0,4.31,0
57.617,0,-0,4.31,0
57.647,0,-0,4.31,0
57.677,0,-0,4.31,0
57.707,0,-0,4.31,0
57.737,0,-0,4.31,0
57.767,0,-0,4.31,0
57.797,0,-0,4.31,0
57.828,0,-0,4.31,0
57.858,0,-0,4.31,0
57.888,0,-0,4.31,0
57.918,0,-0,4.31,0
57.948,0,-0,4.31,0
57.978,0,-0,4.31,0
58.008,0,-0,4.31,0
58.038,0,-0,4.31,0
58.068,0,-0,4.31,0
58.098,0,-0,4.31,0
58.128,0,-0,4.31,0
58.158,0,-0,4.31,0
58.188,0,-0,4.31,0
58.218,0,-0,4.31,0
58.248,0,-0,4.31,0
58.278,0,-0,4.31,0
58.308,0,-0,4.31,0
58.338,0,-0,4.31,0
58.368,0,-0,4.31,0
58.398,0,-0,4.31,0
58.428,0,-0,4.31,0
58.458,0,-0,4.31,0
58.488,0,-0,4.31,0
58.518,0,-0,4.31,0
58.548,0,-0,4.31,0
58.578,0,-0,4.31,0
58.608,0,-0,4.31,0
58.638,0,-0,4.31,0
58.668,0,-0,4.31,0
58.698,0,-0,4.31,0
58.728,0,-0,4.31,0
58.758,0,-0,4.31,0
58.788,0,-0,4.31,0
58.818,0,-0,4.31,0
58.848,0,-0,4.31,0
58.878,0,-0,4.31,0
58.908,0,-0,4.31,0
58.938,0,-0,4.31,0
58.968,0,-0,4.31,0
58.998,0,-0,4.31,0
59.028,0,-0,4.31,0
59.058,0,-0,4.31,0
59.088,0,-0,4.31,0
59.118,0,-0,4.31,0
59.148,0,-0,4.31,0
59.178,0,-0,4.31,0
59.208,0,-0,4.31,0
59.238,0,-0,4.31,0
59.268,0,-0,4.31,0
59.298,0,-0,4.31,0
59.328,0,-0,4.31,0
59.358,0,-0,4.31,0
59.388,0,-0,4.31,0
59.418,0,-0,4.31,0
59.449,0,-0,4.31,0
59.479,0,-0,4.31,0
59.509,0,-0,4.31,0
59.539,0,-0,4.31,0
59.569,0,-0,4.31,0
59.599,0,-0,4.31,0
59.629,0,-0,4.31,0
59.659,0,-0,4.31,0
59.689,0,-0,4.31,0
59.719,0,-0,4.31,0
59.749,0,-0,4.31,0
59.779,0,-0,4.31,0
59.809,0,-0,4.31,0
59.839,0,-0,4.31,0
59.869,0,-0,4.31,0
59.899,0,-0,4.31,0
59.929,0,-0,4.31,0
59.959,0,-0,4.31,0
59.989,0,-0,4.31,0
60.019,0,-0,4.31,0
60.049,0,-0,4.31,0
60.079,0,-0,4.31,0
60.109,0,-0,4.31,0
60.139,0,-0,4.31,0
60.169,0,-0,4.31,0
60.199,0,-0,4.31,0
60.229,0,-0,4.31,0
60.26,0,-0,4.31,0
60.29,0,-0,4.31,0
60.32,0,-0,4.31,0
60.35,0,-0,4.31,0
60.38,0,-0,4.31,0
60.41,0,-0,4.31,0
60.44,0,-0,4.31,0
60.47,0,-0,4.31,0
60.5,0,-0,4.31,0
60.53,0,-0,4.31,0
60.56,0,-0,4.31,0
60.59,0,-0,4.31,0
60.62,0,-0,4.31,0
60.65,0,-0,4.31,0
60.68,0,-0,4.31,0
60.71,0,-0,4.31,0
60.74,0,-0,4.31,0
60.77,0,-0,4.31,0
60.8,0,-0,4.31,0
60.83,0,-0,4.31,0
60.86,0,-0,4.31,0
60.89,0,-0,4.31,0
60.92,0,-0,4.31,0
60.95,0,-0,4.31,0
60.98,0,-0,4.31,0
61.01,0,-0,4.31,0
61.04,0,-0,4.31,0
61.07,0,-0,4.31,0
61.1,0,-0,4.31,0
61.13,0,-0,4.31,0
61.16,0,-0,4.31,0
61.19,0,-0,4.31,0
61.22,0,-0,4.31,0
61.25,0,-0,4.31,0
61.28,0,-0,4.31,0
61.31,0,-0,4.31,0
61.34,0,-0,4.31,0
61.37,0,-0,4.31,0
61.4,0,-0,4.31,0
61.43,0,-0,4.31,0
61.46,0,-0,4.31,0
61.49,0,-0,4.31,0
61.52,0,-0,4.31,0
61.55,0,-0,4.31,0
61.58,0,-0,4.31,0
61.61,0,-0,4.31,0
61.64,0,-0,4.31,0
61.67,0,-0,4.31,0
61.7,0,-0,4.31,0
61.73,0,-0,4.31,0
61.76,0,-0,4.31,0
61.79,0,-0,4.31,0
61.82,0,-0,4.31,0
61.85,0,-0,4.31,0
61.881,0,-0,4.31,0
61.911,0,-0,4.31,0
61.941,0,-0,4.31,0
61.971,0,-0,4.31,0
62.001,0,-0,4.31,0
62.031,0,-0,4.31,0
62.061,0,-0,4.31,0
62.091,0,-0,4.31,0
62.121,0,-0,4.31,0
62.151,0,-0,4.31,0
62.181,0,-0,4.31,0
62.211,0,-0,4.31,0
62.241,0,-0,4.31,0
62.271,0,-0,4.31,0
62.301,0,-0,4.31,0
62.331,0,-0,4.31,0
62.361,0,-0,4.31,0
62.391,0,-0,4.31,0
62.421,0,-0,4.31,0
62.451,0,-0,4.31,0
62.481,0,-0,4.31,0
62.511,0,-0,4.31,0
62.541,0,-0,4.31,0
62.571,0,-0,4.31,0
62.601,0,-0,4.31,0
62.631,0,-0,4.3,0
62.661,0,-0,4.3,0
62.692,0,-0,4.3,0
62.722,0,-0,4.3,0
62.752,0,-0,4.3,0
62.782,0,-0,4.3,0
62.812,0,-0,4.3,0
62.842,0,-0,4.3,0
62.872,0,-0,4.3,0
62.902,0,-0,4.3,0
62.932,0,-0,4.3,0
62.962,0,-0,4.3,0
62.992,0,-0,4.3,0
63.022,0,-0,4.3,0
63.052,0,-0,4.3,0
63.082,0,-0,4.3,0
63.112,0,-0,4.3,0
63.142,0,-0,4.3,0
63.172,0,-0,4.3,0
63.202,0,-0,4.3,0
63.232,0,-0,4.3,0
63.262,0,-0,4.3,0
63.292,0,-0,4.3,0
63.322,0,-0,4.3,0
63.352,0,-0,4.3,0
63.382,0,-0,4.3,0
63.412,0,-0,4.3,0
63.442,0,-0,4.3,0
63.472,0,-0,4.3,0
63.502,0,-0,4.3,0
63.532,0,-0,4.3,0
63.562,0,-0,4.3,0
63.592,0,-0,4.3,0
63.622,0,-0,4.3,0
63.652,0,-0,4.3,0
63.682,0,-0,4.3,0
63.712,0,-0,4.3,0
63.742,0,-0,4.3,0
63.772,0,-0,4.3,0
63.802,0,-0,4.3,0
63.832,0,-0,4.3,0
63.862,0,-0,4.3,0
63.892,0,-0,4.3,0
63.922,0,-0,4.3,0
63.952,0,-0,4.3,0
63.982,0,-0,4.3,0
64.012,0,-0,4.3,0
64.042,0,-0,4.3,0
64.072,0,-0,4.3,0
64.102,0,-0,4.3,0
64.103,0,0,0,1
64.132,0,0,0,0
64.162,0,-0,-0,0
64.192,0,-0,-0,0
64.222,0,-0,-0,0
64.252,0,-0,-0,0
64.282,0,-0,-0,0
64.313,0,-0,-0,0
64.343,0,-0,-0,0
64.373,0,-0,-0,0
64.403,0,-0,-0,0
64.433,0,-0,-0,0
64.463,0,-0,-0,0
64.493,0,-0,-0,0
64.523,0,-0,-0,0
64.553,0,-0,-0,0
64.583,0,-0,-0,0
64.613,0,-0,-0,0
64.643,0,-0,-0,0
64.673,0,-0,-0,0
64.703,0,-0,-0,0
64.733,0,-0,-0,0
64.763,0,-0,-0,0
64.793,0,-0,-0,0
64.823,0,-0,-0,0
64.853,0,-0,-0,0
64.883,0,-0,-0,0
64.913,0,-0,-0,0
64.943,0,-0,-0,0
64.973,0,-0,-0,0
65.003,0,-0,-0,0
65.033,0,-0,-0,0
65.063,0,-0,-0,0
65.093,0,-0,-0,0
65.124,0,-0,-0,0
65.154,0,-0,-0,0
65.184,0,5.25,0.08,0
65.214,5.32,10.5,0.31,0
65.244,10.27,10.43,0.63,0
65.274,13.38,7.23,0.89,0
65.304,15.58,4.12,1.06,0
65.334,17.23,1.92,1.15,0
65.364,18.7,0.27,1.19,0
65.394,19.06,-1.2,1.17,0
65.424,18.15,-1.56,1.13,0
65.454,12.83,-0.65,1.1,0
65.484,10.82,4.67,1.16,0
65.514,12.83,6.68,1.33,0
65.544,15.76,4.67,1.5,0
65.574,17.05,1.74,1.59,0
65.604,17.96,0.45,1.63,0
65.634,19.06,-0.46,1.63,0
65.664,18.88,-1.56,1.6,0
65.694,16.86,-1.38,1.55,0
65.724,11.18,0.64,1.54,0
65.754,13.01,6.32,1.65,0
65.784,15.76,4.49,1.81,0
65.814,17.41,1.74,1.9,0
65.844,18.51,0.09,1.93,0
65.874,18.88,-1.01,1.91,0
65.904,18.15,-1.38,1.88,0
65.934,13.38,-0.65,1.85,0
65.964,11,4.12,1.9,0
65.994,13.38,6.5,2.06,0
66.024,15.76,4.12,2.22,0
66.054,17.05,1.74,2.31,0
66.084,18.15,0.45,2.34,0
66.114,19.06,-0.65,2.34,0
66.144,19.06,-1.56,2.3,0
66.174,16.5,-1.56,2.26,0
66.204,10.82,1,2.25,0
66.234,13.93,6.68,2.36,0
66.264,16.31,3.57,2.52,0
66.294,17.78,1.19,2.59,0
66.324,18.7,-0.28,2.6,0
66.354,18.51,-1.2,2.58,0
66.384,16.68,-1.01,2.55,0
66.414,13.56,0.82,2.54,0
66.444,14.66,3.94,2.62,0
66.474,16.5,2.84,2.72,0
66.504,17.6,1,2.77,0
66.534,18.51,-0.1,2.79,0
66.564,18.51,-1.01,2.77,0
66.594,17.05,-1.01,2.74,0
66.624,12.1,0.45,2.73,0
66.654,13.56,5.4,2.82,0
66.684,15.95,3.94,2.96,0
66.714,17.41,1.55,3.04,0
66.745,18.51,0.09,3.07,0
66.775,19.06,-1.01,3.05,0
66.805,18.51,-1.56,3.01,0
66.835,13.56,-1.01,2.98,0
66.865,10.82,3.94,3.02,0
66.895,13.2,6.68,3.18,0
66.925,15.58,4.3,3.35,0
66.955,17.23,1.92,3.44,0
66.985,18.15,0.27,3.48,0
67.015,19.06,-0.65,3.47,0
67.045,19.06,-1.56,3.44,0
67.075,16.31,-1.56,3.39,0
67.105,11.92,1.19,3.38,0
67.135,14.3,5.58,3.49,0
67.165,16.5,3.2,3.62,0
67.195,17.96,1,3.68,0
67.225,18.88,-0.46,3.69,0
67.255,18.51,-1.38,3.66,0
67.285,16.5,-1.01,3.62,0
67.315,11.55,1,3.62,0
67.345,14.66,5.95,3.73,0
67.375,16.68,2.84,3.86,0
67.405,17.78,0.82,3.92,0
67.435,18.7,-0.28,3.92,0
67.465,18.51,-1.2,3.9,0
67.495,16.86,-1.01,3.87,0
67.525,13.01,0.64,3.86,0
67.556,13.75,4.49,3.94,0
67.586,16.31,3.75,4.06,0
67.616,17.6,1.19,4.14,0
67.646,18.7,-0.1,4.15,0
67.676,18.33,-1.2,4.13,0
67.706,17.05,-0.83,4.1,0
67.736,15.95,0.45,4.1,0
67.766,16.13,1.55,4.13,0
67.796,17.78,1.37,4.17,0
67.826,18.33,-0.28,4.19,0
67.856,18.33,-0.83,4.17,0
67.886,17.78,-0.83,4.15,0
67.916,17.23,-0.28,4.13,0
67.946,17.05,0.27,4.13,0
67.976,16.86,0.45,4.14,0
68.006,16.86,0.64,4.16,0
68.036,17.23,0.64,4.18,0
68.066,17.78,0.27,4.19,0
68.096,17.6,-0.28,4.19,0
68.126,17.23,-0.1,4.18,0
68.156,17.05,0.27,4.19,0
68.186,17.05,0.45,4.2,0
68.216,17.05,0.45,4.21,0
68.246,17.05,0.45,4.22,0
68.276,17.05,0.45,4.24,0
68.306,17.05,0.45,4.25,0
68.336,17.05,0.45,4.27,0
68.366,17.05,0.45,4.28,0
68.396,17.05,0.45,4.29,0
68.426,17.05,0.45,4.31,0
68.456,17.05,0.45,4.32,0
68.486,17.23,0.45,4.33,0
68.516,17.23,0.27,4.34,0
68.546,17.05,0.27,4.35,0
68.576,17.05,0.45,4.36,0
68.606,17.05,0.45,4.38,0
68.636,17.23,0.45,4.39,0
68.666,17.05,0.27,4.4,0
68.696,17.05,0.45,4.41,0
68.726,17.05,0.45,4.43,0
68.756,17.05,0.45,4.44,0
68.786,17.05,0.45,4.45,0
68.816,17.05,0.45,4.47,0
68.846,17.05,0.45,4.48,0
68.876,17.05,0.45,4.49,0
68.906,17.05,0.45,4.51,0
68.936,17.05,0.45,4.52,0
68.966,17.05,0.45,4.53,0
68.996,17.05,0.45,4.55,0
69.026,17.05,0.45,4.56,0
69.056,17.05,0.45,4.58,0
69.086,17.05,0.45,4.59,0
69.116,17.05,0.45,4.6,0
69.146,17.05,0.45,4.62,0
69.177,17.05,0.45,4.63,0
69.207,17.23,0.45,4.64,0
69.237,17.05,0.27,4.65,0
69.267,17.05,0.45,4.66,0
69.297,17.05,0.45,4.68,0
69.327,17.05,0.45,4.69,0
69.357,17.05,0.45,4.71,0
69.387,17.05,0.45,4.72,0
69.417,17.05,0.45,4.73,0
69.447,17.05,0.45,4.75,0
69.477,17.05,0.45,4.76,0
69.507,17.05,0.45,4.77,0
69.537,17.05,0.45,4.79,0
69.567,17.05,0.45,4.8,0
69.597,17.05,0.45,4.81,0
69.627,17.05,0.45,4.83,0
69.657,17.05,0.45,4.84,0
69.687,17.05,0.45,4.86,0
69.717,17.05,0.45,4.87,0
69.747,17.05,0.45,4.88,0
69.777,17.05,0.45,4.9,0
69.807,17.05,0.45,4.91,0
69.837,17.05,0.45,4.92,0
69.867,17.05,0.45,4.94,0
69.897,17.05,0.45,4.95,0
69.927,17.05,0.45,4.96,0
69.957,17.05,0.45,4.98,0
69.988,17.05,0.45,4.99,0
70.018,17.05,0.45,5,0
70.048,17.05,0.45,5.02,0
70.078,17.05,0.45,5.03,0
70.108,17.05,0.45,5.05,0
70.138,17.05,0.45,5.06,0
70.168,17.05,0.45,5.07,0
70.198,17.05,0.45,5.09,0
70.228,17.05,0.45,5.1,0
70.258,17.05,0.45,5.11,0
70.288,17.05,0.45,5.13,0
70.318,17.05,0.45,5.14,0
70.348,17.05,0.45,5.15,0
70.378,17.05,0.45,5.17,0
70.408,17.05,0.45,5.18,0
70.438,17.05,0.45,5.2,0
70.468,17.05,0.45,5.21,0
70.498,17.05,0.45,5.22,0
70.528,17.05,0.45,5.24,0
70.558,17.05,0.45,5.25,0
70.588,17.05,0.45,5.26,0
70.618,17.05,0.45,5.28,0
70.648,17.05,0.45,5.29,0
70.678,17.05,0.45,5.3,0
70.708,17.05,0.45,5.32,0
70.738,17.05,0.45,5.33,0
70.768,17.05,0.45,5.34,0
70.798,17.05,0.45,5.36,0
70.828,17.05,0.45,5.37,0
70.858,17.05,0.45,5.39,0
70.888,17.05,0.45,5.4,0
70.918,17.05,0.45,5.41,0
70.948,17.05,0.45,5.43,0
70.978,17.05,0.45,5.44,0
71.008,17.05,0.45,5.45,0
71.038,17.05,0.45,5.47,0
71.068,17.05,0.45,5.48,0
71.098,17.05,0.45,5.49,0
71.128,17.05,0.45,5.51,0
71.158,17.05,0.45,5.52,0
71.188,17.05,0.45,5.54,0
71.218,17.05,0.45,5.55,0
71.248,17.05,0.45,5.56,0
71.278,17.05,0.45,5.58,0
71.308,17.05,0.45,5.59,0
71.338,17.05,0.45,5.6,0
71.368,17.05,0.45,5.62,0
71.398,17.05,0.45,5.63,0
71.428,17.05,0.45,5.64,0
71.458,17.05,0.45,5.66,0
71.488,17.05,0.45,5.67,0
71.518,17.05,0.45,5.68,0
71.548,17.05,0.45,5.7,0
71.578,17.05,0.45,5.71,0
71.609,17.05,0.45,5.73,0
71.639,17.05,0.45,5.74,0
71.669,17.05,0.45,5.75,0
71.699,17.05,0.45,5.77,0
71.729,17.05,0.45,5.78,0
71.759,17.05,0.45,5.79,0
71.789,17.05,0.45,5.81,0
71.819,17.05,0.45,5.82,0
71.849,17.05,0.45,5.83,0
71.879,17.05,0.45,5.85,0
71.909,17.05,0.45,5.86,0
71.939,17.05,0.45,5.88,0
71.969,17.05,0.45,5.89,0
71.999,17.05,0.45,5.9,0
72.029,17.05,0.45,5.92,0
72.059,17.05,0.45,5.93,0
72.089,17.05,0.45,5.94,0
72.119,17.05,0.45,5.96,0
72.149,17.05,0.45,5.97,0
72.179,17.05,0.45,5.98,0
72.209,17.05,0.45,6,0
72.239,17.05,0.45,6.01,0
72.269,17.05,0.45,6.02,0
72.299,17.05,0.45,6.04,0
72.329,17.05,0.45,6.05,0
72.359,16.86,0.45,6.07,0
72.389,17.05,0.64,6.08,0
72.42,17.05,0.45,6.1,0
72.45,17.05,0.45,6.11,0
72.48,17.05,0.45,6.13,0
72.51,17.05,0.45,6.14,0
72.54,17.05,0.45,6.15,0
72.57,17.05,0.45,6.17,0
72.6,17.05,0.45,6.18,0
72.63,17.05,0.45,6.19,0
72.66,17.05,-0.6,6.19,0
72.69,16.86,-5.85,6.09,0
72.72,15.21,-10.91,5.84,0
72.75,10.27,-14.51,5.46,0
72.78,6.78,-10.27,5.09,0
72.81,3.85,-6.78,4.83,0
72.84,1.83,-3.85,4.67,0
72.87,0.55,-1.83,4.59,0
72.9,0.19,-0.55,4.55,0
72.93,0,-0.19,4.54,0
72.96,0,-0,4.54,0
72.99,0,-0,4.54,0
73.02,0,-0,4.54,0
73.05,0,-0,4.54,0
73.08,0,-0,4.54,0
73.11,0,-0,4.54,0
73.14,0,-0,4.54,0
73.17,0,-0,4.54,0
73.2,0,-0,4.54,0
73.23,0,-0,4.54,0
73.26,0,-0,4.54,0
73.29,0,-0,4.54,0
73.32,0,-0,4.54,0
73.35,0,-0,4.54,0
73.38,0,-0,4.54,0
73.41,0,-0,4.54,0
73.44,0,-0,4.54,0
73.47,0,-0,4.54,0
73.5,0,-0,4.54,0
73.53,0,-0,4.54,0
73.56,0,-0,4.54,0
73.59,0,-0,4.54,0
73.62,0,-0,4.54,0
73.65,0,-0,4.54,0
73.68,0,-0,4.54,0
73.71,0,-0,4.54,0
73.74,0,-0,4.54,0
73.77,0,-0,4.54,0
73.8,0,-0,4.54,0
73.83,0,-0,4.54,0
73.86,0,-0,4.54,0
73.89,0,-0,4.54,0
73.92,0,-0,4.54,0
73.95,0,-0,4.54,0
73.98,0,-0,4.54,0
74.01,0,-0,4.54,0
74.041,0,-0,4.54,0
74.071,0,-0,4.54,0
74.101,0,-0,4.54,0
74.131,0,-0,4.54,0
74.161,0,-0,4.54,0
74.191,0,-0,4.54,0
74.221,0,-0,4.54,0
74.251,0,-0,4.54,0
74.281,0,-0,4.54,0
74.311,0,-0,4.54,0
74.341,0,-0,4.54,0
74.371,0,-0,4.54,0
74.401,0,-0,4.54,0
74.431,0,-0,4.54,0
74.461,0,-0,4.54,0
74.491,0,-0,4.54,0
74.521,0,-0,4.54,0
74.551,0,-0,4.54,0
74.581,0,-0,4.54,0
74.611,0,-0,4.54,0
74.641,0,-0,4.54,0
74.671,0,-0,4.54,0
74.701,0,-0,4.54,0
74.731,0,-0,4.54,0
74.761,0,-0,4.54,0
74.791,0,-0,4.54,0
74.821,0,-0,4.54,0
74.852,0,-0,4.54,0
74.882,0,-0,4.54,0
74.912,0,-0,4.54,0
74.942,0,-0,4.54,0
74.972,0,-0,4.54,0
75.002,0,-0,4.54,0
75.032,0,-0,4.54,0
75.062,0,-0,4.54,0
75.092,0,-0,4.54,0
75.122,0,-0,4.54,0
75.152,0,-0,4.54,0
75.182,0,-0,4.54,0
75.212,0,-0,4.54,0
75.242,0,-0,4.54,0
75.272,0,-0,4.54,0
75.302,0,-0,4.54,0
75.332,0,-0,4.54,0
75.362,0,-0,4.54,0
75.392,0,-0,4.54,0
75.422,0,-0,4.54,0
75.452,0,-0,4.54,0
75.482,0,-0,4.54,0
75.512,0,-0,4.54,0
75.542,0,-0,4.54,0
75.572,0,-0,4.54,0
75.602,0,-0,4.53,0
75.632,0,-0,4.53,0
75.662,0,-0,4.53,0
75.692,0,-0,4.53,0
75.722,0,-0,4.53,0
75.752,0,-0,4.53,0
75.782,0,-0,4.53,0
75.812,0,-0,4.53,0
75.842,0,-0,4.53,0
75.872,0,-0,4.53,0
75.902,0,-0,4.53,0
75.932,0,-0,4.53,0
75.962,0,-0,4.53,0
75.992,0,-0,4.53,0
76.022,0,-0,4.53,0
76.052,0,-0,4.53,0
76.082,0,-0,4.53,0
76.112,0.19,-0,4.53,0
76.142,0,-0.19,4.53,0
76.172,0,-0,4.53,0
76.202,0,-0,4.53,0
76.232,0,-0,4.53,0
76.262,0,-0,4.53,0
76.292,0,-0,4.53,0
76.322,0,-0,4.53,0
76.352,0,-0,4.53,0
76.382,0,-0,4.53,0
76.412,0,-0,4.53,0
76.442,0,-0,4.53,0
76.473,0,-0,4.53,0
76.503,0,-0,4.53,0
76.533,0,-0,4.53,0
76.563,0,-0,4.53,0
76.593,0,-0,4.53,0
76.623,0,-0,4.53,0
76.653,0,-0,4.53,0
76.683,0,-0,4.53,0
76.713,0,-0,4.53,0
76.743,0,-0,4.53,0
76.773,0,-0,4.53,0
76.803,0,-0,4.53,0
76.833,0,-0,4.53,0
76.863,0.19,-0,4.53,0
76.893,0,-0.19,4.52,0
76.923,0,-0,4.52,0
76.953,0,-0,4.52,0
76.983,0.19,-0,4.52,0
77.013,0.19,-0.19,4.52,0
77.043,0.19,-0.19,4.51,0
77.073,0,-0.19,4.51,0
77.103,0,-0,4.5,0
77.133,0,-0,4.5,0
77.163,0,-0,4.5,0
77.193,0,-0,4.5,0
77.223,0,-0,4.5,0
77.253,0,-0,4.5,0
77.284,0,-0,4.5,0
77.314,0,-0,4.5,0
77.344,0,-0,4.5,0
77.374,0,-0,4.5,0
77.404,0,-0,4.5,0
77.434,0,-0,4.5,0
77.464,0,-0,4.5,0
77.494,0,-0,4.5,0
77.524,0,-0,4.5,0
77.554,0,-0,4.5,0
77.584,0,-0,4.5,0
77.614,0,-0,4.5,0
77.644,0,-0,4.5,0
77.674,0,-0,4.5,0
77.704,0,-0,4.5,0
77.734,0,-0,4.5,0
77.764,0,-0,4.5,0
77.794,0,-0,4.5,0
77.824,0,-0,4.5,0
77.854,0,-0,4.5,0
77.884,0,-0,4.5,0
77.914,0,-0,4.5,0
77.944,0,-0,4.5,0
77.974,0,-0,4.5,0
78.004,0,-0,4.5,0
78.034,0,-0,4.5,0
78.064,0,-0,4.5,0
78.094,0,-0,4.5,0
78.124,0,-0,4.5,0
78.154,0,-0,4.5,0
78.184,0,-0,4.5,0
78.214,0,-0,4.5,0
78.244,0,-0,4.5,0
78.274,0,-0,4.5,0
78.304,0,-0,4.5,0
78.334,0,-0,4.5,0
78.364,0,-0,4.5,0
78.394,0,-0,4.5,0
78.424,0,-0,4.5,0
78.454,0,-0,4.5,0
78.484,0,-0,4.5,0
78.514,0,-0,4.5,0
78.544,0,-0,4.5,0
78.574,0,-0,4.5,0
78.604,0,-0,4.5,0
78.634,0,-0,4.5,0
78.664,0,-0,4.5,0
78.694,0,-0,4.5,0
78.724,0,-0,4.5,0
78.754,0,-0,4.5,0
78.784,0,-0,4.5,0
78.814,0,-0,4.5,0
78.844,0,-0,4.5,0
78.874,0,-0,4.5,0
78.905,0,-0,4.5,0
78.935,0.19,-0,4.5,0
78.965,0,-0.19,4.5,0
78.995,0,-0,4.5,0
79.025,0,-0,4.5,0
79.055,0,-0,4.5,0
79.085,0,-0,4.5,0
79.115,0,-0,4.5,0
79.145,0,-0,4.5,0
79.175,0,-0,4.5,0
79.205,0,-0,4.5,0
79.235,0,-0,4.5,0
79.265,0,-0,4.5,0
79.295,0,-0,4.5,0
79.325,0,-0,4.5,0
79.355,0,-0,4.5,0
79.385,0,-0,4.5,0
79.415,0,-0,4.5,0
79.445,0.19,-0,4.5,0
79.475,0,-0.19,4.49,0
79.505,0,-0,4.49,0
79.535,0,-0,4.49,0
79.565,0,-0,4.49,0
79.595,0,-0,4.49,0
79.625,0,-0,4.49,0
79.655,0,-0,4.49,0
79.685,0,-0,4.49,0
79.716,0,-0,4.49,0
79.746,0,-0,4.49,0
79.776,0,-0,4.49,0
79.806,0,-0,4.49,0
79.836,0,-0,4.49,0
79.866,0,-0,4.49,0
79.896,0,-0,4.49,0
79.926,0,-0,4.49,0
79.956,0,-0,4.49,0
79.986,0,-0,4.49,0
80.016,0,-0,4.49,0
80.046,0,-0,4.49,0
80.076,0.19,-0,4.49,0
80.106,0,-0.19,4.49,0
80.136,0,-0,4.48,0
80.137,0,0,0,1
80.166,0,0,0,0
80.196,0,-0,-0,0
80.226,0,-0,-0,0
80.256,0,-0,-0,0
80.286,0,-0,-0,0
80.316,0,-0,-0,0
80.346,0,-0,-0,0
80.376,0,-0,-0,0
80.406,0,-0,-0,0
80.436,0,-0,-0,0
80.466,0,-0,-0,0
80.496,0,-0,-0,0
80.526,0,-0,-0,0
80.556,0,-0,-0,0
80.586,0,-0,-0,0
80.616,0,-0,-0,0
80.646,0,-0,-0,0
80.676,0,-0,-0,0
80.706,0,-0,-0,0
80.736,0,-0,-0,0
80.766,0,-0,-0,0
80.796,0,-0,-0,0
80.826,0,-0,-0,0
80.856,0,-0,-0,0
80.886,0,-0,-0,0
80.916,0,-0,-0,0
80.946,0,-0,-0,0
80.976,0,-0,-0,0
81.006,0,-0,-0,0
81.036,0,-0,-0,0
81.066,0,-0,-0,0
81.096,0,-0,-0,0
81.126,0,-0,-0,0
81.156,0,-0,-0,0
81.186,0,-0,-0,0
81.216,0,4.72,0.07,0
81.246,4.95,9.97,0.29,0
81.276,9.9,10.27,0.6,0
81.306,13.2,7.6,0.86,0
81.337,15.4,4.3,1.04,0
81.367,17.23,2.1,1.14,0
81.397,18.51,0.27,1.17,0
81.427,19.43,-1.01,1.16,0
81.457,18.33,-1.93,1.12,0
81.487,13.38,-0.83,1.08,0
81.517,9.17,4.12,1.13,0
81.547,12.83,8.33,1.31,0
81.577,15.58,4.67,1.51,0
81.607,17.05,1.92,1.61,0
81.637,17.96,0.45,1.64,0
81.667,18.88,-0.46,1.64,0
81.697,18.88,-1.38,1.61,0
81.727,17.05,-1.38,1.57,0
81.757,11.18,0.45,1.56,0
81.787,12.47,6.32,1.66,0
81.817,15.4,5.03,1.83,0
81.847,17.23,2.1,1.94,0
81.877,18.33,0.27,1.97,0
81.907,19.06,-0.83,1.97,0
81.937,18.51,-1.56,1.93,0
81.967,15.4,-1.01,1.89,0
81.997,10.45,2.1,1.91,0
82.027,13.75,7.05,2.05,0
82.057,16.13,3.75,2.21,0
82.087,17.41,1.37,2.29,0
82.117,18.33,0.09,2.31,0
82.148,19.25,-0.83,2.3,0
82.178,19.06,-1.75,2.26,0
82.208,15.58,-1.56,2.21,0
82.238,10.45,1.92,2.22,0
82.268,13.38,7.05,2.35,0
82.298,15.95,4.12,2.52,0
82.328,17.6,1.55,2.6,0
82.358,18.51,-0.1,2.62,0
82.388,18.15,-1.01,2.61,0
82.418,17.05,-0.65,2.58,0
82.448,16.68,0.45,2.58,0
82.478,16.68,0.82,2.6,0
82.508,17.78,0.82,2.62,0
82.538,18.51,-0.28,2.63,0
82.568,18.33,-1.01,2.61,0
82.598,17.05,-0.83,2.59,0
82.628,15.4,0.45,2.58,0
82.658,15.95,2.1,2.62,0
82.688,17.6,1.55,2.67,0
82.718,18.33,-0.1,2.69,0
82.748,18.15,-0.83,2.68,0
82.778,17.96,-0.65,2.66,0
82.808,17.6,-0.46,2.64,0
82.838,17.23,-0.1,2.63,0
82.868,16.86,0.27,2.64,0
82.898,16.68,0.64,2.65,0
82.928,17.23,0.82,2.67,0
82.958,18.51,0.27,2.69,0
82.988,19.06,-1.01,2.68,0
83.018,18.15,-1.56,2.64,0
83.048,13.56,-0.65,2.6,0
83.078,9.53,3.94,2.65,0
83.108,13.38,7.97,2.83,0
83.138,15.58,4.12,3.01,0
83.168,17.05,1.92,3.1,0
83.198,18.15,0.45,3.14,0
83.228,19.06,-0.65,3.14,0
83.258,19.06,-1.56,3.1,0
83.288,16.68,-1.56,3.06,0
83.318,11,0.82,3.05,0
83.348,13.2,6.5,3.16,0
83.378,15.76,4.3,3.32,0
83.408,17.6,1.74,3.41,0
83.438,18.51,-0.1,3.43,0
83.468,18.33,-1.01,3.42,0
83.498,16.86,-0.83,3.39,0
83.528,15.4,0.64,3.39,0
83.558,16.31,2.1,3.43,0
83.588,17.78,1.19,3.48,0
83.618,18.33,-0.28,3.49,0
83.648,18.15,-0.83,3.47,0
83.678,17.96,-0.65,3.45,0
83.708,17.78,-0.46,3.43,0
83.738,17.41,-0.28,3.42,0
83.769,16.86,0.09,3.42,0
83.799,16.68,0.64,3.43,0
83.829,17.05,0.82,3.45,0
83.859,18.51,0.45,3.47,0
83.889,19.06,-1.01,3.46,0
83.919,18.15,-1.56,3.42,0
83.949,14.48,-0.65,3.39,0
83.979,10.08,3.02,3.43,0
84.009,13.56,7.42,3.58,0
84.039,15.95,3.94,3.75,0
84.069,17.23,1.55,3.84,0
84.099,18.15,0.27,3.86,0
84.129,19.06,-0.65,3.86,0
84.159,19.25,-1.56,3.82,0
84.189,16.5,-1.75,3.77,0
84.219,11,1,3.76,0
84.249,13.93,6.5,3.88,0
84.279,16.31,3.57,4.03,0
84.309,17.78,1.19,4.1,0
84.339,18.88,-0.28,4.11,0
84.369,18.33,-1.38,4.09,0
84.399,16.86,-0.83,4.05,0
84.429,15.4,0.64,4.05,0
84.459,16.13,2.1,4.09,0
84.489,17.78,1.37,4.15,0
84.519,18.51,-0.28,4.16,0
84.549,18.15,-1.01,4.14,0
84.58,16.86,-0.65,4.12,0
84.61,16.68,0.64,4.12,0
84.64,16.86,0.82,4.14,0
84.67,17.78,0.64,4.16,0
84.7,18.51,-0.28,4.17,0
84.73,18.33,-1.01,4.15,0
84.76,17.23,-0.83,4.12,0
84.79,15.4,0.27,4.11,0
84.82,15.76,2.1,4.15,0
84.85,17.6,1.74,4.2,0
84.88,18.33,-0.1,4.23,0
84.91,18.33,-0.83,4.21,0
84.94,17.96,-0.83,4.19,0
84.97,17.23,-0.46,4.17,0
85,16.86,0.27,4.17,0
85.03,16.68,0.64,4.18,0
85.06,17.23,0.82,4.2,0
85.09,18.51,0.27,4.22,0
85.12,19.06,-1.01,4.21,0
85.15,18.15,-1.56,4.17,0
85.18,13.93,-0.65,4.14,0
85.21,9.53,3.57,4.18,0
85.24,13.2,7.97,4.35,0
85.27,15.58,4.3,4.54,0
85.3,17.05,1.92,4.63,0
85.33,18.15,0.45,4.67,0
85.36,19.06,-0.65,4.66,0
85.39,19.06,-1.56,4.63,0
85.42,16.5,-1.56,4.58,0
85.45,11,1,4.57,0
85.48,13.93,6.5,4.69,0
85.51,16.31,3.57,4.84,0
85.54,17.96,1.19,4.91,0
85.57,18.7,-0.46,4.92,0
85.6,18.33,-1.2,4.9,0
85.63,16.68,-0.83,4.87,0
85.66,15.03,0.82,4.87,0
85.69,16.13,2.47,4.91,0
85.72,17.78,1.37,4.97,0
85.75,18.33,-0.28,4.99,0
85.78,18.15,-0.83,4.97,0
85.81,17.78,-0.65,4.95,0
85.84,17.6,-0.28,4.94,0
85.87,17.41,-0.1,4.93,0
85.9,16.86,0.09,4.93,0
85.93,16.68,0.64,4.94,0
85.96,17.23,0.82,4.96,0
85.99,18.51,0.27,4.98,0
86.02,19.06,-1.01,4.97,0
86.05,18.15,-1.56,4.93,0
86.08,13.56,-0.65,4.89,0
86.11,9.72,3.94,4.94,0
86.14,13.01,7.78,5.12,0
86.17,15.58,4.49,5.3,0
86.201,17.05,1.92,5.4,0
86.231,17.96,0.45,5.44,0
86.261,19.06,-0.46,5.44,0
86.291,19.25,-1.56,5.4,0
86.321,17.05,-1.75,5.36,0
86.351,11.37,0.45,5.34,0
86.381,12.83,6.13,5.43,0
86.411,15.58,4.67,5.6,0
86.441,17.41,1.92,5.7,0
86.471,18.51,0.09,5.73,0
86.501,19.25,-1.01,5.71,0
86.531,18.33,-1.75,5.67,0
86.561,13.56,-0.83,5.63,0
86.591,9.53,3.94,5.68,0
86.621,13.01,7.97,5.86,0
86.651,15.4,4.49,6.04,0
86.681,16.86,2.1,6.14,0
86.711,17.96,0.64,6.18,0
86.741,19.25,-0.46,6.19,0
86.771,19.25,-1.75,6.15,0
86.801,16.86,-1.75,6.1,0
86.831,11.18,0.64,6.08,0
86.861,13.01,6.32,6.19,0
86.891,15.76,4.49,6.36,0
86.921,17.6,1.74,6.45,0
86.951,18.51,-0.1,6.47,0
86.981,17.96,-1.01,6.46,0
87.012,17.05,-0.46,6.43,0
87.042,16.86,0.45,6.43,0
87.072,17.05,0.64,6.45,0
87.102,17.05,0.45,6.47,0
87.132,16.86,0.45,6.48,0
87.162,16.86,0.64,6.5,0
87.192,17.41,0.64,6.52,0
87.222,17.6,0.09,6.53,0
87.252,17.41,-0.1,6.53,0
87.282,17.05,0.09,6.53,0
87.312,17.05,0.45,6.53,0
87.342,17.05,0.45,6.55,0
87.372,17.23,0.45,6.56,0
87.402,17.23,0.27,6.57,0
87.432,17.05,0.27,6.58,0
87.462,16.86,0.45,6.59,0
87.492,17.05,0.64,6.61,0
87.522,17.41,0.45,6.62,0
87.552,17.23,0.09,6.63,0
87.582,17.05,0.27,6.64,0
87.612,17.05,0.45,6.65,0
87.642,17.23,0.45,6.66,0
87.672,17.23,0.27,6.67,0
87.702,17.23,0.27,6.68,0
87.732,17.05,0.27,6.69,0
87.762,17.05,0.45,6.7,0
87.792,17.05,0.45,6.71,0
87.822,17.23,0.45,6.73,0
87.852,17.23,0.27,6.74,0
87.882,17.05,0.27,6.75,0
87.912,17.05,0.45,6.76,0
87.942,17.23,0.45,6.77,0
87.972,17.23,0.27,6.78,0
88.002,17.23,0.27,6.79,0
88.032,17.05,0.27,6.8,0
88.062,17.05,0.45,6.81,0
88.092,17.23,0.45,6.82,0
88.122,17.23,0.27,6.83,0
88.152,17.23,0.27,6.84,0
88.182,17.05,0.27,6.85,0
88.212,17.05,0.45,6.86,0
88.242,17.05,0.45,6.87,0
88.272,17.23,0.45,6.89,0
88.302,17.05,0.27,6.9,0
88.332,17.05,0.45,6.91,0
88.362,17.05,0.45,6.92,0
88.392,17.05,0.45,6.94,0
88.422,17.23,0.45,6.95,0
88.452,17.23,0.27,6.96,0
88.482,17.05,0.27,6.97,0
88.512,17.05,0.45,6.98,0
88.542,17.05,0.45,6.99,0
88.572,17.23,0.45,7.01,0
88.602,17.05,0.27,7.02,0
88.633,17.05,0.45,7.03,0
88.663,17.05,0.45,7.04,0
88.693,17.05,-0.25,7.05,0
88.723,17.05,-5.5,6.96,0
88.753,15.58,-10.75,6.72,0
88.783,11.37,-14.53,6.34,0
88.813,7.52,-11.37,5.95,0
88.843,4.58,-7.52,5.66,0
88.873,2.2,-4.58,5.48,0
88.903,0.92,-2.2,5.38,0
88.933,0.19,-0.92,5.33,0
88.963,0,-0.19,5.32,0
88.993,0,-0,5.31,0
89.023,0,-0,5.31,0
89.053,0,-0,5.31,0
89.083,0,-0,5.31,0
89.113,0,-0,5.31,0
89.143,0.19,-0,5.31,0
89.173,0,-0.19,5.31,0
89.203,0,-0,5.31,0
89.233,0,-0,5.31,0
89.263,0,-0,5.31,0
89.293,0,-0,5.31,0
89.323,0,-0,5.31,0
89.353,0,-0,5.31,0
89.383,0,-0,5.31,0
89.413,0,-0,5.31,0
89.444,0,-0,5.31,0
89.474,0,-0,5.31,0
89.504,0,-0,5.31,0
89.534,0,-0,5.31,0
89.564,0,-0,5.31,0
89.594,0,-0,5.31,0
89.624,0,-0,5.31,0
89.654,0,-0,5.31,0
89.684,0,-0,5.31,0
89.714,0,-0,5.31,0
89.744,0,-0,5.31,0
89.774,0,-0,5.31,0
89.804,0,-0,5.31,0
89.834,0,-0,5.31,0
89.864,0,-0,5.31,0
89.894,0,-0,5.31,0
89.924,0,-0,5.31,0
89.954,0,-0,5.31,0
89.984,0,-0,5.31,0
90.014,0,-0,5.31,0
90.044,0,-0,5.31,0
90.074,0,-0,5.31,0
90.104,0,-0,5.31,0
90.134,0,-0,5.31,0
90.164,0,-0,5.31,0
90.194,0,-0,5.31,0
90.224,0,-0,5.31,0
90.254,0,-0,5.31,0
90.284,0,-0,5.31,0
90.314,0,-0,5.31,0
90.344,0,-0,5.31,0
90.374,0,-0,5.31,0
90.404,0,-0,5.31,0
90.434,0,-0,5.31,0
90.464,0,-0,5.31,0
90.494,0,-0,5.31,0
90.524,0,-0,5.31,0
90.554,0,-0,5.31,0
90.584,0,-0,5.31,0
90.614,0,-0,5.31,0
90.644,0,-0,5.31,0
90.674,0,-0,5.31,0
90.704,0,-0,5.31,0
90.734,0,-0,5.31,0
90.764,0,-0,5.31,0
90.794,0,-0,5.31,0
90.824,0,-0,5.31,0
90.854,0,-0,5.31,0
90.884,0,-0,5.31,0
90.914,0,-0,5.31,0
90.944,0,-0,5.31,0
90.974,0,-0,5.31,0
91.004,0,-0,5.31,0
91.034,0,-0,5.31,0
91.065,0,-0,5.31,0
91.095,0,-0,5.31,0
91.125,0,-0,5.31,0
91.155,0,-0,5.31,0
91.185,0,-0,5.31,0
91.215,0,-0,5.31,0
91.245,0,-0,5.31,0
91.275,0,-0,5.31,0
91.305,0,-0,5.31,0
91.335,0,-0,5.31,0
91.365,0,-0,5.31,0
91.395,0,-0,5.31,0
91.425,0,-0,5.31,0
91.455,0,-0,5.31,0
91.485,0,-0,5.31,0
91.515,0,-0,5.31,0
91.545,0,-0,5.31,0
91.575,0,-0,5.31,0
91.605,0,-0,5.3,0
91.635,0,-0,5.3,0
91.665,0,-0,5.3,0
91.695,0,-0,5.3,0
91.725,0,-0,5.3,0
91.755,0,-0,5.3,0
91.785,0,-0,5.3,0
91.815,0,-0,5.3,0
91.845,0,-0,5.3,0
91.876,0,-0,5.3,0
91.906,0,-0,5.3,0
91.936,0,-0,5.3,0
91.966,0,-0,5.3,0
91.996,0,-0,5.3,0
92.026,0,-0,5.3,0
92.056,0,-0,5.3,0
92.086,0,-0,5.3,0
92.116,0,-0,5.3,0
92.146,0,-0,5.3,0
92.176,0,-0,5.3,0
92.206,0,-0,5.3,0
92.236,0,-0,5.3,0
92.266,0,-0,5.3,0
92.296,0,-0,5.3,0
92.326,0,-0,5.3,0
92.356,0,-0,5.3,0
92.386,0,-0,5.3,0
92.416,0,-0,5.3,0
92.446,0,-0,5.3,0
92.476,0,-0,5.3,0
92.506,0,-0,5.3,0
92.536,0,-0,5.3,0
92.566,0,-0,5.3,0
92.596,0,-0,5.3,0
92.626,0,-0,5.3,0
92.656,0,-0,5.3,0
92.686,0,-0,5.3,0
92.716,0,-0,5.3,0
92.746,0,-0,5.3,0
92.776,0,-0,5.3,0
92.806,0,-0,5.3,0
92.836,0,-0,5.3,0
92.866,0,-0,5.3,0
92.896,0,-0,5.3,0
92.926,0,-0,5.3,0
92.956,0,-0,5.3,0
92.986,0,-0,5.3,0
93.016,0,-0,5.3,0
93.046,0,-0,5.3,0
93.076,0,-0,5.3,0
93.106,0,-0,5.3,0
93.136,0,-0,5.3,0
93.166,0,-0,5.3,0
93.196,0,-0,5.3,0
93.226,0.19,-0,5.3,0
93.256,0,-0.19,5.3,0
93.286,0,-0,5.3,0
93.316,0,-0,5.3,0
93.346,0,-0,5.3,0
93.376,0,-0,5.3,0
93.406,0,-0,5.3,0
93.436,0,-0,5.3,0
93.466,0,-0,5.3,0
93.497,0,-0,5.3,0
93.527,0,-0,5.3,0
93.557,0,-0,5.3,0
93.587,0,-0,5.3,0
93.617,0,-0,5.3,0
93.647,0,-0,5.3,0
93.677,0,-0,5.3,0
93.707,0,-0,5.3,0
93.737,0,-0,5.3,0
93.767,0.19,-0,5.3,0
93.797,0,-0.19,5.29,0
93.827,0,-0,5.29,0
93.857,0,-0,5.29,0
93.887,0,-0,5.29,0
93.917,0,-0,5.29,0
93.947,0,-0,5.29,0
93.977,0,-0,5.29,0
94.007,0,-0,5.29,0
94.037,0,-0,5.29,0
94.067,0,-0,5.29,0
94.097,0,-0,5.29,0
94.127,0,-0,5.29,0
94.157,0,-0,5.29,0
94.187,0,-0,5.29,0
94.217,0,-0,5.29,0
94.247,0,-0,5.29,0
94.277,0,-0,5.29,0
94.308,0,-0,5.29,0
94.338,0,-0,5.29,0
94.368,0,-0,5.29,0
94.398,0,-0,5.29,0
94.428,0,-0,5.29,0
94.458,0,-0,5.29,0
94.488,0,-0,5.29,0
94.518,0,-0,5.29,0
94.548,0,-0,5.29,0
94.578,0,-0,5.29,0
94.608,0,-0,5.29,0
94.638,0,-0,5.29,0
94.668,0,-0,5.29,0
94.698,0,-0,5.29,0
94.728,0,-0,5.29,0
94.758,0,-0,5.29,0
94.788,0,-0,5.29,0
94.818,0,-0,5.29,0
94.848,0,-0,5.29,0
94.878,0,-0,5.29,0
94.908,0,-0,5.29,0
94.938,0,-0,5.29,0
94.968,0,-0,5.29,0
94.998,0,-0,5.29,0
95.028,0,-0,5.29,0
95.058,0,-0,5.29,0
95.088,0,-0,5.29,0
95.118,0,-0,5.29,0
95.148,0,-0,5.29,0
95.178,0,-0,5.29,0
95.208,0,-0,5.29,0
95.238,0,-0,5.29,0
95.268,0,-0,5.29,0
95.298,0,-0,5.29,0
95.328,0,-0,5.29,0
95.358,0,-0,5.29,0
95.388,0,-0,5.29,0
95.418,0,-0,5.29,0
95.448,0,-0,5.29,0
95.478,0,-0,5.29,0
95.508,0,-0,5.29,0
95.538,0,-0,5.29,0
95.568,0,-0,5.29,0
95.598,0,-0,5.29,0
95.628,0,-0,5.29,0
95.658,0,-0,5.29,0
95.688,0,-0,5.29,0
95.718,0,-0,5.29,0
95.748,0,-0,5.29,0
95.778,0,-0,5.29,0
95.808,0,-0,5.29,0
95.838,0,-0,5.29,0
95.868,0,-0,5.29,0
95.898,0,-0,5.29,0
95.929,0,-0,5.29,0
95.959,0.19,-0,5.29,0
95.989,0,-0.19,5.28,0
96.019,0,-0,5.28,0
96.049,0,-0,5.28,0
96.079,0,-0,5.28,0
96.109,0,-0,5.28,0
96.139,0,-0,5.28,0
96.169,0,-0,5.28,0
96.17,0,0,0,1
96.199,0,0,0,0
96.229,0,-0,-0,0
96.259,0,-0,-0,0
96.289,0,-0,-0,0
96.319,0,-0,-0,0
96.349,0,-0,-0,0
96.379,0,-0,-0,0
96.409,0,-0,-0,0
96.439,0,-0,-0,0
96.469,0,-0,-0,0
96.499,0,-0,-0,0
96.529,0,-0,-0,0
96.559,0,-0,-0,0
96.589,0,-0,-0,0
96.619,0,-0,-0,0
96.649,0,-0,-0,0
96.679,0,-0,-0,0
96.709,0,-0,-0,0
96.74,0,-0,-0,0
96.77,0,-0,-0,0
96.8,0,-0,-0,0
96.83,0,-0,-0,0
96.86,0,-0,-0,0
96.89,0,-0,-0,0
96.92,0,-0,-0,0
96.95,0,-0,-0,0
96.98,0,-0,-0,0
97.01,0,-0,-0,0
97.04,0,-0,-0,0
97.07,0,-0,-0,0
97.1,0,-0,-0,0
97.13,0,-0,-0,0
97.16,0,-0,-0,0
97.19,0.19,-0,-0,0
97.22,0,-0.19,-0,0
97.25,0,4.9,0.07,0
97.28,4.95,10.15,0.29,0
97.31,9.9,10.45,0.6,0
97.34,13.2,7.6,0.87,0
97.37,15.4,4.3,1.05,0
97.4,17.23,2.1,1.15,0
97.43,18.51,0.27,1.18,0
97.46,19.43,-1.01,1.17,0
97.49,18.33,-1.93,1.13,0
97.52,13.38,-0.83,1.09,0
97.55,9.17,4.12,1.13,0
97.58,12.47,8.33,1.32,0
97.61,15.4,5.03,1.52,0
97.64,16.86,2.1,1.63,0
97.67,17.96,0.64,1.67,0
97.7,18.88,-0.46,1.67,0
97.73,18.88,-1.38,1.64,0
97.76,16.86,-1.38,1.6,0
97.79,11.37,0.64,1.59,0
97.82,12.65,6.13,1.69,0
97.85,15.4,4.85,1.86,0
97.88,17.41,2.1,1.96,0
97.91,18.33,0.09,2,0
97.94,19.25,-0.83,1.98,0
97.97,18.51,-1.75,1.95,0
98,15.4,-1.01,1.9,0
98.03,10.45,2.1,1.92,0
98.06,13.93,7.05,2.06,0
98.09,16.31,3.57,2.22,0
98.12,17.41,1.19,2.29,0
98.15,18.33,0.09,2.31,0
98.18,19.25,-0.83,2.3,0
98.21,19.06,-1.75,2.26,0
98.24,15.58,-1.56,2.21,0
98.27,10.27,1.92,2.21,0
98.3,13.2,7.23,2.35,0
98.33,15.76,4.3,2.52,0
98.361,17.41,1.74,2.61,0
98.391,18.51,0.09,2.64,0
98.421,19.25,-1.01,2.63,0
98.451,18.33,-1.75,2.59,0
98.481,13.38,-0.83,2.55,0
98.511,9.53,4.12,2.6,0
98.541,12.83,7.97,2.78,0
98.571,15.58,4.67,2.97,0
98.601,17.05,1.92,3.07,0
98.631,18.15,0.45,3.1,0
98.661,19.06,-0.65,3.1,0
98.691,19.06,-1.56,3.06,0
98.721,16.5,-1.56,3.02,0
98.751,11,1,3.01,0
98.781,13.93,6.5,3.12,0
98.811,16.31,3.57,3.27,0
98.841,17.78,1.19,3.34,0
98.871,18.51,-0.28,3.36,0
98.901,18.33,-1.01,3.34,0
98.931,16.86,-0.83,3.31,0
98.961,15.4,0.64,3.31,0
98.991,16.13,2.1,3.35,0
99.021,17.6,1.37,3.4,0
99.051,18.51,-0.1,3.42,0
99.081,18.15,-1.01,3.4,0
99.111,17.23,-0.65,3.38,0
99.141,16.86,0.27,3.37,0
99.172,16.68,0.64,3.39,0
99.202,16.86,0.82,3.41,0
99.232,18.15,0.64,3.43,0
99.262,18.88,-0.65,3.43,0
99.292,18.7,-1.38,3.4,0
99.322,16.5,-1.2,3.36,0
99.352,11.18,1,3.36,0
99.382,14.3,6.32,3.47,0
99.412,16.5,3.2,3.61,0
99.442,17.78,1,3.67,0
99.472,18.51,-0.28,3.69,0
99.502,18.33,-1.01,3.67,0
99.532,17.05,-0.83,3.64,0
99.562,15.58,0.45,3.63,0
99.592,15.95,1.92,3.67,0
99.622,17.6,1.55,3.72,0
99.652,18.33,-0.1,3.74,0
99.682,18.15,-0.83,3.73,0
99.712,17.96,-0.65,3.71,0
99.742,17.6,-0.46,3.69,0
99.772,17.23,-0.1,3.68,0
99.802,16.86,0.27,3.68,0
99.832,16.68,0.64,3.7,0
99.862,17.23,0.82,3.72,0
99.892,18.51,0.27,3.74,0
99.922,19.06,-1.01,3.72,0
99.952,18.15,-1.56,3.69,0
99.982,13.56,-0.65,3.65,0
100.012,9.72,3.94,3.7,0
100.042,13.2,7.78,3.88,0
100.072,15.58,4.3,4.06,0
100.102,17.05,1.92,4.15,0
100.132,18.15,0.45,4.19,0
100.162,19.06,-0.65,4.18,0
100.192,19.25,-1.56,4.15,0
100.222,16.5,-1.75,4.1,0
100.252,10.82,1,4.09,0
100.282,13.93,6.68,4.21,0
100.312,16.31,3.57,4.36,0
100.342,17.96,1.19,4.43,0
100.372,18.7,-0.46,4.44,0
100.402,18.33,-1.2,4.42,0
100.432,16.68,-0.83,4.39,0
100.462,15.03,0.82,4.39,0
100.492,16.31,2.47,4.44,0
100.522,17.78,1.19,4.49,0
100.552,18.33,-0.28,4.5,0
100.582,18.15,-0.83,4.49,0
100.612,17.96,-0.65,4.47,0
100.642,17.78,-0.46,4.45,0
100.672,17.41,-0.28,4.44,0
100.702,16.86,0.09,4.43,0
100.732,16.68,0.64,4.45,0
100.762,17.05,0.82,4.47,0
100.793,18.51,0.45,4.49,0
100.823,19.25,-1.01,4.48,0
100.853,18.15,-1.75,4.44,0
100.883,13.56,-0.65,4.4,0
100.913,9.53,3.94,4.45,0
100.943,13.2,7.97,4.63,0
100.973,15.76,4.3,4.81,0
101.003,17.05,1.74,4.9,0
101.033,18.15,0.45,4.94,0
101.063,19.06,-0.65,4.93,0
101.093,19.06,-1.56,4.9,0
101.123,16.68,-1.56,4.85,0
101.153,11,0.82,4.84,0
101.183,13.01,6.5,4.95,0
101.213,15.76,4.49,5.12,0
101.243,17.6,1.74,5.21,0
101.273,18.7,-0.1,5.23,0
101.303,18.15,-1.2,5.21,0
101.333,16.86,-0.65,5.19,0
101.363,16.5,0.64,5.19,0
101.393,17.05,1,5.21,0
101.423,18.33,0.45,5.23,0
101.453,18.88,-0.83,5.23,0
101.483,18.33,-1.38,5.19,0
101.513,15.95,-0.83,5.16,0
101.543,14.3,1.55,5.17,0
101.573,15.95,3.2,5.24,0
101.604,17.23,1.55,5.31,0
101.634,18.15,0.27,5.34,0
101.664,18.88,-0.65,5.34,0
101.694,18.88,-1.38,5.3,0
101.724,16.68,-1.38,5.26,0
101.754,11.18,0.82,5.26,0
101.784,13.38,6.32,5.36,0
101.814,15.95,4.12,5.52,0
101.844,17.6,1.55,5.6,0
101.874,18.51,-0.1,5.63,0
101.904,18.33,-1.01,5.61,0
101.934,17.05,-0.83,5.58,0
101.964,15.4,0.45,5.58,0
101.994,15.95,2.1,5.61,0
102.024,17.78,1.55,5.67,0
102.054,18.51,-0.28,5.69,0
102.084,18.15,-1.01,5.67,0
102.114,16.86,-0.65,5.64,0
102.144,16.5,0.64,5.64,0
102.174,16.86,1,5.67,0
102.204,18.15,0.64,5.69,0
102.234,18.88,-0.65,5.69,0
102.264,18.51,-1.38,5.66,0
102.294,16.5,-1.01,5.63,0
102.324,11.18,1,5.63,0
102.354,14.3,6.32,5.74,0
102.384,16.31,3.2,5.88,0
102.414,17.6,1.19,5.94,0
102.444,18.7,-0.1,5.96,0
102.474,18.33,-1.2,5.94,0
102.504,17.23,-0.83,5.91,0
102.534,15.4,0.27,5.9,0
102.564,15.76,2.1,5.94,0
102.594,17.6,1.74,6,0
102.624,18.51,-0.1,6.02,0
102.654,18.33,-1.01,6,0
102.684,17.05,-0.83,5.98,0
102.714,15.76,0.45,5.97,0
102.744,15.95,1.74,6,0
102.774,17.6,1.55,6.05,0
102.804,18.51,-0.1,6.07,0
102.834,18.15,-1.01,6.06,0
102.864,17.23,-0.65,6.03,0
102.894,16.68,0.27,6.03,0
102.924,16.68,0.82,6.04,0
102.954,17.78,0.82,6.07,0
102.984,18.51,-0.28,6.08,0
103.014,18.33,-1.01,6.06,0
103.044,17.05,-0.83,6.03,0
103.074,15.4,0.45,6.02,0
103.104,15.95,2.1,6.06,0
103.134,17.78,1.55,6.12,0
103.164,18.51,-0.28,6.14,0
103.194,18.15,-1.01,6.12,0
103.225,17.05,-0.65,6.09,0
103.255,16.68,0.45,6.09,0
103.285,16.5,0.82,6.11,0
103.315,17.78,1,6.14,0
103.345,18.51,-0.28,6.15,0
103.375,18.33,-1.01,6.13,0
103.405,17.05,-0.83,6.1,0
103.435,15.58,0.45,6.09,0
103.465,15.95,1.92,6.13,0
103.495,17.6,1.55,6.18,0
103.525,18.51,-0.1,6.2,0
103.555,18.15,-1.01,6.19,0
103.585,17.23,-0.65,6.16,0
103.615,16.86,0.27,6.16,0
103.645,16.68,0.64,6.17,0
103.675,16.86,0.82,6.19,0
103.705,18.15,0.64,6.21,0
103.735,18.88,-0.65,6.21,0
103.765,18.7,-1.38,6.18,0
103.795,16.5,-1.2,6.14,0
103.825,11.37,1,6.14,0
103.855,14.48,6.13,6.25,0
103.885,16.5,3.02,6.39,0
103.915,17.78,1,6.45,0
103.945,18.51,-0.28,6.46,0
103.975,18.33,-1.01,6.44,0
104.005,17.23,-0.83,6.41,0
104.036,15.58,0.27,6.4,0
104.066,15.76,1.92,6.44,0
104.096,17.6,1.74,6.49,0
104.126,18.33,-0.1,6.52,0
104.156,18.15,-0.83,6.5,0
104.186,17.96,-0.65,6.48,0
104.216,17.6,-0.46,6.46,0
104.246,17.23,-0.1,6.45,0
104.276,16.86,0.27,6.46,0
104.306,16.86,0.64,6.47,0
104.336,17.05,0.64,6.49,0
104.366,17.41,0.45,6.51,0
104.396,17.41,0.09,6.51,0
104.426,17.41,0.09,6.52,0
104.456,17.23,0.09,6.52,0
104.486,17.41,0.27,6.52,0
104.516,17.23,0.09,6.53,0
104.546,17.23,0.27,6.54,0
104.576,17.05,0.27,6.54,0
104.606,17.05,0.45,6.55,0
104.636,17.23,0.45,6.57,0
104.666,17.23,0.27,6.58,0
104.696,17.05,0.27,6.59,0
104.726,17.05,-0.25,6.59,0
104.756,16.86,-5.5,6.5,0
104.786,15.76,-10.56,6.26,0
104.816,11.55,-14.71,5.88,0
104.846,7.7,-11.55,5.49,0
104.876,4.58,-7.7,5.2,0
104.906,2.38,-4.58,5.01,0
104.936,0.92,-2.38,4.91,0
104.966,0.19,-0.92,4.86,0
104.996,0,-0.19,4.84,0
105.026,0,-0,4.84,0
105.056,0,-0,4.84,0
105.086,0,-0,4.84,0
105.116,0,-0,4.84,0
105.146,0,-0,4.84,0
105.176,0,-0,4.84,0
105.206,0,-0,4.84,0
105.236,0,-0,4.84,0
105.266,0,-0,4.84,0
105.296,0,-0,4.84,0
105.326,0,-0,4.84,0
105.356,0,-0,4.84,0
105.386,0,-0,4.84,0
105.416,0,-0,4.84,0
105.446,0,-0,4.84,0
105.476,0,-0,4.84,0
105.506,0,-0,4.84,0
105.536,0,-0,4.84,0
105.566,0,-0,4.84,0
105.596,0,-0,4.84,0
105.626,0,-0,4.84,0
105.657,0,-0,4.84,0
105.687,0,-0,4.84,0
105.717,0,-0,4.84,0
105.747,0,-0,4.84,0
105.777,0,-0,4.84,0
105.807,0,-0,4.84,0
105.837,0,-0,4.84,0
105.867,0,-0,4.84,0
105.897,0,-0,4.84,0
105.927,0,-0,4.84,0
105.957,0,-0,4.84,0
105.987,0,-0,4.84,0
106.017,0,-0,4.84,0
106.047,0,-0,4.84,0
106.077,0,-0,4.84,0
106.107,0,-0,4.84,0
106.137,0,-0,4.84,0
106.167,0,-0,4.84,0
106.197,0,-0,4.84,0
106.227,0,-0,4.84,0
106.257,0,-0,4.84,0
106.287,0,-0,4.84,0
106.317,0,-0,4.84,0
106.347,0,-0,4.84,0
106.377,0,-0,4.84,0
106.407,0,-0,4.84,0
106.437,0,-0,4.84,0
106.468,0,-0,4.84,0
106.498,0,-0,4.84,0
106.528,0,-0,4.84,0
106.558,0,-0,4.84,0
106.588,0,-0,4.84,0
106.618,0,-0,4.84,0
106.648,0,-0,4.84,0
106.678,0,-0,4.84,0
106.708,0,-0,4.84,0
106.738,0,-0,4.84,0
106.768,0,-0,4.84,0
106.798,0,-0,4.84,0
106.828,0,-0,4.84,0
106.858,0,-0,4.84,0
106.888,0,-0,4.84,0
106.918,0,-0,4.84,0
106.948,0,-0,4.84,0
106.978,0.19,-0,4.84,0
107.008,0,-0.19,4.83,0
107.038,0,-0,4.83,0
107.068,0,-0,4.83,0
107.098,0,-0,4.83,0
107.128,0,-0,4.83,0
107.158,0,-0,4.83,0
107.188,0,-0,4.83,0
107.218,0,-0,4.83,0
107.248,0,-0,4.83,0
107.278,0,-0,4.83,0
107.308,0,-0,4.83,0
107.338,0,-0,4.83,0
107.368,0,-0,4.83,0
107.398,0,-0,4.83,0
107.428,0,-0,4.83,0
107.458,0,-0,4.83,0
107.488,0,-0,4.83,0
107.518,0,-0,4.83,0
107.548,0,-0,4.83,0
107.578,0,-0,4.83,0
107.608,0,-0,4.83,0
107.638,0,-0,4.83,0
107.668,0,-0,4.83,0
107.698,0,-0,4.83,0
107.728,0,-0,4.83,0
107.758,0,-0,4.83,0
107.788,0,-0,4.83,0
107.818,0,-0,4.83,0
107.848,0,-0,4.83,0
107.878,0,-0,4.83,0
107.908,0,-0,4.83,0
107.938,0,-0,4.83,0
107.968,0,-0,4.83,0
107.998,0,-0,4.83,0
108.028,0,-0,4.83,0
108.058,0,-0,4.83,0
108.089,0,-0,4.83,0
108.119,0,-0,4.83,0
108.149,0,-0,4.83,0
108.179,0,-0,4.83,0
108.209,0,-0,4.83,0
108.239,0,-0,4.83,0
108.269,0,-0,4.83,0
108.299,0,-0,4.83,0
108.329,0,-0,4.83,0
108.359,0,-0,4.83,0
108.389,0,-0,4.83,0
108.419,0,-0,4.83,0
108.449,0,-0,4.83,0
108.479,0,-0,4.83,0
108.509,0,-0,4.83,0
108.539,0,-0,4.83,0
108.569,0,-0,4.83,0
108.599,0,-0,4.83,0
108.629,0,-0,4.83,0
108.659,0,-0,4.83,0
108.689,0,-0,4.83,0
108.719,0,-0,4.83,0
108.749,0,-0,4.83,0
108.779,0,-0,4.83,0
108.809,0,-0,4.83,0
108.839,0,-0,4.83,0
108.869,0,-0,4.83,0
108.9,0,-0,4.83,0
108.93,0,-0,4.83,0
108.96,0,-0,4.83,0
108.99,0,-0,4.83,0
109.02,0,-0,4.83,0
109.05,0,-0,4.83,0
109.08,0,-0,4.83,0
109.11,0,-0,4.83,0
109.14,0,-0,4.83,0
109.17,0,-0,4.83,0
109.2,0,-0,4.83,0
109.23,0,-0,4.83,0
109.26,0,-0,4.83,0
109.29,0,-0,4.83,0
109.32,0,-0,4.83,0
109.35,0.19,-0,4.83,0
109.38,0,-0.19,4.82,0
109.41,0,-0,4.82,0
109.44,0,-0,4.82,0
109.47,0,-0,4.82,0
109.5,0,-0,4.82,0
109.53,0,-0,4.82,0
109.56,0,-0,4.82,0
109.59,0,-0,4.82,0
109.62,0,-0,4.82,0
109.65,0,-0,4.82,0
109.68,0,-0,4.82,0
109.71,0,-0,4.82,0
109.74,0,-0,4.82,0
109.77,0,-0,4.82,0
109.8,0,-0,4.82,0
109.83,0.19,-0,4.82,0
109.86,0,-0.19,4.82,0
109.89,0,-0,4.82,0
109.92,0,-0,4.82,0
109.95,0,-0,4.82,0
109.98,0,-0,4.82,0
110.01,0,-0,4.82,0
110.04,0,-0,4.82,0
110.07,0,-0,4.82,0
110.1,0,-0,4.82,0
110.13,0,-0,4.82,0
110.16,0,-0,4.82,0
110.19,0,-0,4.82,0
110.22,0,-0,4.82,0
110.25,0,-0,4.82,0
110.28,0,-0,4.82,0
110.31,0,-0,4.82,0
110.34,0,-0,4.82,0
110.37,0,-0,4.81,0
110.4,0,-0,4.81,0
110.43,0,-0,4.81,0
110.46,0,-0,4.81,0
110.49,0.19,-0,4.81,0
110.521,0,-0.19,4.81,0
110.551,0,-0,4.81,0
110.581,0,-0,4.81,0
110.611,0,-0,4.81,0
110.641,0,-0,4.81,0
110.671,0,-0,4.81,0
110.701,0,-0,4.81,0
110.731,0,-0,4.81,0
110.761,0,-0,4.81,0
110.791,0,-0,4.81,0
110.821,0,-0,4.81,0
110.851,0,-0,4.81,0
110.881,0,-0,4.81,0
110.911,0,-0,4.81,0
110.941,0,-0,4.81,0
110.971,0,-0,4.81,0
111.001,0,-0,4.81,0
111.031,0,-0,4.81,0
111.061,0,-0,4.81,0
111.091,0,-0,4.81,0
111.121,0,-0,4.81,0
111.151,0,-0,4.81,0
111.181,0,-0,4.81,0
111.211,0,-0,4.81,0
111.241,0,-0,4.81,0
111.271,0,-0,4.81,0
111.301,0,-0,4.81,0
111.332,0,-0,4.81,0
111.362,0,-0,4.81,0
111.392,0,-0,4.81,0
111.422,0,-0,4.81,0
111.452,0,-0,4.81,0
111.482,0,-0,4.81,0
111.512,0,-0,4.81,0
111.542,0,-0,4.81,0
111.572,0,-0,4.81,0
111.602,0,-0,4.81,0
111.632,0,-0,4.81,0
111.662,0,-0,4.81,0
111.692,0,-0,4.81,0
111.722,0,-0,4.81,0
111.752,0,-0,4.81,0
111.782,0,-0,4.81,0
111.812,0,-0,4.81,0
111.842,0,-0,4.81,0
111.872,0,-0,4.81,0
111.902,0,-0,4.81,0
111.932,0,-0,4.81,0
111.962,0,-0,4.81,0
111.992,0,-0,4.81,0
112.022,0,-0,4.81,0
112.052,0,-0,4.81,0
112.082,0,-0,4.81,0
112.112,0,-0,4.81,0
112.142,0,-0,4.81,0
112.172,0,-0,4.81,0
112.202,0,-0,4.81,0
112.203,0,0,0,1
112.232,0,0,0,0
112.262,0,-0,-0,0
112.292,0,-0,-0,0
112.322,0,-0,-0,0
112.352,0,-0,-0,0
112.382,0,-0,-0,0
112.412,0,-0,-0,0
112.442,0,-0,-0,0
112.472,0,-0,-0,0
112.502,0,-0,-0,0
112.532,0,-0,-0,0
112.562,0,-0,-0,0
112.592,0,-0,-0,0
112.622,0,-0,-0,0
112.652,0,-0,-0,0
112.682,0,-0,-0,0
112.712,0,-0,-0,0
112.742,0,-0,-0,0
112.772,0,-0,-0,0
112.802,0,-0,-0,0
112.832,0,-0,-0,0
112.862,0,-0,-0,0
112.892,0,-0,-0,0
112.922,0,-0,-0,0
112.953,0,-0,-0,0
112.983,0,-0,-0,0
113.013,0,-0,-0,0
113.043,0,-0,-0,0
113.073,0,-0,-0,0
113.103,0,-0,-0,0
113.133,0,-0,-0,0
113.163,0,-0,-0,0
113.193,0,-0,-0,0
113.223,0,-0,-0,0
113.253,0,-0,-0,0
113.283,0,5.07,0.07,0
113.313,5.13,10.32,0.31,0
113.343,9.9,10.44,0.62,0
113.373,13.38,7.6,0.89,0
113.403,15.4,4.12,1.06,0
113.433,17.23,2.1,1.16,0
113.463,18.51,0.27,1.19,0
113.493,19.43,-1.01,1.18,0
113.523,18.33,-1.93,1.14,0
113.553,13.2,-0.83,1.1,0
113.583,9.9,4.3,1.15,0
113.613,12.65,7.6,1.33,0
113.643,15.58,4.85,1.51,0
113.673,17.05,1.92,1.61,0
113.703,17.96,0.45,1.65,0
113.733,18.88,-0.46,1.65,0
113.764,18.88,-1.38,1.62,0
113.794,16.68,-1.38,1.58,0
113.824,13.01,0.82,1.57,0
113.854,13.56,4.49,1.65,0
113.884,15.95,3.94,1.78,0
113.914,17.6,1.55,1.86,0
113.944,18.7,-0.1,1.88,0
113.974,18.33,-1.2,1.86,0
114.004,16.86,-0.83,1.83,0
114.034,15.58,0.64,1.83,0
114.064,16.13,1.92,1.87,0
114.094,17.96,1.37,1.92,0
114.124,18.51,-0.46,1.93,0
114.154,18.15,-1.01,1.91,0
114.184,16.68,-0.65,1.88,0
114.214,16.31,0.82,1.89,0
114.244,17.05,1.19,1.92,0
114.274,18.15,0.45,1.94,0
114.304,18.33,-0.65,1.94,0
114.334,18.33,-0.83,1.92,0
114.364,17.96,-0.83,1.89,0
114.394,17.41,-0.46,1.87,0
114.424,17.05,0.09,1.87,0
114.454,16.68,0.45,1.87,0
114.484,16.86,0.82,1.89,0
114.514,18.15,0.64,1.91,0
114.544,18.88,-0.65,1.91,0
114.574,18.51,-1.38,1.88,0
114.604,16.13,-1.01,1.85,0
114.634,13.01,1.37,1.85,0
114.664,14.66,4.49,1.94,0
114.694,16.86,2.84,2.05,0
114.724,17.78,0.64,2.1,0
114.754,18.51,-0.28,2.11,0
114.784,18.33,-1.01,2.09,0
114.814,17.05,-0.83,2.06,0
114.844,15.58,0.45,2.06,0
114.874,15.95,1.92,2.09,0
114.904,17.41,1.55,2.14,0
114.934,18.33,0.09,2.17,0
114.964,19.25,-0.83,2.16,0
114.994,18.88,-1.75,2.12,0
115.024,15.58,-1.38,2.07,0
115.054,10.45,1.92,2.08,0
115.084,13.93,7.05,2.21,0
115.114,16.31,3.57,2.37,0
115.144,17.78,1.19,2.45,0
115.174,18.51,-0.28,2.46,0
115.204,18.33,-1.01,2.44,0
115.234,16.86,-0.83,2.41,0
115.264,15.21,0.64,2.41,0
115.294,16.13,2.29,2.45,0
115.324,17.6,1.37,2.51,0
115.354,18.33,-0.1,2.53,0
115.385,18.15,-0.83,2.51,0
115.415,17.96,-0.65,2.49,0
115.445,17.78,-0.46,2.47,0
115.475,17.23,-0.28,2.46,0
115.505,16.86,0.27,2.46,0
115.535,16.68,0.64,2.48,0
115.565,17.23,0.82,2.5,0
115.595,18.7,0.27,2.51,0
115.625,19.06,-1.2,2.5,0
115.655,18.15,-1.56,2.46,0
115.685,13.56,-0.65,2.43,0
115.715,11,3.94,2.48,0
115.745,13.38,6.5,2.63,0
115.775,15.76,4.12,2.79,0
115.805,17.05,1.74,2.88,0
115.835,18.15,0.45,2.91,0
115.865,19.25,-0.65,2.91,0
115.895,19.25,-1.75,2.87,0
115.925,16.5,-1.75,2.82,0
115.955,11,1,2.81,0
115.985,13.93,6.5,2.92,0
116.015,16.31,3.57,3.07,0
116.045,17.96,1.19,3.14,0
116.075,18.88,-0.46,3.16,0
116.105,18.33,-1.38,3.13,0
116.135,16.68,-0.83,3.09,0
116.165,15.03,0.82,3.09,0
116.196,16.31,2.47,3.14,0
116.226,17.96,1.19,3.2,0
116.256,18.33,-0.46,3.21,0
116.286,18.15,-0.83,3.19,0
116.316,17.78,-0.65,3.17,0
116.346,17.6,-0.28,3.15,0
116.376,17.23,-0.1,3.15,0
116.406,16.86,0.27,3.15,0
116.436,16.68,0.64,3.16,0
116.466,17.23,0.82,3.19,0
116.496,18.7,0.27,3.2,0
116.526,18.88,-1.2,3.19,0
116.556,17.96,-1.38,3.15,0
116.586,13.75,-0.46,3.12,0
116.616,11.18,3.75,3.17,0
116.646,13.56,6.32,3.32,0
116.676,15.76,3.94,3.48,0
116.706,17.23,1.74,3.56,0
116.736,18.15,0.27,3.59,0
116.766,18.7,-0.65,3.59,0
116.796,19.25,-1.2,3.56,0
116.826,16.13,-1.75,3.51,0
116.856,12.47,1.37,3.51,0
116.886,14.11,5.03,3.6,0
116.916,16.5,3.39,3.73,0
116.946,17.96,1,3.8,0
116.976,18.7,-0.46,3.81,0
117.006,18.33,-1.2,3.78,0
117.036,16.5,-0.83,3.75,0
117.066,15.03,1,3.75,0
117.096,16.86,2.47,3.8,0
117.126,18.15,0.64,3.85,0
117.156,18.7,-0.65,3.85,0
117.186,18.33,-1.2,3.82,0
117.216,16.31,-0.83,3.79,0
117.246,14.48,1.19,3.8,0
117.276,16.5,3.02,3.86,0
117.306,17.6,1,3.92,0
117.336,18.33,-0.1,3.93,0
117.366,18.15,-0.83,3.92,0
117.396,17.96,-0.65,3.9,0
117.426,17.78,-0.46,3.88,0
117.456,17.23,-0.28,3.87,0
117.486,16.86,0.27,3.87,0
117.516,16.68,0.64,3.88,0
117.546,17.41,0.82,3.91,0
117.576,18.7,0.09,3.92,0
117.606,19.06,-1.2,3.9,0
117.636,17.96,-1.56,3.86,0
117.666,14.66,-0.46,3.83,0
117.696,15.03,2.84,3.87,0
117.726,16.5,2.47,3.95,0
117.756,17.6,1,4,0
117.786,18.33,-0.1,4.01,0
117.817,17.96,-0.83,4,0
117.847,17.78,-0.46,3.98,0
117.877,17.78,-0.28,3.97,0
117.907,17.41,-0.28,3.96,0
117.937,16.86,0.09,3.96,0
117.967,16.68,0.64,3.97,0
117.997,17.23,0.82,3.99,0
118.027,18.7,0.27,4.01,0
118.057,18.88,-1.2,3.99,0
118.087,17.96,-1.38,3.95,0
118.117,14.66,-0.46,3.93,0
118.147,14.66,2.84,3.96,0
118.177,16.31,2.84,4.05,0
118.207,17.6,1.19,4.11,0
118.237,18.15,-0.1,4.12,0
118.267,17.78,-0.65,4.11,0
118.297,17.78,-0.28,4.1,0
118.327,17.96,-0.28,4.09,0
118.357,17.6,-0.46,4.08,0
118.387,16.86,-0.1,4.07,0
118.417,16.68,0.64,4.08,0
118.447,16.86,0.82,4.1,0
118.477,18.51,0.64,4.12,0
118.507,19.06,-1.01,4.12,0
118.537,17.96,-1.56,4.08,0
118.567,15.03,-0.46,4.05,0
118.597,15.21,2.47,4.08,0
118.628,16.86,2.29,4.15,0
118.658,17.96,0.64,4.19,0
118.688,17.96,-0.46,4.19,0
118.718,18.15,-0.46,4.18,0
118.748,17.96,-0.65,4.16,0
118.778,17.96,-0.46,4.15,0
118.808,17.6,-0.46,4.13,0
118.838,17.05,-0.1,4.12,0
118.868,16.68,0.45,4.13,0
118.898,16.86,0.82,4.15,0
118.928,18.33,0.64,4.17,0
118.958,18.7,-0.83,4.17,0
118.988,17.96,-1.2,4.14,0
119.018,16.5,-0.46,4.11,0
119.048,16.13,1,4.12,0
119.078,17.6,1.37,4.16,0
119.108,18.15,-0.1,4.18,0
119.138,17.78,-0.65,4.16,0
119.168,17.41,-0.28,4.15,0
119.198,17.41,0.09,4.15,0
119.228,17.6,0.09,4.15,0
119.258,17.41,-0.1,4.15,0
119.288,16.86,0.09,4.15,0
119.318,16.68,0.64,4.16,0
119.348,17.23,0.82,4.18,0
119.378,18.7,0.27,4.2,0
119.408,18.88,-1.2,4.18,0
119.438,17.96,-1.38,4.15,0
119.468,14.66,-0.46,4.12,0
119.498,14.85,2.84,4.15,0
119.528,16.68,2.65,4.24,0
119.558,17.78,0.82,4.29,0
119.588,18.15,-0.28,4.3,0
119.618,17.96,-0.65,4.28,0
119.648,17.78,-0.46,4.27,0
119.678,17.96,-0.28,4.25,0
119.708,17.6,-0.46,4.24,0
119.738,16.86,-0.1,4.23,0
119.768,16.68,0.64,4.24,0
119.798,16.86,0.82,4.26,0
119.828,18.51,0.64,4.29,0
119.858,18.88,-1.01,4.28,0
119.888,17.78,-1.38,4.25,0
119.918,16.31,-0.28,4.22,0
119.948,15.58,1.19,4.23,0
119.978,17.23,1.92,4.28,0
120.008,18.15,0.27,4.31,0
120.038,18.51,-0.65,4.31,0
120.068,18.15,-1.01,4.28,0
120.098,16.5,-0.65,4.26,0
120.128,16.31,1,4.26,0
120.158,17.6,1.19,4.3,0
120.188,18.15,-0.1,4.31,0
120.218,17.78,-0.65,4.3,0
120.249,17.6,-0.28,4.29,0
120.279,17.78,-0.1,4.28,0
120.309,17.41,-0.28,4.28,0
120.339,16.86,0.09,4.27,0
120.369,16.68,0.64,4.28,0
120.399,17.05,0.82,4.31,0
120.429,18.7,0.45,4.33,0
120.459,19.25,-1.2,4.31,0
120.489,18.15,-1.75,4.27,0
120.519,14.85,-0.65,4.23,0
120.549,13.56,2.65,4.26,0
120.579,15.58,3.94,4.36,0
120.609,17.23,1.92,4.45,0
120.639,17.96,0.27,4.48,0
120.669,18.7,-0.46,4.48,0
120.699,18.51,-1.2,4.46,0
120.729,16.86,-1.01,4.42,0
120.759,11.55,-0.24,4.4,0
120.789,7.52,-0.17,4.4,0
120.819,4.4,-1.39,4.37,0
120.849,2.2,-3.53,4.3,0
120.879,0.92,-2.2,4.21,0
120.909,0.37,-0.92,4.17,0
120.939,0,-0.37,4.15,0
120.969,0,-0,4.14,0
120.999,0,-0,4.14,0
121.029,0,-0,4.14,0
121.06,0,-0,4.14,0
121.09,0,-0,4.14,0
121.12,0,-0,4.14,0
121.15,0,-0,4.14,0
121.18,0,-0,4.14,0
121.21,0,-0,4.14,0
121.24,0,-0,4.14,0
121.27,0,-0,4.14,0
121.3,0,-0,4.14,0
121.33,0.19,-0,4.14,0
121.36,0,-0.19,4.14,0
121.39,0,-0,4.14,0
121.42,0,-0,4.14,0
121.45,0,-0,4.14,0
121.48,0,-0,4.14,0
121.51,0,-0,4.14,0
121.54,0,-0,4.14,0
121.57,0,-0,4.14,0
121.6,0,-0,4.14,0
121.63,0,-0,4.14,0
121.66,0,-0,4.14,0
121.69,0,-0,4.14,0
121.72,0,-0,4.14,0
121.75,0,-0,4.14,0
121.78,0,-0,4.14,0
121.81,0,-0,4.14,0
121.84,0,-0,4.14,0
121.87,0,-0,4.14,0
121.9,0,-0,4.14,0
121.93,0,-0,4.14,0
121.96,0,-0,4.14,0
121.99,0,-0,4.14,0
122.02,0,-0,4.14,0
122.05,0,-0,4.14,0
122.08,0,-0,4.14,0
122.11,0,-0,4.14,0
122.14,0,-0,4.14,0
122.17,0,-0,4.14,0
122.2,0,-0,4.14,0
122.23,0,-0,4.14,0
122.26,0,-0,4.14,0
122.29,0,-0,4.14,0
122.32,0,-0,4.14,0
122.35,0,-0,4.14,0
122.38,0,-0,4.13,0
122.41,0,-0,4.13,0
122.44,0,-0,4.13,0
122.47,0,-0,4.13,0
122.5,0.19,-0,4.13,0
122.53,0,-0.19,4.13,0
122.56,0,-0,4.13,0
122.59,0,-0,4.13,0
122.62,0,-0,4.13,0
122.65,0,-0,4.13,0
122.681,0,-0,4.13,0
122.711,0,-0,4.13,0
122.741,0,-0,4.13,0
122.771,0,-0,4.13,0
122.801,0,-0,4.13,0
122.831,0,-0,4.13,0
122.861,0,-0,4.13,0
122.891,0,-0,4.13,0
122.921,0,-0,4.13,0
122.951,0,-0,4.13,0
122.981,0,-0,4.13,0
123.011,0.19,-0,4.13,0
123.041,0,-0.19,4.13,0
123.071,0,-0,4.12,0
123.101,0,-0,4.12,0
123.131,0,-0,4.12,0
123.161,0,-0,4.12,0
123.191,0,-0,4.12,0
123.221,0,-0,4.12,0
123.251,0,-0,4.12,0
123.281,0,-0,4.12,0
123.311,0,-0,4.12,0
123.341,0,-0,4.12,0
123.371,0,-0,4.12,0
123.401,0,-0,4.12,0
123.431,0,-0,4.12,0
123.461,0,-0,4.12,0
123.492,0,-0,4.12,0
123.522,0,-0,4.12,0
123.552,0,-0,4.12,0
123.582,0,-0,4.12,0
123.612,0,-0,4.12,0
123.642,0.19,-0,4.12,0
123.672,0,-0.19,4.12,0
123.702,0,-0,4.12,0
123.732,0,-0,4.12,0
123.762,0,-0,4.12,0
123.792,0,-0,4.12,0
123.822,0,-0,4.12,0
123.852,0,-0,4.12,0
123.882,0,-0,4.12,0
123.912,0,-0,4.12,0
123.942,0,-0,4.12,0
123.972,0,-0,4.12,0
124.002,0,-0,4.12,0
124.032,0,-0,4.12,0
124.062,0,-0,4.12,0
124.092,0,-0,4.12,0
124.122,0,-0,4.12,0
124.152,0,-0,4.12,0
124.182,0,-0,4.12,0
124.212,0,-0,4.12,0
124.242,0,-0,4.12,0
124.272,0,-0,4.12,0
124.302,0,-0,4.12,0
124.332,0,-0,4.12,0
124.362,0,-0,4.12,0
124.392,0,-0,4.11,0
124.422,0,-0,4.11,0
124.452,0,-0,4.11,0
124.482,0,-0,4.11,0
124.512,0,-0,4.11,0
124.542,0,-0,4.11,0
124.572,0,-0,4.11,0
124.602,0,-0,4.11,0
124.632,0,-0,4.11,0
124.662,0,-0,4.11,0
124.692,0,-0,4.11,0
124.722,0,-0,4.11,0
124.752,0,-0,4.11,0
124.782,0,-0,4.11,0
124.812,0,-0,4.11,0
124.842,0,-0,4.11,0
124.872,0,-0,4.11,0
124.902,0,-0,4.11,0
124.932,0,-0,4.11,0
124.962,0,-0,4.11,0
124.992,0,-0,4.11,0
125.022,0,-0,4.11,0
125.052,0,-0,4.11,0
125.082,0,-0,4.11,0
125.113,0,-0,4.11,0
125.143,0,-0,4.11,0
125.173,0,-0,4.11,0
125.203,0,-0,4.11,0
125.233,0,-0,4.11,0
125.263,0,-0,4.11,0
125.293,0,-0,4.11,0
125.323,0,-0,4.11,0
125.353,0,-0,4.11,0
125.383,0,-0,4.11,0
125.413,0,-0,4.11,0
125.443,0,-0,4.11,0
125.473,0,-0,4.11,0
125.503,0,-0,4.11,0
125.533,0,-0,4.11,0
125.563,0,-0,4.11,0
125.593,0,-0,4.11,0
125.623,0,-0,4.11,0
125.653,0,-0,4.11,0
125.683,0,-0,4.11,0
125.713,0,-0,4.11,0
125.743,0,-0,4.11,0
125.773,0,-0,4.11,0
125.803,0,-0,4.11,0
125.833,0,-0,4.11,0
125.863,0,-0,4.11,0
125.893,0,-0,4.11,0
125.924,0,-0,4.11,0
125.954,0,-0,4.11,0
125.984,0,-0,4.11,0
126.014,0,-0,4.11,0
126.044,0,-0,4.11,0
126.074,0,-0,4.11,0
126.104,0,-0,4.11,0
126.134,0,-0,4.11,0
126.164,0,-0,4.11,0
126.194,0,-0,4.11,0
126.224,0,-0,4.11,0
126.254,0,-0,4.11,0
126.284,0,-0,4.11,0
126.314,0,-0,4.11,0
126.344,0,-0,4.11,0
126.374,0,-0,4.11,0
126.404,0,-0,4.11,0
126.434,0,-0,4.11,0
126.464,0,-0,4.11,0
126.494,0,-0,4.11,0
126.524,0,-0,4.11,0
126.554,0,-0,4.11,0
126.584,0,-0,4.11,0
126.614,0,-0,4.11,0
126.644,0,-0,4.11,0
126.674,0,-0,4.11,0
126.704,0.19,-0,4.11,0
126.734,0,-0.19,4.11,0
126.764,0,-0,4.11,0
126.794,0,-0,4.11,0
126.824,0,-0,4.11,0
126.854,0,-0,4.11,0
126.884,0,-0,4.11,0
126.914,0,-0,4.11,0
126.944,0,-0,4.11,0
126.974,0,-0,4.11,0
127.004,0,-0,4.1,0
127.034,0,-0,4.1,0
127.064,0,-0,4.1,0
127.094,0.19,-0,4.1,0
127.124,0,-0.19,4.1,0
127.154,0,-0,4.1,0
127.184,0,-0,4.1,0
127.214,0,-0,4.1,0
127.244,0,-0,4.1,0
127.274,0,-0,4.1,0
127.304,0,-0,4.1,0
127.334,0,-0,4.1,0
127.364,0,-0,4.1,0
127.394,0,-0,4.1,0
127.424,0,-0,4.1,0
127.454,0,-0,4.1,0
127.484,0,-0,4.1,0
127.514,0,-0,4.1,0
127.545,0,-0,4.1,0
127.575,0,-0,4.1,0
127.605,0,-0,4.1,0
127.635,0,-0,4.1,0
127.665,0,-0,4.1,0
127.695,0.19,-0,4.1,0
127.725,0,-0.19,4.1,0
127.755,0,-0,4.09,0
127.785,0,-0,4.09,0
127.815,0,-0,4.09,0
127.845,0,-0,4.09,0
127.875,0,-0,4.09,0
127.905,0,-0,4.09,0
127.935,0,-0,4.09,0
127.965,0,-0,4.09,0
127.995,0,-0,4.09,0
128.025,0,-0,4.09,0
128.055,0,-0,4.09,0
128.085,0,-0,4.09,0
128.115,0,-0,4.09,0
128.145,0,-0,4.09,0
128.175,0,-0,4.09,0
128.205,0,-0,4.09,0
128.235,0,-0,4.09,0
128.236,0,0,0,1
128.265,0,0,0,0
128.295,0,-0,-0,0
128.325,0,-0,-0,0
128.356,0,-0,-0,0
128.386,0,-0,-0,0
128.416,0,-0,-0,0
128.446,0,-0,-0,0
128.476,0,-0,-0,0
128.506,0,-0,-0,0
128.536,0,-0,-0,0
128.566,0,-0,-0,0
128.596,0,-0,-0,0
128.626,0,-0,-0,0
128.656,0,-0,-0,0
128.686,0,-0,-0,0
128.716,0,-0,-0,0
128.746,0,-0,-0,0
128.776,0,-0,-0,0
128.806,0,-0,-0,0
128.836,0,-0,-0,0
128.866,0,-0,-0,0
128.896,0,-0,-0,0
128.926,0,-0,-0,0
128.956,0,-0,-0,0
128.986,0,-0,-0,0
129.016,0,-0,-0,0
129.046,0,-0,-0,0
129.076,0,-0,-0,0
129.106,0,-0,-0,0
129.136,0,-0,-0,0
129.166,0,-0,-0,0
129.196,0,-0,-0,0
129.226,0.19,-0,-0,0
129.256,0,-0.19,-0,0
129.286,0,-0,-0.01,0
129.316,0,5.07,0.07,0
129.346,5.13,10.32,0.31,0
129.376,10.08,10.44,0.62,0
129.406,13.38,7.42,0.89,0
129.436,15.58,4.12,1.06,0
129.466,17.23,1.92,1.15,0
129.496,18.51,0.27,1.18,0
129.526,19.43,-1.01,1.17,0
129.556,18.33,-1.93,1.13,0
129.586,13.01,-0.83,1.09,0
129.616,9.53,4.49,1.14,0
129.646,12.83,7.97,1.33,0
129.676,15.58,4.67,1.52,0
129.706,17.05,1.92,1.62,0
129.736,17.96,0.45,1.65,0
129.766,18.88,-0.46,1.65,0
129.796,18.88,-1.38,1.62,0
129.826,16.86,-1.38,1.58,0
129.856,11.18,0.64,1.57,0
129.886,12.65,6.32,1.68,0
129.916,15.58,4.85,1.84,0
129.946,17.23,1.92,1.95,0
129.977,18.51,0.27,1.98,0
130.007,18.7,-1.01,1.97,0
130.037,18.15,-1.2,1.93,0
130.067,13.38,-0.65,1.91,0
130.097,10.82,4.12,1.96,0
130.127,13.2,6.68,2.12,0
130.157,15.58,4.3,2.29,0
130.187,17.05,1.92,2.38,0
130.217,18.15,0.45,2.42,0
130.247,19.25,-0.65,2.42,0
130.277,19.06,-1.75,2.38,0
130.307,16.31,-1.56,2.33,0
130.337,10.82,1.19,2.33,0
130.367,13.93,6.68,2.44,0
130.397,16.31,3.57,2.6,0
130.427,17.96,1.19,2.67,0
130.457,18.7,-0.46,2.68,0
130.487,18.33,-1.2,2.65,0
130.517,16.5,-0.83,2.62,0
130.547,15.03,1,2.63,0
130.577,16.86,2.47,2.68,0
130.607,17.96,0.64,2.73,0
130.637,18.51,-0.46,2.73,0
130.667,18.33,-1.01,2.71,0
130.697,16.68,-0.83,2.68,0
130.727,15.21,0.82,2.68,0
130.757,16.31,2.29,2.72,0
130.788,17.78,1.19,2.78,0
130.818,18.15,-0.28,2.79,0
130.848,18.33,-0.65,2.78,0
130.878,18.15,-0.83,2.75,0
130.908,17.6,-0.65,2.73,0
130.938,17.23,-0.1,2.72,0
130.968,16.68,0.27,2.72,0
130.998,16.68,0.82,2.74,0
131.028,18.15,0.82,2.76,0
131.058,18.7,-0.65,2.77,0
131.088,18.33,-1.2,2.74,0
131.118,16.31,-0.83,2.71,0
131.148,15.03,1.19,2.71,0
131.178,16.68,2.47,2.77,0
131.208,17.96,0.82,2.82,0
131.238,18.33,-0.46,2.82,0
131.268,18.15,-0.83,2.8,0
131.298,17.78,-0.65,2.78,0
131.328,17.6,-0.28,2.77,0
131.358,17.41,-0.1,2.76,0
131.388,16.86,0.09,2.76,0
131.418,16.68,0.64,2.77,0
131.448,17.05,0.82,2.79,0
131.478,18.51,0.45,2.81,0
131.508,18.88,-1.01,2.81,0
131.538,18.15,-1.38,2.77,0
131.568,14.48,-0.65,2.74,0
131.598,12.28,3.02,2.77,0
131.628,15.03,5.22,2.9,0
131.658,16.86,2.47,3.01,0
131.688,17.6,0.64,3.06,0
131.718,18.33,-0.1,3.07,0
131.748,18.51,-0.83,3.05,0
131.778,18.15,-1.01,3.03,0
131.808,15.21,-0.65,3,0
131.838,14.48,2.29,3.03,0
131.868,15.76,3.02,3.11,0
131.898,17.23,1.74,3.18,0
131.928,18.51,0.27,3.21,0
131.958,19.25,-1.01,3.2,0
131.988,18.33,-1.75,3.15,0
132.018,13.56,-0.83,3.12,0
132.048,10.63,3.94,3.16,0
132.078,13.01,6.87,3.32,0
132.108,15.76,4.49,3.49,0
132.138,17.23,1.74,3.59,0
132.168,18.15,0.27,3.62,0
132.198,19.06,-0.65,3.61,0
132.228,19.06,-1.56,3.58,0
132.258,16.5,-1.56,3.53,0
132.288,11,1,3.52,0
132.318,13.93,6.5,3.64,0
132.348,16.31,3.57,3.79,0
132.378,17.96,1.19,3.86,0
132.409,18.88,-0.46,3.87,0
132.439,18.33,-1.38,3.84,0
132.469,16.5,-0.83,3.81,0
132.499,15.03,1,3.81,0
132.529,16.86,2.47,3.86,0
132.559,17.96,0.64,3.91,0
132.589,18.7,-0.46,3.91,0
132.619,18.33,-1.2,3.89,0
132.649,16.68,-0.83,3.86,0
132.679,15.21,0.82,3.86,0
132.709,16.31,2.29,3.9,0
132.739,17.78,1.19,3.96,0
132.769,18.51,-0.28,3.97,0
132.799,18.33,-1.01,3.95,0
132.829,17.05,-0.83,3.92,0
132.859,15.58,0.45,3.92,0
132.889,16.13,1.92,3.95,0
132.919,17.6,1.37,4,0
132.949,18.51,-0.1,4.02,0
132.979,18.33,-1.01,4,0
133.009,17.05,-0.83,3.98,0
133.039,15.58,0.45,3.97,0
133.069,16.13,1.92,4.01,0
133.099,17.6,1.37,4.06,0
133.129,18.51,-0.1,4.07,0
133.159,18.33,-1.01,4.06,0
133.189,17.05,-0.83,4.03,0
133.22,15.58,0.45,4.02,0
133.25,16.13,1.92,4.06,0
133.28,17.96,1.37,4.11,0
133.31,18.7,-0.46,4.12,0
133.34,18.33,-1.2,4.1,0
133.37,16.68,-0.83,4.07,0
133.4,15.4,0.82,4.07,0
133.43,16.31,2.1,4.11,0
133.46,17.78,1.19,4.16,0
133.49,18.51,-0.28,4.17,0
133.52,18.33,-1.01,4.15,0
133.55,16.86,-0.83,4.13,0
133.58,15.95,0.64,4.12,0
133.61,16.13,1.55,4.16,0
133.64,17.78,1.37,4.2,0
133.67,18.15,-0.28,4.22,0
133.7,18.33,-0.65,4.2,0
133.73,18.15,-0.83,4.18,0
133.76,17.6,-0.65,4.16,0
133.79,17.23,-0.1,4.15,0
133.82,16.86,0.27,4.15,0
133.85,16.68,0.64,4.16,0
133.88,17.23,0.82,4.19,0
133.91,18.51,0.27,4.2,0
133.94,19.06,-1.01,4.19,0
133.97,18.15,-1.56,4.15,0
134,14.66,-0.65,4.12,0
134.03,13.01,2.84,4.15,0
134.06,15.4,4.49,4.26,0
134.09,16.86,2.1,4.36,0
134.12,17.96,0.64,4.4,0
134.15,18.15,-0.46,4.4,0
134.18,18.7,-0.65,4.39,0
134.21,18.33,-1.2,4.36,0
134.24,15.95,-0.83,4.33,0
134.27,13.93,1.55,4.34,0
134.3,15.76,3.57,4.42,0
134.33,17.6,1.74,4.5,0
134.36,18.51,-0.1,4.52,0
134.39,18.15,-1.01,4.5,0
134.42,16.86,-0.65,4.48,0
134.45,16.5,0.64,4.48,0
134.48,16.86,1,4.5,0
134.51,18.51,0.64,4.53,0
134.54,18.88,-1.01,4.52,0
134.57,17.96,-1.38,4.49,0
134.6,15.21,-0.46,4.46,0
134.63,15.4,2.29,4.49,0
134.66,16.86,2.1,4.55,0
134.69,17.78,0.64,4.59,0
134.72,18.51,-0.28,4.6,0
134.75,18.33,-1.01,4.58,0
134.78,17.05,-0.83,4.55,0
134.81,15.76,0.45,4.55,0
134.841,16.31,1.74,4.58,0
134.871,17.78,1.19,4.62,0
134.901,18.15,-0.28,4.64,0
134.931,18.33,-0.65,4.62,0
134.961,18.15,-0.83,4.6,0
134.991,17.6,-0.65,4.58,0
135.021,17.05,-0.1,4.57,0
135.051,16.86,0.45,4.57,0
135.081,16.86,0.64,4.59,0
135.111,17.23,0.64,4.61,0
135.141,17.6,0.27,4.62,0
135.171,17.41,-0.1,4.62,0
135.201,17.23,0.09,4.62,0
135.231,17.05,0.27,4.63,0
135.261,17.23,0.45,4.64,0
135.291,17.05,0.27,4.65,0
135.321,17.05,0.45,4.66,0
135.351,16.86,0.45,4.67,0
135.381,17.05,0.64,4.69,0
135.411,17.23,0.45,4.71,0
135.441,17.23,0.27,4.72,0
135.471,17.23,0.27,4.73,0
135.501,17.05,0.27,4.73,0
135.531,17.23,0.45,4.74,0
135.561,17.23,0.27,4.76,0
135.591,17.23,0.27,4.76,0
135.621,17.23,0.27,4.77,0
135.652,17.05,0.27,4.78,0
135.682,17.23,0.45,4.79,0
135.712,17.23,0.27,4.8,0
135.742,17.23,0.27,4.81,0
135.772,17.05,0.27,4.82,0
135.802,17.05,0.45,4.83,0
135.832,17.05,0.45,4.84,0
135.862,17.23,0.45,4.86,0
135.892,17.23,0.27,4.87,0
135.922,17.05,0.27,4.87,0
135.952,17.05,0.45,4.89,0
135.982,17.05,0.45,4.9,0
136.012,17.23,0.45,4.91,0
136.042,17.23,0.27,4.92,0
136.072,17.05,0.27,4.93,0
136.102,17.05,0.45,4.94,0
136.132,17.05,0.45,4.96,0
136.162,17.23,0.45,4.97,0
136.192,17.05,0.27,4.98,0
136.222,17.05,0.45,4.99,0
136.252,17.05,0.45,5,0
136.282,17.23,0.45,5.02,0
136.312,17.23,0.27,5.03,0
136.342,17.23,0.27,5.04,0
136.372,17.05,0.27,5.05,0
136.402,17.05,0.45,5.06,0
136.432,17.05,0.45,5.07,0
136.462,17.05,0.45,5.08,0
136.492,17.05,0.45,5.1,0
136.522,17.05,0.45,5.11,0
136.552,17.05,0.45,5.12,0
136.582,17.05,0.45,5.14,0
136.612,17.23,0.45,5.15,0
136.642,17.23,0.27,5.16,0
136.672,17.05,0.27,5.17,0
136.702,17.05,0.45,5.18,0
136.732,17.05,0.45,5.19,0
136.762,17.23,0.45,5.21,0
136.792,17.05,-0.61,5.21,0
136.822,16.86,-5.67,5.11,0
136.852,15.4,-10.74,4.87,0
136.882,10.82,-14.52,4.49,0
136.912,7.15,-10.82,4.11,0
136.942,4.22,-7.15,3.84,0
136.972,2.02,-4.22,3.67,0
137.002,0.73,-2.02,3.57,0
137.032,0.19,-0.73,3.53,0
137.062,0,-0.19,3.52,0
137.092,0,-0,3.52,0
137.122,0,-0,3.52,0
137.152,0,-0,3.52,0
137.182,0,-0,3.52,0
137.212,0,-0,3.52,0
137.242,0,-0,3.52,0
137.273,0,-0,3.52,0
137.303,0,-0,3.52,0
137.333,0,-0,3.52,0
137.363,0,-0,3.52,0
137.393,0,-0,3.51,0
137.423,0,-0,3.51,0
137.453,0,-0,3.51,0
137.483,0,-0,3.51,0
137.513,0,-0,3.51,0
137.543,0,-0,3.51,0
137.573,0,-0,3.51,0
137.603,0,-0,3.51,0
137.633,0,-0,3.51,0
137.663,0,-0,3.51,0
137.693,0,-0,3.51,0
137.723,0,-0,3.51,0
137.753,0,-0,3.51,0
137.783,0,-0,3.51,0
137.813,0,-0,3.51,0
137.843,0,-0,3.51,0
137.873,0,-0,3.51,0
137.903,0,-0,3.51,0
137.933,0,-0,3.51,0
137.963,0,-0,3.51,0
137.993,0,-0,3.51,0
138.023,0,-0,3.51,0
138.053,0.19,-0,3.51,0
138.084,0,-0.19,3.51,0
138.114,0,-0,3.51,0
138.144,0,-0,3.51,0
138.174,0,-0,3.51,0
138.204,0,-0,3.51,0
138.234,0,-0,3.51,0
138.264,0,-0,3.51,0
138.294,0,-0,3.51,0
138.324,0,-0,3.51,0
138.354,0,-0,3.51,0
138.384,0,-0,3.51,0
138.414,0,-0,3.51,0
138.444,0,-0,3.51,0
138.474,0,-0,3.51,0
138.504,0,-0,3.51,0
138.534,0,-0,3.51,0
138.564,0,-0,3.51,0
138.594,0,-0,3.51,0
138.624,0,-0,3.51,0
138.654,0,-0,3.51,0
138.684,0,-0,3.51,0
138.714,0,-0,3.51,0
138.744,0,-0,3.51,0
138.774,0,-0,3.51,0
138.804,0,-0,3.51,0
138.834,0,-0,3.51,0
138.864,0,-0,3.51,0
138.894,0,-0,3.51,0
138.924,0,-0,3.51,0
138.954,0,-0,3.51,0
138.984,0,-0,3.51,0
139.014,0,-0,3.51,0
139.044,0,-0,3.51,0
139.074,0,-0,3.51,0
139.104,0,-0,3.51,0
139.134,0,-0,3.51,0
139.164,0,-0,3.51,0
139.194,0,-0,3.51,0
139.224,0,-0,3.51,0
139.254,0,-0,3.51,0
139.284,0,-0,3.51,0
139.314,0,-0,3.51,0
139.344,0,-0,3.51,0
139.374,0,-0,3.51,0
139.404,0,-0,3.51,0
139.434,0,-0,3.51,0
139.464,0,-0,3.51,0
139.494,0,-0,3.51,0
139.524,0,-0,3.51,0
139.554,0,-0,3.51,0
139.584,0,-0,3.51,0
139.614,0,-0,3.51,0
139.644,0,-0,3.51,0
139.674,0,-0,3.51,0
139.705,0,-0,3.51,0
139.735,0,-0,3.51,0
139.765,0,-0,3.51,0
139.795,0,-0,3.51,0
139.825,0,-0,3.51,0
139.855,0,-0,3.51,0
139.885,0,-0,3.51,0
139.915,0,-0,3.51,0
139.945,0,-0,3.51,0
139.975,0,-0,3.5,0
140.005,0,-0,3.5,0
140.035,0,-0,3.5,0
140.065,0,-0,3.5,0
140.095,0,-0,3.5,0
140.125,0,-0,3.5,0
140.155,0,-0,3.5,0
140.185,0,-0,3.5,0
140.215,0,-0,3.5,0
140.245,0,-0,3.5,0
140.275,0,-0,3.5,0
140.305,0,-0,3.5,0
140.335,0,-0,3.5,0
140.365,0,-0,3.5,0
140.395,0,-0,3.5,0
140.425,0,-0,3.5,0
140.455,0,-0,3.5,0
140.485,0,-0,3.5,0
140.516,0,-0,3.5,0
140.546,0,-0,3.5,0
140.576,0,-0,3.5,0
140.606,0,-0,3.5,0
140.636,0,-0,3.5,0
140.666,0,-0,3.5,0
140.696,0,-0,3.5,0
140.726,0,-0,3.5,0
140.756,0,-0,3.5,0
140.786,0,-0,3.5,0
140.816,0,-0,3.5,0
140.846,0,-0,3.5,0
140.876,0,-0,3.5,0
140.906,0,-0,3.5,0
140.936,0,-0,3.5,0
140.966,0,-0,3.5,0
140.996,0,-0,3.5,0
141.026,0,-0,3.5,0
141.056,0,-0,3.5,0
141.086,0,-0,3.5,0
141.116,0,-0,3.5,0
141.146,0,-0,3.5,0
141.176,0,-0,3.5,0
141.206,0,-0,3.5,0
141.236,0,-0,3.5,0
141.266,0,-0,3.5,0
141.296,0,-0,3.5,0
141.326,0,-0,3.5,0
141.356,0,-0,3.5,0
141.386,0,-0,3.5,0
141.416,0,-0,3.5,0
141.446,0,-0,3.5,0
141.476,0,-0,3.5,0
141.506,0,-0,3.5,0
141.536,0,-0,3.5,0
141.566,0,-0,3.5,0
141.596,0,-0,3.5,0
141.626,0,-0,3.5,0
141.656,0,-0,3.5,0
141.686,0,-0,3.5,0
141.716,0,-0,3.5,0
141.746,0,-0,3.5,0
141.776,0,-0,3.5,0
141.806,0,-0,3.5,0
141.836,0,-0,3.5,0
141.866,0,-0,3.5,0
141.896,0,-0,3.5,0
141.926,0,-0,3.5,0
141.956,0,-0,3.5,0
141.986,0,-0,3.5,0
142.016,0,-0,3.5,0
142.046,0,-0,3.5,0
142.076,0,-0,3.5,0
142.106,0,-0,3.5,0
142.137,0.19,-0,3.5,0
142.167,0,-0.19,3.5,0
142.197,0,-0,3.5,0
142.227,0,-0,3.5,0
142.257,0,-0,3.5,0
142.287,0,-0,3.5,0
142.317,0,-0,3.5,0
142.347,0,-0,3.5,0
142.377,0,-0,3.5,0
142.407,0,-0,3.5,0
142.437,0,-0,3.5,0
142.467,0,-0,3.5,0
142.497,0,-0,3.5,0
142.527,0,-0,3.5,0
142.557,0.19,-0,3.5,0
142.587,0,-0.19,3.49,0
142.617,0,-0,3.49,0
142.647,0,-0,3.49,0
142.677,0,-0,3.49,0
142.707,0.19,-0,3.49,0
142.737,0,-0.19,3.49,0
142.767,0,-0,3.48,0
142.797,0,-0,3.48,0
142.827,0,-0,3.48,0
142.857,0,-0,3.48,0
142.887,0,-0,3.48,0
142.917,0,-0,3.48,0
142.948,0,-0,3.48,0
142.978,0,-0,3.48,0
143.008,0,-0,3.48,0
143.038,0,-0,3.48,0
143.068,0,-0,3.48,0
143.098,0,-0,3.48,0
143.128,0,-0,3.48,0
143.158,0,-0,3.48,0
143.188,0,-0,3.48,0
143.218,0,-0,3.48,0
143.248,0,-0,3.48,0
143.278,0,-0,3.48,0
143.308,0,-0,3.48,0
143.338,0,-0,3.48,0
143.368,0,-0,3.48,0
143.398,0,-0,3.48,0
143.428,0,-0,3.48,0
143.458,0,-0,3.48,0
143.488,0,-0,3.48,0
143.518,0,-0,3.48,0
143.548,0,-0,3.48,0
143.578,0,-0,3.48,0
143.608,0,-0,3.48,0
143.638,0,-0,3.48,0
143.668,0,-0,3.48,0
143.698,0,-0,3.48,0
143.728,0,-0,3.48,0
143.758,0,-0,3.48,0
143.788,0,-0,3.48,0
143.818,0,-0,3.48,0
143.848,0,-0,3.48,0
143.878,0,-0,3.48,0
143.908,0,-0,3.48,0
143.938,0,-0,3.48,0
143.968,0,-0,3.48,0
143.998,0,-0,3.48,0
144.028,0,-0,3.48,0
144.058,0,-0,3.48,0
144.088,0,-0,3.48,0
144.118,0,-0,3.48,0
144.148,0,-0,3.48,0
144.178,0.19,-0,3.48,0
144.208,0,-0.19,3.48,0
144.238,0,-0,3.48,0
144.268,0,-0,3.48,0
144.27,0,0,0,1
144.298,0,0,0,0
144.328,0,-0,-0,0
144.358,0,-0,-0,0
144.388,0,-0,-0,0
144.418,0,-0,-0,0
144.448,0,-0,-0,0
144.478,0,-0,-0,0
144.508,0,-0,-0,0
144.538,0,-0,-0,0
144.569,0,-0,-0,0
144.599,0,-0,-0,0
144.629,0,-0,-0,0
144.659,0,-0,-0,0
144.689,0,-0,-0,0
144.719,0,-0,-0,0
144.749,0,-0,-0,0
144.779,0,-0,-0,0
144.809,0,-0,-0,0
144.839,0,-0,-0,0
144.869,0,-0,-0,0
144.899,0,-0,-0,0
144.929,0,-0,-0,0
144.959,0,-0,-0,0
144.989,0,-0,-0,0
145.019,0,-0,-0,0
145.049,0,-0,-0,0
145.079,0,-0,-0,0
145.109,0,-0,-0,0
145.139,0,-0,-0,0
145.169,0,-0,-0,0
145.199,0,-0,-0,0
145.229,0,-0,-0,0
145.259,0,-0,-0,0
145.289,0,-0,-0,0
145.319,0,-0,-0,0
145.349,0,4.9,0.07,0
145.38,4.95,10.15,0.3,0
145.41,9.9,10.62,0.61,0
145.44,13.2,7.6,0.88,0
145.47,15.4,4.3,1.06,0
145.5,17.23,2.1,1.16,0
145.53,18.51,0.27,1.19,0
145.56,19.43,-1.01,1.18,0
145.59,18.33,-1.93,1.14,0
145.62,13.38,-0.83,1.1,0
145.65,9.17,4.12,1.15,0
145.68,12.65,8.33,1.33,0
145.71,15.4,4.85,1.53,0
145.74,17.05,2.1,1.63,0
145.77,17.96,0.45,1.67,0
145.8,18.88,-0.46,1.67,0
145.83,18.88,-1.38,1.64,0
145.86,17.05,-1.38,1.6,0
145.89,11.37,0.45,1.59,0
145.92,12.65,6.13,1.69,0
145.95,15.21,4.85,1.85,0
145.98,17.23,2.29,1.96,0
146.01,18.33,0.27,2,0
146.04,19.06,-0.83,1.99,0
146.07,18.51,-1.56,1.95,0
146.1,15.21,-1.01,1.92,0
146.13,10.27,2.29,1.93,0
146.16,13.56,7.23,2.08,0
146.19,15.95,3.94,2.24,0
146.22,17.41,1.55,2.33,0
146.25,18.33,0.09,2.35,0
146.28,19.25,-0.83,2.34,0
146.31,19.06,-1.75,2.3,0
146.34,15.4,-1.56,2.25,0
146.37,10.45,2.1,2.26,0
146.4,13.56,7.05,2.4,0
146.43,16.13,3.94,2.56,0
146.46,17.6,1.37,2.64,0
146.49,18.51,-0.1,2.66,0
146.52,18.15,-1.01,2.64,0
146.55,17.05,-0.65,2.62,0
146.58,16.68,0.45,2.62,0
146.61,16.68,0.82,2.64,0
146.64,17.78,0.82,2.66,0
146.67,18.51,-0.28,2.67,0
146.7,18.33,-1.01,2.65,0
146.73,17.05,-0.83,2.62,0
146.76,15.4,0.45,2.62,0
146.79,15.95,2.1,2.65,0
146.82,17.6,1.55,2.71,0
146.85,18.33,-0.1,2.73,0
146.88,18.15,-0.83,2.72,0
146.91,17.96,-0.65,2.69,0
146.94,17.6,-0.46,2.68,0
146.97,17.23,-0.1,2.67,0
147.001,16.86,0.27,2.67,0
147.031,16.68,0.64,2.69,0
147.061,17.23,0.82,2.71,0
147.091,18.51,0.27,2.72,0
147.121,19.06,-1.01,2.71,0
147.151,18.15,-1.56,2.67,0
147.181,14.48,-0.65,2.64,0
147.211,9.9,3.02,2.68,0
147.241,13.38,7.6,2.84,0
147.271,15.76,4.12,3.01,0
147.301,17.05,1.74,3.1,0
147.331,18.15,0.45,3.13,0
147.361,19.06,-0.65,3.13,0
147.391,19.06,-1.56,3.1,0
147.421,16.5,-1.56,3.05,0
147.451,11,1,3.04,0
147.481,13.93,6.5,3.15,0
147.511,16.31,3.57,3.3,0
147.541,17.96,1.19,3.38,0
147.571,18.7,-0.46,3.39,0
147.601,18.33,-1.2,3.36,0
147.631,16.68,-0.83,3.33,0
147.661,15.03,0.82,3.33,0
147.691,16.13,2.47,3.38,0
147.721,17.78,1.37,3.44,0
147.751,18.51,-0.28,3.46,0
147.781,18.15,-1.01,3.44,0
147.812,16.86,-0.65,3.41,0
147.842,16.68,0.64,3.41,0
147.872,16.68,0.82,3.43,0
147.902,17.78,0.82,3.46,0
147.932,18.7,-0.28,3.47,0
147.962,18.51,-1.2,3.44,0
147.992,17.05,-1.01,3.41,0
148.022,12.1,0.45,3.4,0
148.052,13.56,5.4,3.49,0
148.082,15.95,3.94,3.63,0
148.112,17.23,1.55,3.71,0
148.142,18.33,0.27,3.74,0
148.172,19.25,-0.83,3.73,0
148.202,18.88,-1.75,3.69,0
148.232,15.58,-1.38,3.65,0
148.262,10.63,1.92,3.65,0
148.292,13.56,6.87,3.79,0
148.322,16.13,3.94,3.95,0
148.352,17.6,1.37,4.03,0
148.382,18.51,-0.1,4.05,0
148.412,18.15,-1.01,4.03,0
148.442,17.23,-0.65,4,0
148.472,16.68,0.27,4,0
148.502,16.68,0.82,4.01,0
148.532,17.78,0.82,4.04,0
148.562,18.51,-0.28,4.05,0
148.592,18.33,-1.01,4.03,0
148.622,17.05,-0.83,4,0
148.652,15.21,0.45,3.99,0
148.682,15.76,2.29,4.04,0
148.712,17.41,1.74,4.1,0
148.742,18.51,0.09,4.12,0
148.772,19.06,-1.01,4.11,0
148.802,18.33,-1.56,4.07,0
148.832,13.56,-0.83,4.04,0
148.862,9.53,3.94,4.08,0
148.892,13.01,7.97,4.26,0
148.922,15.58,4.49,4.45,0
148.952,17.23,1.92,4.54,0
148.982,18.15,0.27,4.58,0
149.012,19.06,-0.65,4.57,0
149.042,19.06,-1.56,4.54,0
149.072,16.5,-1.56,4.49,0
149.102,11.18,1,4.48,0
149.132,14.3,6.32,4.59,0
149.162,16.31,3.2,4.73,0
149.192,17.78,1.19,4.8,0
149.222,18.7,-0.28,4.81,0
149.252,18.51,-1.2,4.79,0
149.282,16.86,-1.01,4.76,0
149.312,11.73,0.64,4.75,0
149.342,13.56,5.77,4.85,0
149.372,16.13,3.94,4.99,0
149.402,17.23,1.37,5.07,0
149.433,18.33,0.27,5.1,0
149.463,19.25,-0.83,5.09,0
149.493,18.88,-1.75,5.05,0
149.523,15.58,-1.38,5,0
149.553,10.45,1.92,5.01,0
149.583,13.56,7.05,5.15,0
149.613,15.95,3.94,5.31,0
149.643,17.6,1.55,5.39,0
149.673,18.51,-0.1,5.42,0
149.703,18.15,-1.01,5.4,0
149.733,17.05,-0.65,5.37,0
149.763,16.5,0.45,5.37,0
149.793,16.68,1,5.39,0
149.823,18.15,0.82,5.42,0
149.853,18.88,-0.65,5.42,0
149.883,18.51,-1.38,5.39,0
149.913,16.5,-1.01,5.36,0
149.943,11.18,1,5.36,0
149.973,14.11,6.32,5.47,0
150.003,16.31,3.39,5.61,0
150.033,17.6,1.19,5.68,0
150.063,18.51,-0.1,5.7,0
150.093,18.33,-1.01,5.68,0
150.123,17.23,-0.83,5.65,0
150.153,15.58,0.27,5.64,0
150.183,15.76,1.92,5.68,0
150.213,17.41,1.74,5.73,0
150.244,18.51,0.09,5.76,0
150.274,19.25,-1.01,5.74,0
150.304,18.51,-1.75,5.7,0
150.334,13.75,-1.01,5.66,0
150.364,9.53,3.75,5.7,0
150.394,13.01,7.97,5.88,0
150.424,15.58,4.49,6.07,0
150.454,17.05,1.92,6.16,0
150.484,18.15,0.45,6.2,0
150.514,19.06,-0.65,6.19,0
150.544,19.06,-1.56,6.16,0
150.574,16.5,-1.56,6.11,0
150.604,11,1,6.11,0
150.634,14.11,6.5,6.22,0
150.664,16.31,3.39,6.37,0
150.694,17.78,1.19,6.44,0
150.724,18.88,-0.28,6.45,0
150.754,18.51,-1.38,6.42,0
150.784,16.86,-1.01,6.39,0
150.814,11.73,0.64,6.38,0
150.844,13.75,5.77,6.48,0
150.874,16.13,3.75,6.62,0
150.904,17.41,1.37,6.7,0
150.934,18.33,0.09,6.72,0
150.964,19.25,-0.83,6.71,0
150.994,18.88,-1.75,6.67,0
151.024,15.4,-1.38,6.62,0
151.054,10.63,2.1,6.63,0
151.084,13.56,6.87,6.77,0
151.114,15.95,3.94,6.93,0
151.144,17.6,1.55,7.01,0
151.174,18.51,-0.1,7.03,0
151.204,18.15,-1.01,7.02,0
151.234,17.05,-0.65,6.99,0
151.264,16.68,0.45,6.99,0
151.294,16.68,0.82,7.01,0
151.324,17.78,0.82,7.03,0
151.354,18.7,-0.28,7.04,0
151.384,18.33,-1.2,7.02,0
151.414,17.05,-0.83,6.99,0
151.444,15.58,0.45,6.98,0
151.474,15.95,1.92,7.02,0
151.504,17.6,1.55,7.07,0
151.534,18.51,-0.1,7.09,0
151.564,18.33,-1.01,7.08,0
151.594,17.05,-0.83,7.05,0
151.624,15.58,0.45,7.04,0
151.654,15.95,1.92,7.08,0
151.684,17.78,1.55,7.13,0
151.714,18.51,-0.28,7.15,0
151.744,18.33,-1.01,7.13,0
151.774,17.05,-0.83,7.1,0
151.804,15.4,0.45,7.1,0
151.834,15.76,2.1,7.13,0
151.865,17.6,1.74,7.19,0
151.895,18.33,-0.1,7.22,0
151.925,18.15,-0.83,7.2,0
151.955,17.78,-0.65,7.18,0
151.985,17.6,-0.28,7.17,0
152.015,17.23,-0.1,7.16,0
152.045,16.86,0.27,7.16,0
152.075,16.86,0.64,7.18,0
152.105,17.05,0.64,7.2,0
152.135,17.6,0.45,7.21,0
152.165,17.6,-0.1,7.22,0
152.195,17.23,-0.1,7.22,0
152.225,17.05,0.27,7.22,0
152.255,17.05,0.45,7.23,0
152.285,17.05,0.45,7.24,0
152.315,17.05,0.45,7.26,0
152.345,17.05,0.45,7.27,0
152.375,17.05,0.45,7.28,0
152.405,17.05,0.45,7.3,0
152.435,17.05,0.45,7.31,0
152.465,17.05,0.45,7.32,0
152.495,17.05,0.45,7.34,0
152.525,17.05,0.45,7.35,0
152.555,17.05,0.45,7.37,0
152.585,17.05,0.45,7.38,0
152.615,17.23,0.45,7.39,0
152.645,17.05,0.27,7.4,0
152.676,17.05,0.45,7.41,0
152.706,17.23,0.45,7.43,0
152.736,17.23,0.27,7.44,0
152.766,17.05,0.27,7.45,0
152.796,17.05,0.45,7.46,0
152.826,17.05,-0.42,7.46,0
152.856,16.86,-5.67,7.37,0
152.886,15.58,-10.74,7.12,0
152.916,11.18,-14.71,6.74,0
152.946,7.33,-11.18,6.35,0
152.976,4.4,-7.33,6.07,0
153.006,2.2,-4.4,5.9,0
153.036,0.92,-2.2,5.8,0
153.066,0.19,-0.92,5.75,0
153.096,0,-0.19,5.73,0
153.126,0,-0,5.73,0
153.156,0,-0,5.73,0
153.186,0,-0,5.73,0
153.216,0,-0,5.73,0
153.246,0,-0,5.73,0
153.276,0,-0,5.73,0
153.306,0,-0,5.73,0
153.336,0,-0,5.73,0
153.366,0,-0,5.73,0
153.396,0,-0,5.73,0
153.426,0,-0,5.73,0
153.456,0,-0,5.73,0
153.486,0,-0,5.73,0
153.516,0,-0,5.73,0
153.546,0,-0,5.73,0
153.576,0,-0,5.73,0
153.606,0,-0,5.73,0
153.636,0.19,-0,5.73,0
153.666,0,-0.19,5.73,0
153.696,0,-0,5.72,0
153.726,0,-0,5.72,0
153.756,0,-0,5.72,0
153.786,0,-0,5.72,0
153.816,0,-0,5.72,0
153.846,0,-0,5.72,0
153.876,0,-0,5.72,0
153.906,0,-0,5.72,0
153.936,0,-0,5.72,0
153.966,0,-0,5.72,0
153.996,0,-0,5.72,0
154.026,0,-0,5.72,0
154.056,0,-0,5.72,0
154.086,0,-0,5.72,0
154.116,0,-0,5.72,0
154.146,0,-0,5.72,0
154.176,0,-0,5.72,0
154.206,0,-0,5.72,0
154.236,0,-0,5.72,0
154.266,0,-0,5.72,0
154.297,0,-0,5.72,0
154.327,0,-0,5.72,0
154.357,0,-0,5.72,0
154.387,0,-0,5.72,0
154.417,0,-0,5.72,0
154.447,0,-0,5.72,0
154.477,0,-0,5.72,0
154.507,0,-0,5.72,0
154.537,0,-0,5.72,0
154.567,0,-0,5.72,0
154.597,0,-0,5.72,0
154.627,0,-0,5.72,0
154.657,0,-0,5.72,0
154.687,0,-0,5.72,0
154.717,0,-0,5.72,0
154.747,0,-0,5.72,0
154.777,0,-0,5.72,0
154.807,0,-0,5.72,0
154.837,0,-0,5.72,0
154.867,0,-0,5.72,0
154.897,0,-0,5.72,0
154.927,0,-0,5.72,0
154.957,0,-0,5.72,0
154.987,0,-0,5.72,0
155.017,0,-0,5.72,0
155.047,0,-0,5.72,0
155.077,0,-0,5.72,0
155.108,0,-0,5.72,0
155.138,0,-0,5.72,0
155.168,0,-0,5.72,0
155.198,0,-0,5.72,0
155.228,0,-0,5.72,0
155.258,0,-0,5.72,0
155.288,0,-0,5.72,0
155.318,0,-0,5.72,0
155.348,0.19,-0,5.72,0
155.378,0,-0.19,5.72,0
155.408,0,-0,5.72,0
155.438,0,-0,5.72,0
155.468,0,-0,5.72,0
155.498,0,-0,5.72,0
155.528,0,-0,5.72,0
155.558,0,-0,5.72,0
155.588,0,-0,5.72,0
155.618,0,-0,5.72,0
155.648,0,-0,5.72,0
155.678,0,-0,5.72,0
155.708,0,-0,5.72,0
155.738,0,-0,5.72,0
155.768,0,-0,5.72,0
155.798,0,-0,5.72,0
155.828,0,-0,5.72,0
155.858,0,-0,5.72,0
155.888,0,-0,5.72,0
155.918,0,-0,5.72,0
155.948,0,-0,5.72,0
155.978,0,-0,5.72,0
156.008,0,-0,5.72,0
156.038,0,-0,5.72,0
156.068,0,-0,5.72,0
156.098,0,-0,5.72,0
156.128,0,-0,5.72,0
156.158,0,-0,5.72,0
156.188,0,-0,5.72,0
156.218,0,-0,5.71,0
156.248,0,-0,5.71,0
156.278,0,-0,5.71,0
156.308,0,-0,5.71,0
156.338,0,-0,5.71,0
156.368,0,-0,5.71,0
156.398,0,-0,5.71,0
156.428,0,-0,5.71,0
156.458,0,-0,5.71,0
156.488,0,-0,5.71,0
156.518,0,-0,5.71,0
156.548,0,-0,5.71,0
156.578,0,-0,5.71,0
156.608,0,-0,5.71,0
156.638,0,-0,5.71,0
156.668,0,-0,5.71,0
156.698,0,-0,5.71,0
156.729,0,-0,5.71,0
156.759,0,-0,5.71,0
156.789,0,-0,5.71,0
156.819,0,-0,5.71,0
156.849,0,-0,5.71,0
156.879,0,-0,5.71,0
156.909,0,-0,5.71,0
156.939,0,-0,5.71,0
156.969,0,-0,5.71,0
156.999,0,-0,5.71,0
157.029,0,-0,5.71,0
157.059,0,-0,5.71,0
157.089,0,-0,5.71,0
157.119,0,-0,5.71,0
157.149,0,-0,5.71,0
157.179,0,-0,5.71,0
157.209,0,-0,5.71,0
157.239,0,-0,5.71,0
157.269,0,-0,5.71,0
157.299,0,-0,5.71,0
157.329,0,-0,5.71,0
157.359,0,-0,5.71,0
157.389,0,-0,5.71,0
157.419,0,-0,5.71,0
157.449,0,-0,5.71,0
157.479,0,-0,5.71,0
157.509,0,-0,5.71,0
157.54,0,-0,5.71,0
157.57,0,-0,5.71,0
157.6,0,-0,5.71,0
157.63,0,-0,5.71,0
157.66,0,-0,5.71,0
157.69,0.19,-0,5.71,0
157.72,0,-0.19,5.71,0
157.75,0,-0,5.71,0
157.78,0,-0,5.71,0
157.81,0,-0,5.71,0
157.84,0,-0,5.71,0
157.87,0,-0,5.71,0
157.9,0,-0,5.71,0
157.93,0,-0,5.71,0
157.96,0,-0,5.71,0
157.99,0,-0,5.71,0
158.02,0,-0,5.71,0
158.05,0,-0,5.71,0
158.08,0,-0,5.71,0
158.11,0,-0,5.71,0
158.14,0,-0,5.71,0
158.17,0,-0,5.71,0
158.2,0,-0,5.71,0
158.23,0.19,-0,5.71,0
158.26,0,-0.19,5.7,0
158.29,0,-0,5.7,0
158.32,0,-0,5.7,0
158.35,0,-0,5.7,0
158.38,0,-0,5.7,0
158.41,0,-0,5.7,0
158.44,0,-0,5.7,0
158.47,0,-0,5.7,0
158.5,0,-0,5.7,0
158.53,0,-0,5.7,0
158.56,0,-0,5.7,0
158.59,0,-0,5.7,0
158.62,0,-0,5.7,0
158.65,0,-0,5.7,0
158.68,0,-0,5.7,0
158.71,0,-0,5.7,0
158.74,0,-0,5.7,0
158.77,0,-0,5.7,0
158.8,0,-0,5.7,0
158.83,0,-0,5.7,0
158.86,0,-0,5.7,0
158.89,0,-0,5.7,0
158.92,0,-0,5.7,0
158.95,0,-0,5.7,0
158.98,0,-0,5.7,0
159.01,0,-0,5.7,0
159.04,0,-0,5.7,0
159.07,0,-0,5.7,0
159.1,0.19,-0,5.7,0
159.13,0,-0.19,5.7,0
159.161,0,-0,5.69,0
159.191,0,-0,5.69,0
159.221,0,-0,5.69,0
159.251,0,-0,5.69,0
159.281,0,-0,5.69,0
159.311,0,-0,5.69,0
159.341,0,-0,5.69,0
159.371,0,-0,5.69,0
159.401,0,-0,5.69,0
159.431,0,-0,5.69,0
159.461,0,-0,5.69,0
159.491,0,-0,5.69,0
159.521,0,-0,5.69,0
159.551,0,-0,5.69,0
159.581,0,-0,5.69,0
159.611,0,-0,5.69,0
159.641,0,-0,5.69,0
159.671,0,-0,5.69,0
159.701,0,-0,5.69,0
159.731,0,-0,5.69,0
159.761,0,-0,5.69,0
159.791,0,-0,5.69,0
159.821,0,-0,5.69,0
159.851,0,-0,5.69,0
159.881,0,-0,5.69,0
159.911,0,-0,5.69,0
159.941,0,-0,5.69,0
159.972,0,-0,5.69,0
160.002,0,-0,5.69,0
160.032,0,-0,5.69,0
160.062,0,-0,5.69,0
160.092,0,-0,5.69,0
160.122,0,-0,5.69,0
160.152,0,-0,5.69,0
160.182,0,-0,5.69,0
160.212,0,-0,5.69,0
160.242,0,-0,5.69,0
160.272,0,-0,5.69,0
160.302,0,-0,5.69,0
160.303,0,0,0,1
160.332,0,0,0,0
160.362,0,-0,-0,0
160.392,0,-0,-0,0
160.422,0,-0,-0,0
160.452,0,-0,-0,0
160.482,0.19,-0,-0,0
160.512,0,-0.19,-0,0
160.542,0,-0,-0.01,0
160.572,0,-0,-0.01,0
160.602,0,-0,-0.01,0
160.632,0,-0,-0.01,0
160.662,0,-0,-0.01,0
160.692,0,-0,-0.01,0
160.722,0,-0,-0.01,0
160.752,0,-0,-0.01,0
160.782,0,-0,-0.01,0
160.812,0,-0,-0.01,0
160.842,0,-0,-0.01,0
160.872,0,-0,-0.01,0
160.902,0,-0,-0.01,0
160.932,0,-0,-0.01,0
160.962,0,-0,-0.01,0
160.992,0,-0,-0.01,0
161.022,0,-0,-0.01,0
161.052,0,-0,-0.01,0
161.082,0,-0,-0.01,0
161.112,0,-0,-0.01,0
161.142,0,-0,-0.01,0
161.172,0,-0,-0.01,0
161.202,0,-0,-0.01,0
161.232,0,-0,-0.01,0
161.262,0,-0,-0.01,0
161.292,0,-0,-0.01,0
161.322,0,-0,-0.01,0
161.352,0,-0,-0.01,0
161.382,0,4.37,0.06,0
161.412,4.58,9.62,0.27,0
161.442,9.53,10.29,0.57,0
161.472,13.01,7.97,0.84,0
161.502,15.21,4.49,1.03,0
161.532,17.05,2.29,1.13,0
161.562,18.33,0.45,1.17,0
161.593,19.25,-0.83,1.16,0
161.623,18.7,-1.75,1.13,0
161.653,15.58,-1.2,1.08,0
161.683,10.45,1.92,1.09,0
161.713,13.2,7.05,1.23,0
161.743,15.95,4.3,1.4,0
161.773,17.23,1.55,1.49,0
161.803,18.15,0.27,1.51,0
161.833,19.06,-0.65,1.51,0
161.863,18.88,-1.56,1.47,0
161.893,16.68,-1.38,1.43,0
161.923,11,0.82,1.42,0
161.953,13.01,6.5,1.53,0
161.983,15.58,4.49,1.7,0
162.013,17.23,1.92,1.8,0
162.043,18.33,0.27,1.83,0
162.073,19.25,-0.83,1.82,0
162.103,18.7,-1.75,1.78,0
162.133,15.95,-1.2,1.74,0
162.163,10.82,1.55,1.74,0
162.193,13.56,6.68,1.87,0
162.223,15.95,3.94,2.03,0
162.253,17.41,1.55,2.11,0
162.283,18.33,0.09,2.13,0
162.313,19.25,-0.83,2.12,0
162.343,19.06,-1.75,2.08,0
162.373,15.95,-1.56,2.03,0
162.404,10.45,1.55,2.03,0
162.434,13.38,7.05,2.16,0
162.464,15.76,4.12,2.33,0
162.494,17.6,1.74,2.42,0
162.524,18.51,-0.1,2.44,0
162.554,18.15,-1.01,2.43,0
162.584,17.05,-0.65,2.4,0
162.614,16.68,0.45,2.4,0
162.644,16.68,0.82,2.42,0
162.674,17.78,0.82,2.44,0
162.704,18.51,-0.28,2.45,0
162.734,18.33,-1.01,2.43,0
162.764,17.05,-0.83,2.4,0
162.794,16.13,0.45,2.4,0
162.824,15.95,1.37,2.43,0
162.854,17.41,1.55,2.47,0
162.884,18.33,0.09,2.49,0
162.914,19.06,-0.83,2.48,0
162.944,18.88,-1.56,2.45,0
162.974,16.13,-1.38,2.4,0
163.004,10.82,1.37,2.4,0
163.034,13.56,6.68,2.52,0
163.064,15.95,3.94,2.68,0
163.094,17.41,1.55,2.76,0
163.124,18.33,0.09,2.79,0
163.154,19.25,-0.83,2.78,0
163.184,18.88,-1.75,2.74,0
163.214,15.95,-1.38,2.69,0
163.244,10.82,1.55,2.7,0
163.274,13.38,6.68,2.82,0
163.304,15.76,4.12,2.98,0
163.334,17.41,1.74,3.07,0
163.364,18.33,0.09,3.1,0
163.394,19.25,-0.83,3.08,0
163.424,19.06,-1.75,3.05,0
163.454,15.95,-1.56,3,0
163.484,10.82,1.55,3,0
163.514,13.56,6.68,3.12,0
163.544,15.95,3.94,3.28,0
163.574,17.41,1.55,3.36,0
163.604,18.51,0.09,3.39,0
163.634,19.43,-1.01,3.37,0
163.664,18.7,-1.93,3.33,0
163.694,13.93,-1.2,3.28,0
163.724,9.72,3.57,3.32,0
163.754,12.65,7.78,3.49,0
163.784,15.21,4.85,3.68,0
163.814,16.86,2.29,3.78,0
163.844,18.15,0.64,3.83,0
163.874,19.06,-0.65,3.83,0
163.904,18.88,-1.56,3.79,0
163.934,16.68,-1.38,3.75,0
163.964,11.18,0.82,3.74,0
163.994,13.01,6.32,3.85,0
164.025,15.76,4.49,4.01,0
164.055,17.41,1.74,4.1,0
164.085,18.33,0.09,4.13,0
164.115,19.25,-0.83,4.12,0
164.145,18.88,-1.75,4.08,0
164.175,15.76,-1.38,4.03,0
164.205,10.63,1.74,4.04,0
164.235,13.75,6.87,4.17,0
164.265,16.13,3.75,4.33,0
164.295,17.6,1.37,4.41,0
164.325,18.51,-0.1,4.42,0
164.355,18.33,-1.01,4.41,0
164.385,17.23,-0.83,4.38,0
164.415,16.31,0.27,4.37,0
164.445,15.76,1.19,4.39,0
164.475,17.41,1.74,4.44,0
164.505,18.33,0.09,4.46,0
164.535,19.25,-0.83,4.45,0
164.565,18.88,-1.75,4.41,0
164.595,16.13,-1.38,4.37,0
164.625,10.82,1.37,4.37,0
164.655,13.56,6.68,4.49,0
164.685,15.95,3.94,4.65,0
164.715,17.41,1.55,4.73,0
164.745,18.51,0.09,4.75,0
164.775,19.25,-1.01,4.74,0
164.805,18.7,-1.75,4.7,0
164.836,13.93,-1.2,4.65,0
164.866,9.53,3.57,4.69,0
164.896,12.65,7.97,4.86,0
164.926,15.4,4.85,5.06,0
164.956,17.05,2.1,5.16,0
164.986,18.15,0.45,5.2,0
165.016,19.06,-0.65,5.2,0
165.046,18.88,-1.56,5.16,0
165.076,16.68,-1.38,5.12,0
165.106,11.18,0.82,5.11,0
165.136,13.2,6.32,5.22,0
165.166,15.95,4.3,5.38,0
165.196,17.41,1.55,5.46,0
165.226,18.33,0.09,5.49,0
165.256,19.25,-0.83,5.48,0
165.286,18.88,-1.75,5.44,0
165.316,15.95,-1.38,5.39,0
165.346,10.63,1.55,5.4,0
165.376,13.56,6.87,5.52,0
165.406,15.76,3.94,5.68,0
165.436,17.41,1.74,5.77,0
165.466,18.51,0.09,5.8,0
165.496,19.25,-1.01,5.78,0
165.526,18.7,-1.75,5.74,0
165.556,13.93,-1.2,5.7,0
165.586,9.72,3.57,5.73,0
165.616,12.65,7.78,5.9,0
165.646,15.21,4.85,6.09,0
165.676,17.05,2.29,6.2,0
165.706,18.15,0.45,6.24,0
165.736,19.06,-0.65,6.24,0
165.766,19.06,-1.56,6.2,0
165.796,16.86,-1.56,6.16,0
165.826,11.37,0.64,6.14,0
165.856,12.83,6.13,6.24,0
165.886,15.4,4.67,6.41,0
165.916,17.23,2.1,6.51,0
165.946,18.33,0.27,6.54,0
165.976,19.25,-0.83,6.54,0
166.006,18.88,-1.75,6.5,0
166.036,15.76,-1.38,6.45,0
166.066,10.82,1.74,6.46,0
166.096,13.56,6.68,6.58,0
166.126,15.76,3.94,6.74,0
166.156,17.41,1.74,6.83,0
166.186,18.51,0.09,6.85,0
166.216,19.25,-1.01,6.84,0
166.246,18.7,-1.75,6.8,0
166.276,13.75,-1.2,6.75,0
166.306,9.53,3.75,6.79,0
166.336,12.47,7.97,6.97,0
166.366,15.4,5.03,7.16,0
166.396,17.05,2.1,7.27,0
166.426,18.15,0.45,7.31,0
166.457,19.06,-0.65,7.31,0
166.487,19.06,-1.56,7.27,0
166.517,16.5,-1.56,7.23,0
166.547,11.18,1,7.22,0
166.577,13.93,6.32,7.33,0
166.607,16.31,3.57,7.48,0
166.637,17.6,1.19,7.55,0
166.667,18.7,-0.1,7.56,0
166.697,18.33,-1.2,7.54,0
166.727,17.23,-0.83,7.51,0
166.757,16.31,0.27,7.5,0
166.787,15.95,1.19,7.53,0
166.817,17.6,1.55,7.57,0
166.847,18.51,-0.1,7.59,0
166.877,18.33,-1.01,7.57,0
166.907,17.23,-0.83,7.55,0
166.937,16.13,0.27,7.54,0
166.967,15.95,1.37,7.56,0
166.997,17.6,1.55,7.61,0
167.027,18.51,-0.1,7.63,0
167.057,18.15,-1.01,7.61,0
167.087,17.23,-0.65,7.59,0
167.117,16.86,0.27,7.58,0
167.147,16.68,0.64,7.59,0
167.177,16.86,0.82,7.62,0
167.207,18.15,0.64,7.64,0
167.237,18.88,-0.65,7.64,0
167.268,18.7,-1.38,7.61,0
167.298,16.68,-1.2,7.57,0
167.328,11.37,0.82,7.56,0
167.358,13.38,6.13,7.67,0
167.388,15.95,4.12,7.82,0
167.418,17.41,1.55,7.91,0
167.448,18.33,0.09,7.93,0
167.478,19.25,-0.83,7.92,0
167.508,18.88,-1.75,7.88,0
167.538,15.76,-1.38,7.83,0
167.568,10.82,1.74,7.84,0
167.598,13.56,6.68,7.97,0
167.628,15.95,3.94,8.12,0
167.658,17.41,1.55,8.21,0
167.688,18.51,0.09,8.23,0
167.718,19.25,-1.01,8.22,0
167.748,18.7,-1.75,8.18,0
167.778,13.93,-1.2,8.13,0
167.808,9.72,3.57,8.17,0
167.838,12.65,7.78,8.34,0
167.868,15.21,4.85,8.53,0
167.898,16.86,2.29,8.64,0
167.928,18.15,0.64,8.68,0
167.958,19.06,-0.65,8.68,0
167.988,19.06,-1.56,8.65,0
168.018,16.86,-1.56,8.6,0
168.048,11.18,0.64,8.59,0
168.078,12.65,6.32,8.69,0
168.108,15.4,4.85,8.86,0
168.138,17.23,2.1,8.96,0
168.168,18.33,0.27,9,0
168.198,19.06,-0.83,8.99,0
168.228,18.7,-1.56,8.95,0
168.258,16.13,-1.2,8.91,0
168.288,10.63,1.37,8.92,0
168.318,13.56,6.87,9.04,0
168.348,15.76,3.94,9.2,0
168.378,17.23,1.74,9.29,0
168.408,18.33,0.27,9.32,0
168.438,19.25,-0.83,9.31,0
168.468,19.06,-1.75,9.27,0
168.498,15.76,-1.56,9.22,0
168.528,10.63,1.74,9.22,0
168.558,13.38,6.87,9.35,0
168.588,15.95,4.12,9.52,0
168.618,17.6,1.55,9.6,0
168.648,18.33,-0.1,9.62,0
168.678,18.15,-0.83,9.61,0
168.708,17.96,-0.65,9.59,0
168.738,17.78,-0.46,9.57,0
168.768,17.41,-0.28,9.56,0
168.798,17.05,0.09,9.56,0
168.828,16.68,0.45,9.56,0
168.858,16.86,0.64,9.58,0
168.889,17.41,-4.79,9.52,0
168.919,16.86,-10.76,9.29,0
168.949,13.93,-15.46,8.89,0
168.979,8.98,-13.93,8.45,0
169.009,5.5,-8.98,8.11,0
169.039,3.12,-5.5,7.89,0
169.069,1.47,-3.12,7.76,0
169.099,0.37,-1.47,7.69,0
169.129,0,-0.37,7.66,0
169.159,0,-0,7.66,0
169.189,0,-0,7.66,0
169.219,0,-0,7.66,0
169.249,0.19,-0,7.66,0
169.279,0,-0.19,7.66,0
169.309,0,-0,7.65,0
169.339,0,-0,7.65,0
169.369,0,-0,7.65,0
169.399,0,-0,7.65,0
169.429,0,-0,7.65,0
169.459,0,-0,7.65,0
169.489,0,-0,7.65,0
169.519,0,-0,7.65,0
169.549,0,-0,7.65,0
169.579,0,-0,7.65,0
169.609,0,-0,7.65,0
169.639,0,-0,7.65,0
169.669,0,-0,7.65,0
169.7,0,-0,7.65,0
169.73,0,-0,7.65,0
169.76,0,-0,7.65,0
169.79,0.19,-0,7.65,0
169.82,0,-0.19,7.65,0
169.85,0,-0,7.65,0
169.88,0,-0,7.65,0
169.91,0,-0,7.65,0
169.94,0,-0,7.65,0
169.97,0,-0,7.65,0
170,0,-0,7.65,0
170.03,0,-0,7.65,0
170.06,0,-0,7.65,0
170.09,0,-0,7.65,0
170.12,0,-0,7.65,0
170.15,0,-0,7.65,0
170.18,0,-0,7.65,0
170.21,0,-0,7.65,0
170.24,0,-0,7.65,0
170.27,0,-0,7.65,0
170.3,0,-0,7.65,0
170.33,0,-0,7.65,0
170.36,0,-0,7.65,0
170.39,0,-0,7.65,0
170.42,0,-0,7.65,0
170.45,0,-0,7.65,0
170.48,0,-0,7.65,0
170.51,0,-0,7.65,0
170.54,0,-0,7.65,0
170.57,0,-0,7.65,0
170.6,0,-0,7.65,0
170.63,0,-0,7.65,0
170.66,0,-0,7.65,0
170.69,0,-0,7.65,0
170.72,0,-0,7.64,0
170.75,0,-0,7.64,0
170.78,0,-0,7.64,0
170.81,0,-0,7.64,0
170.84,0,-0,7.64,0
170.87,0,-0,7.64,0
170.9,0,-0,7.64,0
170.93,0,-0,7.64,0
170.96,0,-0,7.64,0
170.99,0,-0,7.64,0
171.02,0,-0,7.64,0
171.05,0,-0,7.64,0
171.08,0,-0,7.64,0
171.11,0,-0,7.64,0
171.14,0,-0,7.64,0
171.17,0,-0,7.64,0
171.2,0,-0,7.64,0
171.23,0,-0,7.64,0
171.26,0,-0,7.64,0
171.29,0,-0,7.64,0
171.321,0,-0,7.64,0
171.351,0,-0,7.64,0
171.381,0,-0,7.64,0
171.411,0,-0,7.64,0
171.441,0,-0,7.64,0
171.471,0,-0,7.64,0
171.501,0,-0,7.64,0
171.531,0,-0,7.64,0
171.561,0,-0,7.64,0
171.591,0,-0,7.64,0
171.621,0,-0,7.64,0
171.651,0,-0,7.64,0
171.681,0,-0,7.64,0
171.711,0,-0,7.64,0
171.741,0,-0,7.64,0
171.771,0,-0,7.64,0
171.801,0,-0,7.64,0
171.831,0,-0,7.64,0
171.861,0,-0,7.64,0
171.891,0,-0,7.64,0
171.921,0,-0,7.64,0
171.951,0,-0,7.64,0
171.981,0,-0,7.64,0
172.011,0,-0,7.64,0
172.041,0,-0,7.64,0
172.071,0,-0,7.64,0
172.101,0,-0,7.64,0
172.132,0,-0,7.64,0
172.162,0,-0,7.64,0
172.192,0,-0,7.64,0
172.222,0,-0,7.64,0
172.252,0,-0,7.64,0
172.282,0,-0,7.64,0
172.312,0,-0,7.64,0
172.342,0,-0,7.64,0
172.372,0,-0,7.64,0
172.402,0,-0,7.64,0
172.432,0,-0,7.64,0
172.462,0,-0,7.64,0
172.492,0,-0,7.64,0
172.522,0,-0,7.64,0
172.552,0,-0,7.64,0
172.582,0,-0,7.64,0
172.612,0,-0,7.64,0
172.642,0,-0,7.64,0
172.672,0,-0,7.64,0
172.702,0,-0,7.64,0
172.732,0,-0,7.64,0
172.762,0,-0,7.64,0
172.792,0,-0,7.64,0
172.822,0,-0,7.64,0
172.852,0,-0,7.64,0
172.882,0,-0,7.64,0
172.912,0,-0,7.64,0
172.942,0,-0,7.64,0
172.972,0,-0,7.64,0
173.002,0,-0,7.64,0
173.032,0,-0,7.64,0
173.062,0,-0,7.64,0
173.092,0,-0,7.64,0
173.122,0,-0,7.64,0
173.152,0,-0,7.64,0
173.182,0,-0,7.64,0
173.212,0,-0,7.64,0
173.242,0,-0,7.64,0
173.272,0,-0,7.64,0
173.302,0,-0,7.64,0
173.332,0,-0,7.64,0
173.362,0,-0,7.64,0
173.392,0,-0,7.64,0
173.422,0,-0,7.64,0
173.452,0,-0,7.64,0
173.482,0,-0,7.64,0
173.512,0,-0,7.64,0
173.542,0,-0,7.64,0
173.572,0,-0,7.64,0
173.602,0,-0,7.64,0
173.632,0,-0,7.64,0
173.662,0,-0,7.64,0
173.692,0,-0,7.64,0
173.722,0,-0,7.64,0
173.753,0,-0,7.64,0
173.783,0,-0,7.64,0
173.813,0,-0,7.64,0
173.843,0,-0,7.64,0
173.873,0,-0,7.64,0
173.903,0,-0,7.64,0
173.933,0,-0,7.64,0
173.963,0,-0,7.64,0
173.993,0,-0,7.64,0
174.023,0,-0,7.64,0
174.053,0,-0,7.64,0
174.083,0,-0,7.64,0
174.113,0,-0,7.64,0
174.143,0,-0,7.64,0
174.173,0,-0,7.64,0
174.203,0,-0,7.64,0
174.233,0,-0,7.64,0
174.263,0,-0,7.64,0
174.293,0,-0,7.64,0
174.323,0,-0,7.64,0
174.353,0,-0,7.64,0
174.383,0,-0,7.64,0
174.413,0,-0,7.64,0
174.443,0,-0,7.64,0
174.473,0,-0,7.64,0
174.503,0,-0,7.64,0
174.533,0,-0,7.64,0
174.564,0,-0,7.64,0
174.594,0,-0,7.64,0
174.624,0,-0,7.64,0
174.654,0,-0,7.64,0
174.684,0,-0,7.64,0
174.714,0,-0,7.64,0
174.744,0,-0,7.64,0
174.774,0,-0,7.64,0
174.804,0,-0,7.64,0
174.834,0,-0,7.64,0
174.864,0,-0,7.64,0
174.894,0,-0,7.64,0
174.924,0,-0,7.64,0
174.954,0,-0,7.64,0
174.984,0,-0,7.64,0
175.014,0,-0,7.64,0
175.044,0,-0,7.64,0
175.074,0,-0,7.64,0
175.104,0,-0,7.64,0
175.134,0,-0,7.64,0
175.164,0,-0,7.64,0
